/Users/chaiyong/Downloads/matcha/js_repos/create-react-app/test/fixtures/jsconfig/src/App.js_#32#40,/Users/chaiyong/Downloads/matcha/javascript_files_splits/split_15/51580653/51580653_2_recent.js_#33#44,/Users/chaiyong/Downloads/matcha/javascript_files_splits/split_15/51580653/51580653_2_original.js_#32#43,/Users/chaiyong/Downloads/matcha/javascript_files_splits/split_15/51580653/51580653_2_178792202.js_#33#44,/Users/chaiyong/Downloads/matcha/javascript_files_splits/split_15/51580653/51580653_2_178652358.js_#33#44,/Users/chaiyong/Downloads/matcha/javascript_files_splits/split_15/51580653/51580653_2_178651813.js_#32#43,/Users/chaiyong/Downloads/matcha/javascript_files_splits/split_18/58848523/58848523_2_recent.js_#39#76,/Users/chaiyong/Downloads/matcha/javascript_files_splits/split_18/58848523/58848523_2_209493382.js_#39#76,/Users/chaiyong/Downloads/matcha/javascript_files_splits/split_18/58848523/58848523_2_original.js_#29#62,/Users/chaiyong/Downloads/matcha/javascript_files_splits/split_18/58848523/58848523_2_209168379.js_#29#62,/Users/chaiyong/Downloads/matcha/javascript_files_splits/split_19/63998263/63998263_3_recent.js_#34#47,/Users/chaiyong/Downloads/matcha/javascript_files_splits/split_19/63998263/63998263_3_original.js_#34#47,/Users/chaiyong/Downloads/matcha/javascript_files_splits/split_19/63998263/63998263_3_231278643.js_#34#47,/Users/chaiyong/Downloads/matcha/javascript_files_splits/split_19/63998263/63998263_3_231278409.js_#34#47,/Users/chaiyong/Downloads/matcha/javascript_files_splits/split_15/51126750/51126750_2_recent.js_#24#34,/Users/chaiyong/Downloads/matcha/javascript_files_splits/split_15/51126750/51126750_2_original.js_#24#34,/Users/chaiyong/Downloads/matcha/javascript_files_splits/split_15/51126750/51126750_2_176999160.js_#24#34,/Users/chaiyong/Downloads/matcha/javascript_files_splits/split_15/51126750/51126750_2_176710568.js_#24#34,/Users/chaiyong/Downloads/matcha/javascript_files_splits/split_15/51126750/51126750_2_176710275.js_#24#34,/Users/chaiyong/Downloads/matcha/javascript_files_splits/split_15/51126750/51126750_2_176710150.js_#24#34,/Users/chaiyong/Downloads/matcha/javascript_files_splits/split_16/52164854/52164854_2_recent.js_#19#35,/Users/chaiyong/Downloads/matcha/javascript_files_splits/split_16/52164854/52164854_2_original.js_#19#35,/Users/chaiyong/Downloads/matcha/javascript_files_splits/split_16/52164854/52164854_2_181110572.js_#19#35,/Users/chaiyong/Downloads/matcha/javascript_files_splits/split_16/52164854/52164854_2_181080192.js_#19#35,/Users/chaiyong/Downloads/matcha/javascript_files_splits/split_15/51830813/51830813_2_recent.js_#24#37,/Users/chaiyong/Downloads/matcha/javascript_files_splits/split_15/51830813/51830813_2_original.js_#24#37,/Users/chaiyong/Downloads/matcha/javascript_files_splits/split_15/51830813/51830813_2_179689784.js_#24#37,/Users/chaiyong/Downloads/matcha/javascript_files_splits/split_15/51830813/51830813_2_179688889.js_#24#37,/Users/chaiyong/Downloads/matcha/javascript_files_splits/split_16/53606134/53606134_2_recent.js_#9#35,/Users/chaiyong/Downloads/matcha/javascript_files_splits/split_16/53606134/53606134_2_original.js_#9#35,/Users/chaiyong/Downloads/matcha/javascript_files_splits/split_16/53606134/53606134_2_187100501.js_#9#35,/Users/chaiyong/Downloads/matcha/javascript_files_splits/split_16/53606134/53606134_2_187099288.js_#9#35,/Users/chaiyong/Downloads/matcha/javascript_files_splits/split_16/53606134/53606134_2_187098795.js_#9#35,/Users/chaiyong/Downloads/matcha/javascript_files_splits/split_17/55518951/55518951_2_original.js_#41#62,/Users/chaiyong/Downloads/matcha/javascript_files_splits/split_17/55518951/55518951_2_195113728.js_#41#62,/Users/chaiyong/Downloads/matcha/javascript_files_splits/split_19/64624191/64624191_2_233995459.js_#24#36,/Users/chaiyong/Downloads/matcha/javascript_files_splits/split_14/47861035/47861035_2_original.js_#17#46,/Users/chaiyong/Downloads/matcha/javascript_files_splits/split_14/47861035/47861035_2_162997177.js_#17#46,/Users/chaiyong/Downloads/matcha/javascript_files_splits/split_15/51794689/51794689_2_recent.js_#27#37,/Users/chaiyong/Downloads/matcha/javascript_files_splits/split_15/51794689/51794689_2_original.js_#10#20,/Users/chaiyong/Downloads/matcha/javascript_files_splits/split_15/51794689/51794689_2_179530367.js_#27#37,/Users/chaiyong/Downloads/matcha/javascript_files_splits/split_15/51794689/51794689_2_179529888.js_#10#20,/Users/chaiyong/Downloads/matcha/javascript_files_splits/split_18/59071336/59071336_2_original.js_#30#62,/Users/chaiyong/Downloads/matcha/javascript_files_splits/split_18/59071336/59071336_2_210091102.js_#30#62,/Users/chaiyong/Downloads/matcha/javascript_files_splits/split_16/54991788/54991788_2_192901834.js_#19#37,/Users/chaiyong/Downloads/matcha/javascript_files_splits/split_13/45771078/45771078_2_original.js_#33#59,/Users/chaiyong/Downloads/matcha/javascript_files_splits/split_13/45771078/45771078_2_154314815.js_#33#59,/Users/chaiyong/Downloads/matcha/javascript_files_splits/split_18/60789164/60789164_4_recent.js_#42#66,/Users/chaiyong/Downloads/matcha/javascript_files_splits/split_18/60789164/60789164_4_original.js_#42#66,/Users/chaiyong/Downloads/matcha/javascript_files_splits/split_18/60789164/60789164_4_217392332.js_#42#66,/Users/chaiyong/Downloads/matcha/javascript_files_splits/split_18/60789164/60789164_4_217389741.js_#42#66,/Users/chaiyong/Downloads/matcha/javascript_files_splits/split_19/64386286/64386286_1_recent.js_#34#67,/Users/chaiyong/Downloads/matcha/javascript_files_splits/split_19/64386286/64386286_1_original.js_#34#67,/Users/chaiyong/Downloads/matcha/javascript_files_splits/split_19/64386286/64386286_1_232947702.js_#34#67,/Users/chaiyong/Downloads/matcha/javascript_files_splits/split_19/64386286/64386286_1_232944713.js_#34#67,/Users/chaiyong/Downloads/matcha/javascript_files_splits/split_13/45771078/45771078_2_recent.js_#36#62,/Users/chaiyong/Downloads/matcha/javascript_files_splits/split_13/45771078/45771078_2_154345055.js_#36#62,/Users/chaiyong/Downloads/matcha/javascript_files_splits/split_13/45771078/45771078_2_154321457.js_#43#69,/Users/chaiyong/Downloads/matcha/javascript_files_splits/split_13/45771078/45771078_2_154321090.js_#46#72
/Users/chaiyong/Downloads/matcha/js_repos/create-react-app/packages/react-scripts/fixtures/kitchensink/template/src/features/config/BaseUrl.js_#31#39,/Users/chaiyong/Downloads/matcha/javascript_files_splits/split_18/58848523/58848523_2_recent.js_#39#76,/Users/chaiyong/Downloads/matcha/javascript_files_splits/split_18/58848523/58848523_2_209493382.js_#39#76,/Users/chaiyong/Downloads/matcha/javascript_files_splits/split_18/58848523/58848523_2_original.js_#29#62,/Users/chaiyong/Downloads/matcha/javascript_files_splits/split_18/58848523/58848523_2_209168379.js_#29#62,/Users/chaiyong/Downloads/matcha/javascript_files_splits/split_19/63998263/63998263_3_recent.js_#34#47,/Users/chaiyong/Downloads/matcha/javascript_files_splits/split_19/63998263/63998263_3_original.js_#34#47,/Users/chaiyong/Downloads/matcha/javascript_files_splits/split_19/63998263/63998263_3_231278643.js_#34#47,/Users/chaiyong/Downloads/matcha/javascript_files_splits/split_19/63998263/63998263_3_231278409.js_#34#47,/Users/chaiyong/Downloads/matcha/javascript_files_splits/split_15/51126750/51126750_2_recent.js_#24#34,/Users/chaiyong/Downloads/matcha/javascript_files_splits/split_15/51126750/51126750_2_original.js_#24#34,/Users/chaiyong/Downloads/matcha/javascript_files_splits/split_15/51126750/51126750_2_176999160.js_#24#34,/Users/chaiyong/Downloads/matcha/javascript_files_splits/split_15/51126750/51126750_2_176710568.js_#24#34,/Users/chaiyong/Downloads/matcha/javascript_files_splits/split_15/51126750/51126750_2_176710275.js_#24#34,/Users/chaiyong/Downloads/matcha/javascript_files_splits/split_15/51126750/51126750_2_176710150.js_#24#34,/Users/chaiyong/Downloads/matcha/javascript_files_splits/split_16/52947503/52947503_2_recent.js_#48#66,/Users/chaiyong/Downloads/matcha/javascript_files_splits/split_16/52947503/52947503_2_original.js_#48#66,/Users/chaiyong/Downloads/matcha/javascript_files_splits/split_16/52947503/52947503_2_184340432.js_#48#66,/Users/chaiyong/Downloads/matcha/javascript_files_splits/split_16/52947503/52947503_2_184338667.js_#48#66,/Users/chaiyong/Downloads/matcha/javascript_files_splits/split_16/53606134/53606134_2_recent.js_#9#35,/Users/chaiyong/Downloads/matcha/javascript_files_splits/split_16/53606134/53606134_2_original.js_#9#35,/Users/chaiyong/Downloads/matcha/javascript_files_splits/split_16/53606134/53606134_2_187100501.js_#9#35,/Users/chaiyong/Downloads/matcha/javascript_files_splits/split_16/53606134/53606134_2_187099288.js_#9#35,/Users/chaiyong/Downloads/matcha/javascript_files_splits/split_16/53606134/53606134_2_187098795.js_#9#35,/Users/chaiyong/Downloads/matcha/javascript_files_splits/split_19/64386286/64386286_1_recent.js_#34#67,/Users/chaiyong/Downloads/matcha/javascript_files_splits/split_19/64386286/64386286_1_original.js_#34#67,/Users/chaiyong/Downloads/matcha/javascript_files_splits/split_19/64386286/64386286_1_232947702.js_#34#67,/Users/chaiyong/Downloads/matcha/javascript_files_splits/split_19/64386286/64386286_1_232944713.js_#34#67
/Users/chaiyong/Downloads/matcha/js_repos/create-react-app/packages/react-scripts/fixtures/kitchensink/template/src/features/env/ExpandEnvVariables.js_#10#21,/Users/chaiyong/Downloads/matcha/javascript_files_splits/split_18/61064727/61064727_8_original.js_#32#38,/Users/chaiyong/Downloads/matcha/javascript_files_splits/split_18/61064727/61064727_8_218573787.js_#32#38
/Users/chaiyong/Downloads/matcha/js_repos/create-react-app/packages/react-scripts/fixtures/kitchensink/template/src/features/syntax/TemplateInterpolation.js_#39#47,/Users/chaiyong/Downloads/matcha/javascript_files_splits/split_18/58848523/58848523_2_recent.js_#39#76,/Users/chaiyong/Downloads/matcha/javascript_files_splits/split_18/58848523/58848523_2_209493382.js_#39#76,/Users/chaiyong/Downloads/matcha/javascript_files_splits/split_18/58848523/58848523_2_original.js_#29#62,/Users/chaiyong/Downloads/matcha/javascript_files_splits/split_18/58848523/58848523_2_209168379.js_#29#62,/Users/chaiyong/Downloads/matcha/javascript_files_splits/split_19/63998263/63998263_3_recent.js_#34#47,/Users/chaiyong/Downloads/matcha/javascript_files_splits/split_19/63998263/63998263_3_original.js_#34#47,/Users/chaiyong/Downloads/matcha/javascript_files_splits/split_19/63998263/63998263_3_231278643.js_#34#47,/Users/chaiyong/Downloads/matcha/javascript_files_splits/split_19/63998263/63998263_3_231278409.js_#34#47,/Users/chaiyong/Downloads/matcha/javascript_files_splits/split_15/51126750/51126750_2_recent.js_#24#34,/Users/chaiyong/Downloads/matcha/javascript_files_splits/split_15/51126750/51126750_2_original.js_#24#34,/Users/chaiyong/Downloads/matcha/javascript_files_splits/split_15/51126750/51126750_2_176999160.js_#24#34,/Users/chaiyong/Downloads/matcha/javascript_files_splits/split_15/51126750/51126750_2_176710568.js_#24#34,/Users/chaiyong/Downloads/matcha/javascript_files_splits/split_15/51126750/51126750_2_176710275.js_#24#34,/Users/chaiyong/Downloads/matcha/javascript_files_splits/split_15/51126750/51126750_2_176710150.js_#24#34,/Users/chaiyong/Downloads/matcha/javascript_files_splits/split_16/52947503/52947503_2_recent.js_#48#66,/Users/chaiyong/Downloads/matcha/javascript_files_splits/split_16/52947503/52947503_2_original.js_#48#66,/Users/chaiyong/Downloads/matcha/javascript_files_splits/split_16/52947503/52947503_2_184340432.js_#48#66,/Users/chaiyong/Downloads/matcha/javascript_files_splits/split_16/52947503/52947503_2_184338667.js_#48#66,/Users/chaiyong/Downloads/matcha/javascript_files_splits/split_16/53606134/53606134_2_recent.js_#9#35,/Users/chaiyong/Downloads/matcha/javascript_files_splits/split_16/53606134/53606134_2_original.js_#9#35,/Users/chaiyong/Downloads/matcha/javascript_files_splits/split_16/53606134/53606134_2_187100501.js_#9#35,/Users/chaiyong/Downloads/matcha/javascript_files_splits/split_16/53606134/53606134_2_187099288.js_#9#35,/Users/chaiyong/Downloads/matcha/javascript_files_splits/split_16/53606134/53606134_2_187098795.js_#9#35,/Users/chaiyong/Downloads/matcha/javascript_files_splits/split_19/64386286/64386286_1_recent.js_#34#67,/Users/chaiyong/Downloads/matcha/javascript_files_splits/split_19/64386286/64386286_1_original.js_#34#67,/Users/chaiyong/Downloads/matcha/javascript_files_splits/split_19/64386286/64386286_1_232947702.js_#34#67,/Users/chaiyong/Downloads/matcha/javascript_files_splits/split_19/64386286/64386286_1_232944713.js_#34#67
/Users/chaiyong/Downloads/matcha/js_repos/create-react-app/packages/react-scripts/fixtures/kitchensink/template/src/features/syntax/DestructuringAndAwait.js_#41#49,/Users/chaiyong/Downloads/matcha/javascript_files_splits/split_18/58848523/58848523_2_recent.js_#39#76,/Users/chaiyong/Downloads/matcha/javascript_files_splits/split_18/58848523/58848523_2_209493382.js_#39#76,/Users/chaiyong/Downloads/matcha/javascript_files_splits/split_18/58848523/58848523_2_original.js_#29#62,/Users/chaiyong/Downloads/matcha/javascript_files_splits/split_18/58848523/58848523_2_209168379.js_#29#62,/Users/chaiyong/Downloads/matcha/javascript_files_splits/split_19/63998263/63998263_3_recent.js_#34#47,/Users/chaiyong/Downloads/matcha/javascript_files_splits/split_19/63998263/63998263_3_original.js_#34#47,/Users/chaiyong/Downloads/matcha/javascript_files_splits/split_19/63998263/63998263_3_231278643.js_#34#47,/Users/chaiyong/Downloads/matcha/javascript_files_splits/split_19/63998263/63998263_3_231278409.js_#34#47,/Users/chaiyong/Downloads/matcha/javascript_files_splits/split_15/51126750/51126750_2_recent.js_#24#34,/Users/chaiyong/Downloads/matcha/javascript_files_splits/split_15/51126750/51126750_2_original.js_#24#34,/Users/chaiyong/Downloads/matcha/javascript_files_splits/split_15/51126750/51126750_2_176999160.js_#24#34,/Users/chaiyong/Downloads/matcha/javascript_files_splits/split_15/51126750/51126750_2_176710568.js_#24#34,/Users/chaiyong/Downloads/matcha/javascript_files_splits/split_15/51126750/51126750_2_176710275.js_#24#34,/Users/chaiyong/Downloads/matcha/javascript_files_splits/split_15/51126750/51126750_2_176710150.js_#24#34,/Users/chaiyong/Downloads/matcha/javascript_files_splits/split_16/52947503/52947503_2_recent.js_#48#66,/Users/chaiyong/Downloads/matcha/javascript_files_splits/split_16/52947503/52947503_2_original.js_#48#66,/Users/chaiyong/Downloads/matcha/javascript_files_splits/split_16/52947503/52947503_2_184340432.js_#48#66,/Users/chaiyong/Downloads/matcha/javascript_files_splits/split_16/52947503/52947503_2_184338667.js_#48#66,/Users/chaiyong/Downloads/matcha/javascript_files_splits/split_16/53606134/53606134_2_recent.js_#9#35,/Users/chaiyong/Downloads/matcha/javascript_files_splits/split_16/53606134/53606134_2_original.js_#9#35,/Users/chaiyong/Downloads/matcha/javascript_files_splits/split_16/53606134/53606134_2_187100501.js_#9#35,/Users/chaiyong/Downloads/matcha/javascript_files_splits/split_16/53606134/53606134_2_187099288.js_#9#35,/Users/chaiyong/Downloads/matcha/javascript_files_splits/split_16/53606134/53606134_2_187098795.js_#9#35,/Users/chaiyong/Downloads/matcha/javascript_files_splits/split_19/64386286/64386286_1_recent.js_#34#67,/Users/chaiyong/Downloads/matcha/javascript_files_splits/split_19/64386286/64386286_1_original.js_#34#67,/Users/chaiyong/Downloads/matcha/javascript_files_splits/split_19/64386286/64386286_1_232947702.js_#34#67,/Users/chaiyong/Downloads/matcha/javascript_files_splits/split_19/64386286/64386286_1_232944713.js_#34#67
/Users/chaiyong/Downloads/matcha/js_repos/create-react-app/packages/react-scripts/fixtures/kitchensink/template/src/features/syntax/RestAndDefault.js_#39#47,/Users/chaiyong/Downloads/matcha/javascript_files_splits/split_18/58848523/58848523_2_recent.js_#39#76,/Users/chaiyong/Downloads/matcha/javascript_files_splits/split_18/58848523/58848523_2_209493382.js_#39#76,/Users/chaiyong/Downloads/matcha/javascript_files_splits/split_18/58848523/58848523_2_original.js_#29#62,/Users/chaiyong/Downloads/matcha/javascript_files_splits/split_18/58848523/58848523_2_209168379.js_#29#62,/Users/chaiyong/Downloads/matcha/javascript_files_splits/split_19/63998263/63998263_3_recent.js_#34#47,/Users/chaiyong/Downloads/matcha/javascript_files_splits/split_19/63998263/63998263_3_original.js_#34#47,/Users/chaiyong/Downloads/matcha/javascript_files_splits/split_19/63998263/63998263_3_231278643.js_#34#47,/Users/chaiyong/Downloads/matcha/javascript_files_splits/split_19/63998263/63998263_3_231278409.js_#34#47,/Users/chaiyong/Downloads/matcha/javascript_files_splits/split_15/51126750/51126750_2_recent.js_#24#34,/Users/chaiyong/Downloads/matcha/javascript_files_splits/split_15/51126750/51126750_2_original.js_#24#34,/Users/chaiyong/Downloads/matcha/javascript_files_splits/split_15/51126750/51126750_2_176999160.js_#24#34,/Users/chaiyong/Downloads/matcha/javascript_files_splits/split_15/51126750/51126750_2_176710568.js_#24#34,/Users/chaiyong/Downloads/matcha/javascript_files_splits/split_15/51126750/51126750_2_176710275.js_#24#34,/Users/chaiyong/Downloads/matcha/javascript_files_splits/split_15/51126750/51126750_2_176710150.js_#24#34,/Users/chaiyong/Downloads/matcha/javascript_files_splits/split_16/52947503/52947503_2_recent.js_#48#66,/Users/chaiyong/Downloads/matcha/javascript_files_splits/split_16/52947503/52947503_2_original.js_#48#66,/Users/chaiyong/Downloads/matcha/javascript_files_splits/split_16/52947503/52947503_2_184340432.js_#48#66,/Users/chaiyong/Downloads/matcha/javascript_files_splits/split_16/52947503/52947503_2_184338667.js_#48#66,/Users/chaiyong/Downloads/matcha/javascript_files_splits/split_16/53606134/53606134_2_recent.js_#9#35,/Users/chaiyong/Downloads/matcha/javascript_files_splits/split_16/53606134/53606134_2_original.js_#9#35,/Users/chaiyong/Downloads/matcha/javascript_files_splits/split_16/53606134/53606134_2_187100501.js_#9#35,/Users/chaiyong/Downloads/matcha/javascript_files_splits/split_16/53606134/53606134_2_187099288.js_#9#35,/Users/chaiyong/Downloads/matcha/javascript_files_splits/split_16/53606134/53606134_2_187098795.js_#9#35,/Users/chaiyong/Downloads/matcha/javascript_files_splits/split_19/64386286/64386286_1_recent.js_#34#67,/Users/chaiyong/Downloads/matcha/javascript_files_splits/split_19/64386286/64386286_1_original.js_#34#67,/Users/chaiyong/Downloads/matcha/javascript_files_splits/split_19/64386286/64386286_1_232947702.js_#34#67,/Users/chaiyong/Downloads/matcha/javascript_files_splits/split_19/64386286/64386286_1_232944713.js_#34#67
/Users/chaiyong/Downloads/matcha/js_repos/create-react-app/packages/react-scripts/fixtures/kitchensink/template/src/features/syntax/ArraySpread.js_#39#47,/Users/chaiyong/Downloads/matcha/javascript_files_splits/split_18/58848523/58848523_2_recent.js_#39#76,/Users/chaiyong/Downloads/matcha/javascript_files_splits/split_18/58848523/58848523_2_209493382.js_#39#76,/Users/chaiyong/Downloads/matcha/javascript_files_splits/split_18/58848523/58848523_2_original.js_#29#62,/Users/chaiyong/Downloads/matcha/javascript_files_splits/split_18/58848523/58848523_2_209168379.js_#29#62,/Users/chaiyong/Downloads/matcha/javascript_files_splits/split_19/63998263/63998263_3_recent.js_#34#47,/Users/chaiyong/Downloads/matcha/javascript_files_splits/split_19/63998263/63998263_3_original.js_#34#47,/Users/chaiyong/Downloads/matcha/javascript_files_splits/split_19/63998263/63998263_3_231278643.js_#34#47,/Users/chaiyong/Downloads/matcha/javascript_files_splits/split_19/63998263/63998263_3_231278409.js_#34#47,/Users/chaiyong/Downloads/matcha/javascript_files_splits/split_15/51126750/51126750_2_recent.js_#24#34,/Users/chaiyong/Downloads/matcha/javascript_files_splits/split_15/51126750/51126750_2_original.js_#24#34,/Users/chaiyong/Downloads/matcha/javascript_files_splits/split_15/51126750/51126750_2_176999160.js_#24#34,/Users/chaiyong/Downloads/matcha/javascript_files_splits/split_15/51126750/51126750_2_176710568.js_#24#34,/Users/chaiyong/Downloads/matcha/javascript_files_splits/split_15/51126750/51126750_2_176710275.js_#24#34,/Users/chaiyong/Downloads/matcha/javascript_files_splits/split_15/51126750/51126750_2_176710150.js_#24#34,/Users/chaiyong/Downloads/matcha/javascript_files_splits/split_16/52947503/52947503_2_recent.js_#48#66,/Users/chaiyong/Downloads/matcha/javascript_files_splits/split_16/52947503/52947503_2_original.js_#48#66,/Users/chaiyong/Downloads/matcha/javascript_files_splits/split_16/52947503/52947503_2_184340432.js_#48#66,/Users/chaiyong/Downloads/matcha/javascript_files_splits/split_16/52947503/52947503_2_184338667.js_#48#66,/Users/chaiyong/Downloads/matcha/javascript_files_splits/split_16/53606134/53606134_2_recent.js_#9#35,/Users/chaiyong/Downloads/matcha/javascript_files_splits/split_16/53606134/53606134_2_original.js_#9#35,/Users/chaiyong/Downloads/matcha/javascript_files_splits/split_16/53606134/53606134_2_187100501.js_#9#35,/Users/chaiyong/Downloads/matcha/javascript_files_splits/split_16/53606134/53606134_2_187099288.js_#9#35,/Users/chaiyong/Downloads/matcha/javascript_files_splits/split_16/53606134/53606134_2_187098795.js_#9#35,/Users/chaiyong/Downloads/matcha/javascript_files_splits/split_19/64386286/64386286_1_recent.js_#34#67,/Users/chaiyong/Downloads/matcha/javascript_files_splits/split_19/64386286/64386286_1_original.js_#34#67,/Users/chaiyong/Downloads/matcha/javascript_files_splits/split_19/64386286/64386286_1_232947702.js_#34#67,/Users/chaiyong/Downloads/matcha/javascript_files_splits/split_19/64386286/64386286_1_232944713.js_#34#67
/Users/chaiyong/Downloads/matcha/js_repos/create-react-app/packages/react-scripts/fixtures/kitchensink/template/src/features/syntax/CustomInterpolation.js_#18#25,/Users/chaiyong/Downloads/matcha/javascript_files_splits/split_18/60877739/60877739_2_recent.js_#15#59,/Users/chaiyong/Downloads/matcha/javascript_files_splits/split_18/60877739/60877739_2_original.js_#16#60,/Users/chaiyong/Downloads/matcha/javascript_files_splits/split_18/60877739/60877739_2_217768824.js_#15#59,/Users/chaiyong/Downloads/matcha/javascript_files_splits/split_18/60877739/60877739_2_217768579.js_#16#60
/Users/chaiyong/Downloads/matcha/js_repos/create-react-app/packages/react-scripts/fixtures/kitchensink/template/src/features/syntax/ClassProperties.js_#27#35,/Users/chaiyong/Downloads/matcha/javascript_files_splits/split_18/58848523/58848523_2_recent.js_#39#76,/Users/chaiyong/Downloads/matcha/javascript_files_splits/split_18/58848523/58848523_2_209493382.js_#39#76,/Users/chaiyong/Downloads/matcha/javascript_files_splits/split_18/58848523/58848523_2_original.js_#29#62,/Users/chaiyong/Downloads/matcha/javascript_files_splits/split_18/58848523/58848523_2_209168379.js_#29#62,/Users/chaiyong/Downloads/matcha/javascript_files_splits/split_19/63998263/63998263_3_recent.js_#34#47,/Users/chaiyong/Downloads/matcha/javascript_files_splits/split_19/63998263/63998263_3_original.js_#34#47,/Users/chaiyong/Downloads/matcha/javascript_files_splits/split_19/63998263/63998263_3_231278643.js_#34#47,/Users/chaiyong/Downloads/matcha/javascript_files_splits/split_19/63998263/63998263_3_231278409.js_#34#47,/Users/chaiyong/Downloads/matcha/javascript_files_splits/split_15/51126750/51126750_2_recent.js_#24#34,/Users/chaiyong/Downloads/matcha/javascript_files_splits/split_15/51126750/51126750_2_original.js_#24#34,/Users/chaiyong/Downloads/matcha/javascript_files_splits/split_15/51126750/51126750_2_176999160.js_#24#34,/Users/chaiyong/Downloads/matcha/javascript_files_splits/split_15/51126750/51126750_2_176710568.js_#24#34,/Users/chaiyong/Downloads/matcha/javascript_files_splits/split_15/51126750/51126750_2_176710275.js_#24#34,/Users/chaiyong/Downloads/matcha/javascript_files_splits/split_15/51126750/51126750_2_176710150.js_#24#34,/Users/chaiyong/Downloads/matcha/javascript_files_splits/split_16/52947503/52947503_2_recent.js_#48#66,/Users/chaiyong/Downloads/matcha/javascript_files_splits/split_16/52947503/52947503_2_original.js_#48#66,/Users/chaiyong/Downloads/matcha/javascript_files_splits/split_16/52947503/52947503_2_184340432.js_#48#66,/Users/chaiyong/Downloads/matcha/javascript_files_splits/split_16/52947503/52947503_2_184338667.js_#48#66,/Users/chaiyong/Downloads/matcha/javascript_files_splits/split_16/53606134/53606134_2_recent.js_#9#35,/Users/chaiyong/Downloads/matcha/javascript_files_splits/split_16/53606134/53606134_2_original.js_#9#35,/Users/chaiyong/Downloads/matcha/javascript_files_splits/split_16/53606134/53606134_2_187100501.js_#9#35,/Users/chaiyong/Downloads/matcha/javascript_files_splits/split_16/53606134/53606134_2_187099288.js_#9#35,/Users/chaiyong/Downloads/matcha/javascript_files_splits/split_16/53606134/53606134_2_187098795.js_#9#35,/Users/chaiyong/Downloads/matcha/javascript_files_splits/split_18/59071336/59071336_2_original.js_#30#62,/Users/chaiyong/Downloads/matcha/javascript_files_splits/split_18/59071336/59071336_2_210091102.js_#30#62,/Users/chaiyong/Downloads/matcha/javascript_files_splits/split_18/59071336/59071336_2_recent.js_#30#54,/Users/chaiyong/Downloads/matcha/javascript_files_splits/split_18/59071336/59071336_2_210091630.js_#30#54,/Users/chaiyong/Downloads/matcha/javascript_files_splits/split_19/64386286/64386286_1_recent.js_#34#67,/Users/chaiyong/Downloads/matcha/javascript_files_splits/split_19/64386286/64386286_1_original.js_#34#67,/Users/chaiyong/Downloads/matcha/javascript_files_splits/split_19/64386286/64386286_1_232947702.js_#34#67,/Users/chaiyong/Downloads/matcha/javascript_files_splits/split_19/64386286/64386286_1_232944713.js_#34#67
/Users/chaiyong/Downloads/matcha/js_repos/create-react-app/packages/react-scripts/fixtures/kitchensink/template/src/features/syntax/Promises.js_#40#48,/Users/chaiyong/Downloads/matcha/javascript_files_splits/split_18/58848523/58848523_2_recent.js_#39#76,/Users/chaiyong/Downloads/matcha/javascript_files_splits/split_18/58848523/58848523_2_209493382.js_#39#76,/Users/chaiyong/Downloads/matcha/javascript_files_splits/split_18/58848523/58848523_2_original.js_#29#62,/Users/chaiyong/Downloads/matcha/javascript_files_splits/split_18/58848523/58848523_2_209168379.js_#29#62,/Users/chaiyong/Downloads/matcha/javascript_files_splits/split_19/63998263/63998263_3_recent.js_#34#47,/Users/chaiyong/Downloads/matcha/javascript_files_splits/split_19/63998263/63998263_3_original.js_#34#47,/Users/chaiyong/Downloads/matcha/javascript_files_splits/split_19/63998263/63998263_3_231278643.js_#34#47,/Users/chaiyong/Downloads/matcha/javascript_files_splits/split_19/63998263/63998263_3_231278409.js_#34#47,/Users/chaiyong/Downloads/matcha/javascript_files_splits/split_15/51126750/51126750_2_recent.js_#24#34,/Users/chaiyong/Downloads/matcha/javascript_files_splits/split_15/51126750/51126750_2_original.js_#24#34,/Users/chaiyong/Downloads/matcha/javascript_files_splits/split_15/51126750/51126750_2_176999160.js_#24#34,/Users/chaiyong/Downloads/matcha/javascript_files_splits/split_15/51126750/51126750_2_176710568.js_#24#34,/Users/chaiyong/Downloads/matcha/javascript_files_splits/split_15/51126750/51126750_2_176710275.js_#24#34,/Users/chaiyong/Downloads/matcha/javascript_files_splits/split_15/51126750/51126750_2_176710150.js_#24#34,/Users/chaiyong/Downloads/matcha/javascript_files_splits/split_16/52947503/52947503_2_recent.js_#48#66,/Users/chaiyong/Downloads/matcha/javascript_files_splits/split_16/52947503/52947503_2_original.js_#48#66,/Users/chaiyong/Downloads/matcha/javascript_files_splits/split_16/52947503/52947503_2_184340432.js_#48#66,/Users/chaiyong/Downloads/matcha/javascript_files_splits/split_16/52947503/52947503_2_184338667.js_#48#66,/Users/chaiyong/Downloads/matcha/javascript_files_splits/split_16/53606134/53606134_2_recent.js_#9#35,/Users/chaiyong/Downloads/matcha/javascript_files_splits/split_16/53606134/53606134_2_original.js_#9#35,/Users/chaiyong/Downloads/matcha/javascript_files_splits/split_16/53606134/53606134_2_187100501.js_#9#35,/Users/chaiyong/Downloads/matcha/javascript_files_splits/split_16/53606134/53606134_2_187099288.js_#9#35,/Users/chaiyong/Downloads/matcha/javascript_files_splits/split_16/53606134/53606134_2_187098795.js_#9#35,/Users/chaiyong/Downloads/matcha/javascript_files_splits/split_19/64386286/64386286_1_recent.js_#34#67,/Users/chaiyong/Downloads/matcha/javascript_files_splits/split_19/64386286/64386286_1_original.js_#34#67,/Users/chaiyong/Downloads/matcha/javascript_files_splits/split_19/64386286/64386286_1_232947702.js_#34#67,/Users/chaiyong/Downloads/matcha/javascript_files_splits/split_19/64386286/64386286_1_232944713.js_#34#67
/Users/chaiyong/Downloads/matcha/js_repos/create-react-app/packages/react-scripts/fixtures/kitchensink/template/src/features/syntax/RestParameters.js_#39#47,/Users/chaiyong/Downloads/matcha/javascript_files_splits/split_18/58848523/58848523_2_recent.js_#39#76,/Users/chaiyong/Downloads/matcha/javascript_files_splits/split_18/58848523/58848523_2_209493382.js_#39#76,/Users/chaiyong/Downloads/matcha/javascript_files_splits/split_18/58848523/58848523_2_original.js_#29#62,/Users/chaiyong/Downloads/matcha/javascript_files_splits/split_18/58848523/58848523_2_209168379.js_#29#62,/Users/chaiyong/Downloads/matcha/javascript_files_splits/split_19/63998263/63998263_3_recent.js_#34#47,/Users/chaiyong/Downloads/matcha/javascript_files_splits/split_19/63998263/63998263_3_original.js_#34#47,/Users/chaiyong/Downloads/matcha/javascript_files_splits/split_19/63998263/63998263_3_231278643.js_#34#47,/Users/chaiyong/Downloads/matcha/javascript_files_splits/split_19/63998263/63998263_3_231278409.js_#34#47,/Users/chaiyong/Downloads/matcha/javascript_files_splits/split_15/51126750/51126750_2_recent.js_#24#34,/Users/chaiyong/Downloads/matcha/javascript_files_splits/split_15/51126750/51126750_2_original.js_#24#34,/Users/chaiyong/Downloads/matcha/javascript_files_splits/split_15/51126750/51126750_2_176999160.js_#24#34,/Users/chaiyong/Downloads/matcha/javascript_files_splits/split_15/51126750/51126750_2_176710568.js_#24#34,/Users/chaiyong/Downloads/matcha/javascript_files_splits/split_15/51126750/51126750_2_176710275.js_#24#34,/Users/chaiyong/Downloads/matcha/javascript_files_splits/split_15/51126750/51126750_2_176710150.js_#24#34,/Users/chaiyong/Downloads/matcha/javascript_files_splits/split_16/52947503/52947503_2_recent.js_#48#66,/Users/chaiyong/Downloads/matcha/javascript_files_splits/split_16/52947503/52947503_2_original.js_#48#66,/Users/chaiyong/Downloads/matcha/javascript_files_splits/split_16/52947503/52947503_2_184340432.js_#48#66,/Users/chaiyong/Downloads/matcha/javascript_files_splits/split_16/52947503/52947503_2_184338667.js_#48#66,/Users/chaiyong/Downloads/matcha/javascript_files_splits/split_16/53606134/53606134_2_recent.js_#9#35,/Users/chaiyong/Downloads/matcha/javascript_files_splits/split_16/53606134/53606134_2_original.js_#9#35,/Users/chaiyong/Downloads/matcha/javascript_files_splits/split_16/53606134/53606134_2_187100501.js_#9#35,/Users/chaiyong/Downloads/matcha/javascript_files_splits/split_16/53606134/53606134_2_187099288.js_#9#35,/Users/chaiyong/Downloads/matcha/javascript_files_splits/split_16/53606134/53606134_2_187098795.js_#9#35,/Users/chaiyong/Downloads/matcha/javascript_files_splits/split_19/64386286/64386286_1_recent.js_#34#67,/Users/chaiyong/Downloads/matcha/javascript_files_splits/split_19/64386286/64386286_1_original.js_#34#67,/Users/chaiyong/Downloads/matcha/javascript_files_splits/split_19/64386286/64386286_1_232947702.js_#34#67,/Users/chaiyong/Downloads/matcha/javascript_files_splits/split_19/64386286/64386286_1_232944713.js_#34#67
/Users/chaiyong/Downloads/matcha/js_repos/create-react-app/packages/react-scripts/fixtures/kitchensink/template/src/features/syntax/ObjectSpread.js_#39#49,/Users/chaiyong/Downloads/matcha/javascript_files_splits/split_18/58848523/58848523_2_recent.js_#39#76,/Users/chaiyong/Downloads/matcha/javascript_files_splits/split_18/58848523/58848523_2_209493382.js_#39#76,/Users/chaiyong/Downloads/matcha/javascript_files_splits/split_18/58848523/58848523_2_original.js_#29#62,/Users/chaiyong/Downloads/matcha/javascript_files_splits/split_18/58848523/58848523_2_209168379.js_#29#62,/Users/chaiyong/Downloads/matcha/javascript_files_splits/split_19/63998263/63998263_3_recent.js_#34#47,/Users/chaiyong/Downloads/matcha/javascript_files_splits/split_19/63998263/63998263_3_original.js_#34#47,/Users/chaiyong/Downloads/matcha/javascript_files_splits/split_19/63998263/63998263_3_231278643.js_#34#47,/Users/chaiyong/Downloads/matcha/javascript_files_splits/split_19/63998263/63998263_3_231278409.js_#34#47
/Users/chaiyong/Downloads/matcha/js_repos/create-react-app/packages/react-scripts/fixtures/kitchensink/template/src/features/syntax/DefaultParameters.js_#39#47,/Users/chaiyong/Downloads/matcha/javascript_files_splits/split_18/58848523/58848523_2_recent.js_#39#76,/Users/chaiyong/Downloads/matcha/javascript_files_splits/split_18/58848523/58848523_2_209493382.js_#39#76,/Users/chaiyong/Downloads/matcha/javascript_files_splits/split_18/58848523/58848523_2_original.js_#29#62,/Users/chaiyong/Downloads/matcha/javascript_files_splits/split_18/58848523/58848523_2_209168379.js_#29#62,/Users/chaiyong/Downloads/matcha/javascript_files_splits/split_19/63998263/63998263_3_recent.js_#34#47,/Users/chaiyong/Downloads/matcha/javascript_files_splits/split_19/63998263/63998263_3_original.js_#34#47,/Users/chaiyong/Downloads/matcha/javascript_files_splits/split_19/63998263/63998263_3_231278643.js_#34#47,/Users/chaiyong/Downloads/matcha/javascript_files_splits/split_19/63998263/63998263_3_231278409.js_#34#47,/Users/chaiyong/Downloads/matcha/javascript_files_splits/split_15/51126750/51126750_2_recent.js_#24#34,/Users/chaiyong/Downloads/matcha/javascript_files_splits/split_15/51126750/51126750_2_original.js_#24#34,/Users/chaiyong/Downloads/matcha/javascript_files_splits/split_15/51126750/51126750_2_176999160.js_#24#34,/Users/chaiyong/Downloads/matcha/javascript_files_splits/split_15/51126750/51126750_2_176710568.js_#24#34,/Users/chaiyong/Downloads/matcha/javascript_files_splits/split_15/51126750/51126750_2_176710275.js_#24#34,/Users/chaiyong/Downloads/matcha/javascript_files_splits/split_15/51126750/51126750_2_176710150.js_#24#34,/Users/chaiyong/Downloads/matcha/javascript_files_splits/split_16/52947503/52947503_2_recent.js_#48#66,/Users/chaiyong/Downloads/matcha/javascript_files_splits/split_16/52947503/52947503_2_original.js_#48#66,/Users/chaiyong/Downloads/matcha/javascript_files_splits/split_16/52947503/52947503_2_184340432.js_#48#66,/Users/chaiyong/Downloads/matcha/javascript_files_splits/split_16/52947503/52947503_2_184338667.js_#48#66,/Users/chaiyong/Downloads/matcha/javascript_files_splits/split_16/53606134/53606134_2_recent.js_#9#35,/Users/chaiyong/Downloads/matcha/javascript_files_splits/split_16/53606134/53606134_2_original.js_#9#35,/Users/chaiyong/Downloads/matcha/javascript_files_splits/split_16/53606134/53606134_2_187100501.js_#9#35,/Users/chaiyong/Downloads/matcha/javascript_files_splits/split_16/53606134/53606134_2_187099288.js_#9#35,/Users/chaiyong/Downloads/matcha/javascript_files_splits/split_16/53606134/53606134_2_187098795.js_#9#35,/Users/chaiyong/Downloads/matcha/javascript_files_splits/split_19/64386286/64386286_1_recent.js_#34#67,/Users/chaiyong/Downloads/matcha/javascript_files_splits/split_19/64386286/64386286_1_original.js_#34#67,/Users/chaiyong/Downloads/matcha/javascript_files_splits/split_19/64386286/64386286_1_232947702.js_#34#67,/Users/chaiyong/Downloads/matcha/javascript_files_splits/split_19/64386286/64386286_1_232944713.js_#34#67
/Users/chaiyong/Downloads/matcha/js_repos/create-react-app/packages/react-scripts/fixtures/kitchensink/template/src/features/syntax/NullishCoalescing.js_#11#18,/Users/chaiyong/Downloads/matcha/javascript_files_splits/split_18/60877739/60877739_2_recent.js_#15#59,/Users/chaiyong/Downloads/matcha/javascript_files_splits/split_18/60877739/60877739_2_original.js_#16#60,/Users/chaiyong/Downloads/matcha/javascript_files_splits/split_18/60877739/60877739_2_217768824.js_#15#59,/Users/chaiyong/Downloads/matcha/javascript_files_splits/split_18/60877739/60877739_2_217768579.js_#16#60
/Users/chaiyong/Downloads/matcha/js_repos/create-react-app/packages/react-scripts/fixtures/kitchensink/template/src/features/syntax/NullishCoalescing.js_#39#47,/Users/chaiyong/Downloads/matcha/javascript_files_splits/split_18/58848523/58848523_2_recent.js_#39#76,/Users/chaiyong/Downloads/matcha/javascript_files_splits/split_18/58848523/58848523_2_209493382.js_#39#76,/Users/chaiyong/Downloads/matcha/javascript_files_splits/split_18/58848523/58848523_2_original.js_#29#62,/Users/chaiyong/Downloads/matcha/javascript_files_splits/split_18/58848523/58848523_2_209168379.js_#29#62
/Users/chaiyong/Downloads/matcha/js_repos/create-react-app/packages/react-scripts/fixtures/kitchensink/template/src/features/syntax/ComputedProperties.js_#39#47,/Users/chaiyong/Downloads/matcha/javascript_files_splits/split_18/58848523/58848523_2_recent.js_#39#76,/Users/chaiyong/Downloads/matcha/javascript_files_splits/split_18/58848523/58848523_2_209493382.js_#39#76,/Users/chaiyong/Downloads/matcha/javascript_files_splits/split_18/58848523/58848523_2_original.js_#29#62,/Users/chaiyong/Downloads/matcha/javascript_files_splits/split_18/58848523/58848523_2_209168379.js_#29#62,/Users/chaiyong/Downloads/matcha/javascript_files_splits/split_19/63998263/63998263_3_recent.js_#34#47,/Users/chaiyong/Downloads/matcha/javascript_files_splits/split_19/63998263/63998263_3_original.js_#34#47,/Users/chaiyong/Downloads/matcha/javascript_files_splits/split_19/63998263/63998263_3_231278643.js_#34#47,/Users/chaiyong/Downloads/matcha/javascript_files_splits/split_19/63998263/63998263_3_231278409.js_#34#47,/Users/chaiyong/Downloads/matcha/javascript_files_splits/split_15/51126750/51126750_2_recent.js_#24#34,/Users/chaiyong/Downloads/matcha/javascript_files_splits/split_15/51126750/51126750_2_original.js_#24#34,/Users/chaiyong/Downloads/matcha/javascript_files_splits/split_15/51126750/51126750_2_176999160.js_#24#34,/Users/chaiyong/Downloads/matcha/javascript_files_splits/split_15/51126750/51126750_2_176710568.js_#24#34,/Users/chaiyong/Downloads/matcha/javascript_files_splits/split_15/51126750/51126750_2_176710275.js_#24#34,/Users/chaiyong/Downloads/matcha/javascript_files_splits/split_15/51126750/51126750_2_176710150.js_#24#34,/Users/chaiyong/Downloads/matcha/javascript_files_splits/split_16/52947503/52947503_2_recent.js_#48#66,/Users/chaiyong/Downloads/matcha/javascript_files_splits/split_16/52947503/52947503_2_original.js_#48#66,/Users/chaiyong/Downloads/matcha/javascript_files_splits/split_16/52947503/52947503_2_184340432.js_#48#66,/Users/chaiyong/Downloads/matcha/javascript_files_splits/split_16/52947503/52947503_2_184338667.js_#48#66,/Users/chaiyong/Downloads/matcha/javascript_files_splits/split_16/53606134/53606134_2_recent.js_#9#35,/Users/chaiyong/Downloads/matcha/javascript_files_splits/split_16/53606134/53606134_2_original.js_#9#35,/Users/chaiyong/Downloads/matcha/javascript_files_splits/split_16/53606134/53606134_2_187100501.js_#9#35,/Users/chaiyong/Downloads/matcha/javascript_files_splits/split_16/53606134/53606134_2_187099288.js_#9#35,/Users/chaiyong/Downloads/matcha/javascript_files_splits/split_16/53606134/53606134_2_187098795.js_#9#35,/Users/chaiyong/Downloads/matcha/javascript_files_splits/split_19/64386286/64386286_1_recent.js_#34#67,/Users/chaiyong/Downloads/matcha/javascript_files_splits/split_19/64386286/64386286_1_original.js_#34#67,/Users/chaiyong/Downloads/matcha/javascript_files_splits/split_19/64386286/64386286_1_232947702.js_#34#67,/Users/chaiyong/Downloads/matcha/javascript_files_splits/split_19/64386286/64386286_1_232944713.js_#34#67
/Users/chaiyong/Downloads/matcha/js_repos/create-react-app/packages/react-scripts/fixtures/kitchensink/template/src/features/syntax/ObjectDestructuring.js_#11#18,/Users/chaiyong/Downloads/matcha/javascript_files_splits/split_18/60877739/60877739_2_recent.js_#15#59,/Users/chaiyong/Downloads/matcha/javascript_files_splits/split_18/60877739/60877739_2_original.js_#16#60,/Users/chaiyong/Downloads/matcha/javascript_files_splits/split_18/60877739/60877739_2_217768824.js_#15#59,/Users/chaiyong/Downloads/matcha/javascript_files_splits/split_18/60877739/60877739_2_217768579.js_#16#60
/Users/chaiyong/Downloads/matcha/js_repos/create-react-app/packages/react-scripts/fixtures/kitchensink/template/src/App.js_#57#63,/Users/chaiyong/Downloads/matcha/javascript_files_splits/split_19/64386286/64386286_1_original.js_#3#13,/Users/chaiyong/Downloads/matcha/javascript_files_splits/split_19/64386286/64386286_1_232944713.js_#3#13
