/Users/chaiyong/Downloads/matcha/js_repos/django-cms-smartsnippets/smartsnippets/static/admin/js/SmartSnippets.Variables.js_#411#418,/Users/chaiyong/Downloads/matcha/javascript_files_splits/split_16/53172204/53172204_2_recent.js_#8#42,/Users/chaiyong/Downloads/matcha/javascript_files_splits/split_16/53172204/53172204_2_original.js_#16#50,/Users/chaiyong/Downloads/matcha/javascript_files_splits/split_16/53172204/53172204_2_185269362.js_#8#42,/Users/chaiyong/Downloads/matcha/javascript_files_splits/split_16/53172204/53172204_2_185269004.js_#16#50
/Users/chaiyong/Downloads/matcha/js_repos/django-cms-smartsnippets/smartsnippets/static/libs/bootstrap/js/bootstrap.js_#18#67,/Users/chaiyong/Downloads/matcha/javascript_files_splits/split_16/54049127/54049127_6_recent.js_#10#59,/Users/chaiyong/Downloads/matcha/javascript_files_splits/split_16/54049127/54049127_6_original.js_#10#59,/Users/chaiyong/Downloads/matcha/javascript_files_splits/split_16/54049127/54049127_6_188985801.js_#10#59,/Users/chaiyong/Downloads/matcha/javascript_files_splits/split_16/54049127/54049127_6_188969144.js_#10#59
/Users/chaiyong/Downloads/matcha/js_repos/django-cms-smartsnippets/smartsnippets/static/libs/bootstrap/js/bootstrap.js_#24#41,/Users/chaiyong/Downloads/matcha/javascript_files_splits/split_16/54049127/54049127_6_recent.js_#16#33,/Users/chaiyong/Downloads/matcha/javascript_files_splits/split_16/54049127/54049127_6_original.js_#16#33,/Users/chaiyong/Downloads/matcha/javascript_files_splits/split_16/54049127/54049127_6_188985801.js_#16#33,/Users/chaiyong/Downloads/matcha/javascript_files_splits/split_16/54049127/54049127_6_188969144.js_#16#33,/Users/chaiyong/Downloads/matcha/javascript_files_splits/split_16/54049127/54049127_6_recent.js_#10#59,/Users/chaiyong/Downloads/matcha/javascript_files_splits/split_16/54049127/54049127_6_original.js_#10#59,/Users/chaiyong/Downloads/matcha/javascript_files_splits/split_16/54049127/54049127_6_188985801.js_#10#59,/Users/chaiyong/Downloads/matcha/javascript_files_splits/split_16/54049127/54049127_6_188969144.js_#10#59
/Users/chaiyong/Downloads/matcha/js_repos/django-cms-smartsnippets/smartsnippets/static/libs/bootstrap/js/bootstrap.js_#44#51,/Users/chaiyong/Downloads/matcha/javascript_files_splits/split_16/54049127/54049127_6_recent.js_#36#43,/Users/chaiyong/Downloads/matcha/javascript_files_splits/split_16/54049127/54049127_6_original.js_#36#43,/Users/chaiyong/Downloads/matcha/javascript_files_splits/split_16/54049127/54049127_6_188985801.js_#36#43,/Users/chaiyong/Downloads/matcha/javascript_files_splits/split_16/54049127/54049127_6_188969144.js_#36#43,/Users/chaiyong/Downloads/matcha/javascript_files_splits/split_16/54049127/54049127_6_recent.js_#10#59,/Users/chaiyong/Downloads/matcha/javascript_files_splits/split_16/54049127/54049127_6_original.js_#10#59,/Users/chaiyong/Downloads/matcha/javascript_files_splits/split_16/54049127/54049127_6_188985801.js_#10#59,/Users/chaiyong/Downloads/matcha/javascript_files_splits/split_16/54049127/54049127_6_188969144.js_#10#59
/Users/chaiyong/Downloads/matcha/js_repos/django-cms-smartsnippets/smartsnippets/static/libs/bootstrap/js/bootstrap.js_#53#65,/Users/chaiyong/Downloads/matcha/javascript_files_splits/split_16/54049127/54049127_6_recent.js_#45#57,/Users/chaiyong/Downloads/matcha/javascript_files_splits/split_16/54049127/54049127_6_original.js_#45#57,/Users/chaiyong/Downloads/matcha/javascript_files_splits/split_16/54049127/54049127_6_188985801.js_#45#57,/Users/chaiyong/Downloads/matcha/javascript_files_splits/split_16/54049127/54049127_6_188969144.js_#45#57,/Users/chaiyong/Downloads/matcha/javascript_files_splits/split_16/54049127/54049127_6_recent.js_#10#59,/Users/chaiyong/Downloads/matcha/javascript_files_splits/split_16/54049127/54049127_6_original.js_#10#59,/Users/chaiyong/Downloads/matcha/javascript_files_splits/split_16/54049127/54049127_6_188985801.js_#10#59,/Users/chaiyong/Downloads/matcha/javascript_files_splits/split_16/54049127/54049127_6_188969144.js_#10#59
/Users/chaiyong/Downloads/matcha/js_repos/django-cms-smartsnippets/smartsnippets/static/libs/bootstrap/js/bootstrap.js_#130#138,/Users/chaiyong/Downloads/matcha/javascript_files_splits/split_08/32692123/32692123_1_recent.js_#99#106,/Users/chaiyong/Downloads/matcha/javascript_files_splits/split_08/32692123/32692123_1_original.js_#95#102,/Users/chaiyong/Downloads/matcha/javascript_files_splits/split_08/32692123/32692123_1_100163814.js_#99#106,/Users/chaiyong/Downloads/matcha/javascript_files_splits/split_08/32692123/32692123_1_100097139.js_#95#102,/Users/chaiyong/Downloads/matcha/javascript_files_splits/split_08/32692123/32692123_1_recent.js_#16#125,/Users/chaiyong/Downloads/matcha/javascript_files_splits/split_08/32692123/32692123_1_original.js_#12#121,/Users/chaiyong/Downloads/matcha/javascript_files_splits/split_08/32692123/32692123_1_100163814.js_#16#125,/Users/chaiyong/Downloads/matcha/javascript_files_splits/split_08/32692123/32692123_1_100097139.js_#12#121,/Users/chaiyong/Downloads/matcha/javascript_files_splits/split_16/54049127/54049127_6_recent.js_#70#297,/Users/chaiyong/Downloads/matcha/javascript_files_splits/split_16/54049127/54049127_6_original.js_#70#297,/Users/chaiyong/Downloads/matcha/javascript_files_splits/split_16/54049127/54049127_6_188985801.js_#70#297,/Users/chaiyong/Downloads/matcha/javascript_files_splits/split_16/54049127/54049127_6_188969144.js_#70#297
/Users/chaiyong/Downloads/matcha/js_repos/django-cms-smartsnippets/smartsnippets/static/libs/bootstrap/js/bootstrap.js_#131#137,/Users/chaiyong/Downloads/matcha/javascript_files_splits/split_08/32692123/32692123_1_recent.js_#100#105,/Users/chaiyong/Downloads/matcha/javascript_files_splits/split_08/32692123/32692123_1_original.js_#96#101,/Users/chaiyong/Downloads/matcha/javascript_files_splits/split_08/32692123/32692123_1_100163814.js_#100#105,/Users/chaiyong/Downloads/matcha/javascript_files_splits/split_08/32692123/32692123_1_100097139.js_#96#101,/Users/chaiyong/Downloads/matcha/javascript_files_splits/split_08/32692123/32692123_1_recent.js_#99#106,/Users/chaiyong/Downloads/matcha/javascript_files_splits/split_08/32692123/32692123_1_original.js_#95#102,/Users/chaiyong/Downloads/matcha/javascript_files_splits/split_08/32692123/32692123_1_100163814.js_#99#106,/Users/chaiyong/Downloads/matcha/javascript_files_splits/split_08/32692123/32692123_1_100097139.js_#95#102,/Users/chaiyong/Downloads/matcha/javascript_files_splits/split_08/32692123/32692123_1_recent.js_#16#125,/Users/chaiyong/Downloads/matcha/javascript_files_splits/split_08/32692123/32692123_1_original.js_#12#121,/Users/chaiyong/Downloads/matcha/javascript_files_splits/split_08/32692123/32692123_1_100163814.js_#16#125,/Users/chaiyong/Downloads/matcha/javascript_files_splits/split_08/32692123/32692123_1_100097139.js_#12#121
/Users/chaiyong/Downloads/matcha/js_repos/django-cms-smartsnippets/smartsnippets/static/libs/bootstrap/js/bootstrap.js_#282#495,/Users/chaiyong/Downloads/matcha/javascript_files_splits/split_16/54049127/54049127_6_recent.js_#70#297,/Users/chaiyong/Downloads/matcha/javascript_files_splits/split_16/54049127/54049127_6_original.js_#70#297,/Users/chaiyong/Downloads/matcha/javascript_files_splits/split_16/54049127/54049127_6_188985801.js_#70#297,/Users/chaiyong/Downloads/matcha/javascript_files_splits/split_16/54049127/54049127_6_188969144.js_#70#297
/Users/chaiyong/Downloads/matcha/js_repos/django-cms-smartsnippets/smartsnippets/static/libs/bootstrap/js/bootstrap.js_#288#301,/Users/chaiyong/Downloads/matcha/javascript_files_splits/split_16/54049127/54049127_6_recent.js_#76#91,/Users/chaiyong/Downloads/matcha/javascript_files_splits/split_16/54049127/54049127_6_original.js_#76#91,/Users/chaiyong/Downloads/matcha/javascript_files_splits/split_16/54049127/54049127_6_188985801.js_#76#91,/Users/chaiyong/Downloads/matcha/javascript_files_splits/split_16/54049127/54049127_6_188969144.js_#76#91,/Users/chaiyong/Downloads/matcha/javascript_files_splits/split_16/54049127/54049127_6_recent.js_#70#297,/Users/chaiyong/Downloads/matcha/javascript_files_splits/split_16/54049127/54049127_6_original.js_#70#297,/Users/chaiyong/Downloads/matcha/javascript_files_splits/split_16/54049127/54049127_6_188985801.js_#70#297,/Users/chaiyong/Downloads/matcha/javascript_files_splits/split_16/54049127/54049127_6_188969144.js_#70#297
/Users/chaiyong/Downloads/matcha/js_repos/django-cms-smartsnippets/smartsnippets/static/libs/bootstrap/js/bootstrap.js_#311#319,/Users/chaiyong/Downloads/matcha/javascript_files_splits/split_16/54049127/54049127_6_recent.js_#104#113,/Users/chaiyong/Downloads/matcha/javascript_files_splits/split_16/54049127/54049127_6_original.js_#104#113,/Users/chaiyong/Downloads/matcha/javascript_files_splits/split_16/54049127/54049127_6_188985801.js_#104#113,/Users/chaiyong/Downloads/matcha/javascript_files_splits/split_16/54049127/54049127_6_188969144.js_#104#113,/Users/chaiyong/Downloads/matcha/javascript_files_splits/split_16/54049127/54049127_6_recent.js_#70#297,/Users/chaiyong/Downloads/matcha/javascript_files_splits/split_16/54049127/54049127_6_original.js_#70#297,/Users/chaiyong/Downloads/matcha/javascript_files_splits/split_16/54049127/54049127_6_188985801.js_#70#297,/Users/chaiyong/Downloads/matcha/javascript_files_splits/split_16/54049127/54049127_6_188969144.js_#70#297
/Users/chaiyong/Downloads/matcha/js_repos/django-cms-smartsnippets/smartsnippets/static/libs/bootstrap/js/bootstrap.js_#321#331,/Users/chaiyong/Downloads/matcha/javascript_files_splits/split_16/54049127/54049127_6_recent.js_#115#125,/Users/chaiyong/Downloads/matcha/javascript_files_splits/split_16/54049127/54049127_6_original.js_#115#125,/Users/chaiyong/Downloads/matcha/javascript_files_splits/split_16/54049127/54049127_6_188985801.js_#115#125,/Users/chaiyong/Downloads/matcha/javascript_files_splits/split_16/54049127/54049127_6_188969144.js_#115#125,/Users/chaiyong/Downloads/matcha/javascript_files_splits/split_16/54049127/54049127_6_recent.js_#70#297,/Users/chaiyong/Downloads/matcha/javascript_files_splits/split_16/54049127/54049127_6_original.js_#70#297,/Users/chaiyong/Downloads/matcha/javascript_files_splits/split_16/54049127/54049127_6_188985801.js_#70#297,/Users/chaiyong/Downloads/matcha/javascript_files_splits/split_16/54049127/54049127_6_188969144.js_#70#297
/Users/chaiyong/Downloads/matcha/js_repos/django-cms-smartsnippets/smartsnippets/static/libs/bootstrap/js/bootstrap.js_#338#348,/Users/chaiyong/Downloads/matcha/javascript_files_splits/split_16/54049127/54049127_6_recent.js_#142#152,/Users/chaiyong/Downloads/matcha/javascript_files_splits/split_16/54049127/54049127_6_original.js_#142#152,/Users/chaiyong/Downloads/matcha/javascript_files_splits/split_16/54049127/54049127_6_188985801.js_#142#152,/Users/chaiyong/Downloads/matcha/javascript_files_splits/split_16/54049127/54049127_6_188969144.js_#142#152,/Users/chaiyong/Downloads/matcha/javascript_files_splits/split_16/54049127/54049127_6_recent.js_#70#297,/Users/chaiyong/Downloads/matcha/javascript_files_splits/split_16/54049127/54049127_6_original.js_#70#297,/Users/chaiyong/Downloads/matcha/javascript_files_splits/split_16/54049127/54049127_6_188985801.js_#70#297,/Users/chaiyong/Downloads/matcha/javascript_files_splits/split_16/54049127/54049127_6_188969144.js_#70#297
/Users/chaiyong/Downloads/matcha/js_repos/django-cms-smartsnippets/smartsnippets/static/libs/bootstrap/js/bootstrap.js_#350#361,/Users/chaiyong/Downloads/matcha/javascript_files_splits/split_16/54049127/54049127_6_recent.js_#154#165,/Users/chaiyong/Downloads/matcha/javascript_files_splits/split_16/54049127/54049127_6_original.js_#154#165,/Users/chaiyong/Downloads/matcha/javascript_files_splits/split_16/54049127/54049127_6_188985801.js_#154#165,/Users/chaiyong/Downloads/matcha/javascript_files_splits/split_16/54049127/54049127_6_188969144.js_#154#165,/Users/chaiyong/Downloads/matcha/javascript_files_splits/split_16/54049127/54049127_6_recent.js_#70#297,/Users/chaiyong/Downloads/matcha/javascript_files_splits/split_16/54049127/54049127_6_original.js_#70#297,/Users/chaiyong/Downloads/matcha/javascript_files_splits/split_16/54049127/54049127_6_188985801.js_#70#297,/Users/chaiyong/Downloads/matcha/javascript_files_splits/split_16/54049127/54049127_6_188969144.js_#70#297
/Users/chaiyong/Downloads/matcha/js_repos/django-cms-smartsnippets/smartsnippets/static/libs/bootstrap/js/bootstrap.js_#373#432,/Users/chaiyong/Downloads/matcha/javascript_files_splits/split_16/54049127/54049127_6_recent.js_#177#230,/Users/chaiyong/Downloads/matcha/javascript_files_splits/split_16/54049127/54049127_6_original.js_#177#230,/Users/chaiyong/Downloads/matcha/javascript_files_splits/split_16/54049127/54049127_6_188985801.js_#177#230,/Users/chaiyong/Downloads/matcha/javascript_files_splits/split_16/54049127/54049127_6_188969144.js_#177#230,/Users/chaiyong/Downloads/matcha/javascript_files_splits/split_16/54049127/54049127_6_recent.js_#70#297,/Users/chaiyong/Downloads/matcha/javascript_files_splits/split_16/54049127/54049127_6_original.js_#70#297,/Users/chaiyong/Downloads/matcha/javascript_files_splits/split_16/54049127/54049127_6_188985801.js_#70#297,/Users/chaiyong/Downloads/matcha/javascript_files_splits/split_16/54049127/54049127_6_188969144.js_#70#297
/Users/chaiyong/Downloads/matcha/js_repos/django-cms-smartsnippets/smartsnippets/static/libs/bootstrap/js/bootstrap.js_#413#420,/Users/chaiyong/Downloads/matcha/javascript_files_splits/split_16/54049127/54049127_6_recent.js_#211#218,/Users/chaiyong/Downloads/matcha/javascript_files_splits/split_16/54049127/54049127_6_original.js_#211#218,/Users/chaiyong/Downloads/matcha/javascript_files_splits/split_16/54049127/54049127_6_188985801.js_#211#218,/Users/chaiyong/Downloads/matcha/javascript_files_splits/split_16/54049127/54049127_6_188969144.js_#211#218,/Users/chaiyong/Downloads/matcha/javascript_files_splits/split_06/25767047/25767047_4_recent.js_#1#6,/Users/chaiyong/Downloads/matcha/javascript_files_splits/split_06/25767047/25767047_4_original.js_#1#6,/Users/chaiyong/Downloads/matcha/javascript_files_splits/split_06/25767047/25767047_4_73219885.js_#1#6,/Users/chaiyong/Downloads/matcha/javascript_files_splits/split_06/25767047/25767047_4_73219666.js_#1#6,/Users/chaiyong/Downloads/matcha/javascript_files_splits/split_06/25767047/25767047_4_73219249.js_#1#6,/Users/chaiyong/Downloads/matcha/javascript_files_splits/split_16/54049127/54049127_6_recent.js_#177#230,/Users/chaiyong/Downloads/matcha/javascript_files_splits/split_16/54049127/54049127_6_original.js_#177#230,/Users/chaiyong/Downloads/matcha/javascript_files_splits/split_16/54049127/54049127_6_188985801.js_#177#230,/Users/chaiyong/Downloads/matcha/javascript_files_splits/split_16/54049127/54049127_6_188969144.js_#177#230,/Users/chaiyong/Downloads/matcha/javascript_files_splits/split_16/54049127/54049127_6_recent.js_#70#297,/Users/chaiyong/Downloads/matcha/javascript_files_splits/split_16/54049127/54049127_6_original.js_#70#297,/Users/chaiyong/Downloads/matcha/javascript_files_splits/split_16/54049127/54049127_6_188985801.js_#70#297,/Users/chaiyong/Downloads/matcha/javascript_files_splits/split_16/54049127/54049127_6_188969144.js_#70#297
/Users/chaiyong/Downloads/matcha/js_repos/django-cms-smartsnippets/smartsnippets/static/libs/bootstrap/js/bootstrap.js_#438#450,/Users/chaiyong/Downloads/matcha/javascript_files_splits/split_16/54049127/54049127_6_recent.js_#236#248,/Users/chaiyong/Downloads/matcha/javascript_files_splits/split_16/54049127/54049127_6_original.js_#236#248,/Users/chaiyong/Downloads/matcha/javascript_files_splits/split_16/54049127/54049127_6_188985801.js_#236#248,/Users/chaiyong/Downloads/matcha/javascript_files_splits/split_16/54049127/54049127_6_188969144.js_#236#248,/Users/chaiyong/Downloads/matcha/javascript_files_splits/split_16/54049127/54049127_6_recent.js_#237#247,/Users/chaiyong/Downloads/matcha/javascript_files_splits/split_16/54049127/54049127_6_original.js_#237#247,/Users/chaiyong/Downloads/matcha/javascript_files_splits/split_16/54049127/54049127_6_188985801.js_#237#247,/Users/chaiyong/Downloads/matcha/javascript_files_splits/split_16/54049127/54049127_6_188969144.js_#237#247,/Users/chaiyong/Downloads/matcha/javascript_files_splits/split_16/54049127/54049127_6_recent.js_#70#297,/Users/chaiyong/Downloads/matcha/javascript_files_splits/split_16/54049127/54049127_6_original.js_#70#297,/Users/chaiyong/Downloads/matcha/javascript_files_splits/split_16/54049127/54049127_6_188985801.js_#70#297,/Users/chaiyong/Downloads/matcha/javascript_files_splits/split_16/54049127/54049127_6_188969144.js_#70#297
/Users/chaiyong/Downloads/matcha/js_repos/django-cms-smartsnippets/smartsnippets/static/libs/bootstrap/js/bootstrap.js_#439#449,/Users/chaiyong/Downloads/matcha/javascript_files_splits/split_16/54049127/54049127_6_recent.js_#236#248,/Users/chaiyong/Downloads/matcha/javascript_files_splits/split_16/54049127/54049127_6_original.js_#236#248,/Users/chaiyong/Downloads/matcha/javascript_files_splits/split_16/54049127/54049127_6_188985801.js_#236#248,/Users/chaiyong/Downloads/matcha/javascript_files_splits/split_16/54049127/54049127_6_188969144.js_#236#248,/Users/chaiyong/Downloads/matcha/javascript_files_splits/split_16/54049127/54049127_6_recent.js_#237#247,/Users/chaiyong/Downloads/matcha/javascript_files_splits/split_16/54049127/54049127_6_original.js_#237#247,/Users/chaiyong/Downloads/matcha/javascript_files_splits/split_16/54049127/54049127_6_188985801.js_#237#247,/Users/chaiyong/Downloads/matcha/javascript_files_splits/split_16/54049127/54049127_6_188969144.js_#237#247,/Users/chaiyong/Downloads/matcha/javascript_files_splits/split_16/54049127/54049127_6_recent.js_#70#297,/Users/chaiyong/Downloads/matcha/javascript_files_splits/split_16/54049127/54049127_6_original.js_#70#297,/Users/chaiyong/Downloads/matcha/javascript_files_splits/split_16/54049127/54049127_6_188985801.js_#70#297,/Users/chaiyong/Downloads/matcha/javascript_files_splits/split_16/54049127/54049127_6_188969144.js_#70#297
/Users/chaiyong/Downloads/matcha/js_repos/django-cms-smartsnippets/smartsnippets/static/libs/bootstrap/js/bootstrap.js_#470#486,/Users/chaiyong/Downloads/matcha/javascript_files_splits/split_16/54049127/54049127_6_recent.js_#268#284,/Users/chaiyong/Downloads/matcha/javascript_files_splits/split_16/54049127/54049127_6_original.js_#268#284,/Users/chaiyong/Downloads/matcha/javascript_files_splits/split_16/54049127/54049127_6_188985801.js_#268#284,/Users/chaiyong/Downloads/matcha/javascript_files_splits/split_16/54049127/54049127_6_188969144.js_#268#284,/Users/chaiyong/Downloads/matcha/javascript_files_splits/split_16/54049127/54049127_6_recent.js_#70#297,/Users/chaiyong/Downloads/matcha/javascript_files_splits/split_16/54049127/54049127_6_original.js_#70#297,/Users/chaiyong/Downloads/matcha/javascript_files_splits/split_16/54049127/54049127_6_188985801.js_#70#297,/Users/chaiyong/Downloads/matcha/javascript_files_splits/split_16/54049127/54049127_6_188969144.js_#70#297
/Users/chaiyong/Downloads/matcha/js_repos/django-cms-smartsnippets/smartsnippets/static/libs/bootstrap/js/bootstrap.js_#616#626,/Users/chaiyong/Downloads/matcha/javascript_files_splits/split_16/54049127/54049127_6_recent.js_#70#297,/Users/chaiyong/Downloads/matcha/javascript_files_splits/split_16/54049127/54049127_6_original.js_#70#297,/Users/chaiyong/Downloads/matcha/javascript_files_splits/split_16/54049127/54049127_6_188985801.js_#70#297,/Users/chaiyong/Downloads/matcha/javascript_files_splits/split_16/54049127/54049127_6_188969144.js_#70#297
/Users/chaiyong/Downloads/matcha/js_repos/django-cms-smartsnippets/smartsnippets/static/libs/bootstrap/js/bootstrap.js_#767#778,/Users/chaiyong/Downloads/matcha/javascript_files_splits/split_03/19124994/19124994_2_recent.js_#1#12,/Users/chaiyong/Downloads/matcha/javascript_files_splits/split_03/19124994/19124994_2_original.js_#1#12,/Users/chaiyong/Downloads/matcha/javascript_files_splits/split_03/19124994/19124994_2_48428605.js_#1#12,/Users/chaiyong/Downloads/matcha/javascript_files_splits/split_03/19124994/19124994_2_146876617.js_#1#12
/Users/chaiyong/Downloads/matcha/js_repos/django-cms-smartsnippets/smartsnippets/static/libs/bootstrap/js/bootstrap.js_#784#792,/Users/chaiyong/Downloads/matcha/javascript_files_splits/split_08/32692123/32692123_1_recent.js_#99#106,/Users/chaiyong/Downloads/matcha/javascript_files_splits/split_08/32692123/32692123_1_original.js_#95#102,/Users/chaiyong/Downloads/matcha/javascript_files_splits/split_08/32692123/32692123_1_100163814.js_#99#106,/Users/chaiyong/Downloads/matcha/javascript_files_splits/split_08/32692123/32692123_1_100097139.js_#95#102,/Users/chaiyong/Downloads/matcha/javascript_files_splits/split_08/32692123/32692123_1_recent.js_#16#125,/Users/chaiyong/Downloads/matcha/javascript_files_splits/split_08/32692123/32692123_1_original.js_#12#121,/Users/chaiyong/Downloads/matcha/javascript_files_splits/split_08/32692123/32692123_1_100163814.js_#16#125,/Users/chaiyong/Downloads/matcha/javascript_files_splits/split_08/32692123/32692123_1_100097139.js_#12#121,/Users/chaiyong/Downloads/matcha/javascript_files_splits/split_16/54049127/54049127_6_recent.js_#70#297,/Users/chaiyong/Downloads/matcha/javascript_files_splits/split_16/54049127/54049127_6_original.js_#70#297,/Users/chaiyong/Downloads/matcha/javascript_files_splits/split_16/54049127/54049127_6_188985801.js_#70#297,/Users/chaiyong/Downloads/matcha/javascript_files_splits/split_16/54049127/54049127_6_188969144.js_#70#297
/Users/chaiyong/Downloads/matcha/js_repos/django-cms-smartsnippets/smartsnippets/static/libs/bootstrap/js/bootstrap.js_#785#791,/Users/chaiyong/Downloads/matcha/javascript_files_splits/split_08/32692123/32692123_1_recent.js_#100#105,/Users/chaiyong/Downloads/matcha/javascript_files_splits/split_08/32692123/32692123_1_original.js_#96#101,/Users/chaiyong/Downloads/matcha/javascript_files_splits/split_08/32692123/32692123_1_100163814.js_#100#105,/Users/chaiyong/Downloads/matcha/javascript_files_splits/split_08/32692123/32692123_1_100097139.js_#96#101,/Users/chaiyong/Downloads/matcha/javascript_files_splits/split_08/32692123/32692123_1_recent.js_#99#106,/Users/chaiyong/Downloads/matcha/javascript_files_splits/split_08/32692123/32692123_1_original.js_#95#102,/Users/chaiyong/Downloads/matcha/javascript_files_splits/split_08/32692123/32692123_1_100163814.js_#99#106,/Users/chaiyong/Downloads/matcha/javascript_files_splits/split_08/32692123/32692123_1_100097139.js_#95#102,/Users/chaiyong/Downloads/matcha/javascript_files_splits/split_08/32692123/32692123_1_recent.js_#16#125,/Users/chaiyong/Downloads/matcha/javascript_files_splits/split_08/32692123/32692123_1_original.js_#12#121,/Users/chaiyong/Downloads/matcha/javascript_files_splits/split_08/32692123/32692123_1_100163814.js_#16#125,/Users/chaiyong/Downloads/matcha/javascript_files_splits/split_08/32692123/32692123_1_100097139.js_#12#121
/Users/chaiyong/Downloads/matcha/js_repos/django-cms-smartsnippets/smartsnippets/static/libs/bootstrap/js/bootstrap.js_#1053#1061,/Users/chaiyong/Downloads/matcha/javascript_files_splits/split_16/54049127/54049127_6_recent.js_#70#297,/Users/chaiyong/Downloads/matcha/javascript_files_splits/split_16/54049127/54049127_6_original.js_#70#297,/Users/chaiyong/Downloads/matcha/javascript_files_splits/split_16/54049127/54049127_6_188985801.js_#70#297,/Users/chaiyong/Downloads/matcha/javascript_files_splits/split_16/54049127/54049127_6_188969144.js_#70#297
/Users/chaiyong/Downloads/matcha/js_repos/django-cms-smartsnippets/smartsnippets/static/libs/bootstrap/js/bootstrap.js_#1178#1189,/Users/chaiyong/Downloads/matcha/javascript_files_splits/split_07/28594203/28594203_6_84087361.js_#2#11,/Users/chaiyong/Downloads/matcha/javascript_files_splits/split_07/28594203/28594203_4_recent.js_#1#10,/Users/chaiyong/Downloads/matcha/javascript_files_splits/split_07/28594203/28594203_4_original.js_#2#11,/Users/chaiyong/Downloads/matcha/javascript_files_splits/split_07/28594203/28594203_4_84088709.js_#1#10,/Users/chaiyong/Downloads/matcha/javascript_files_splits/split_07/28594203/28594203_4_84088179.js_#1#10,/Users/chaiyong/Downloads/matcha/javascript_files_splits/split_07/28594203/28594203_4_84087361.js_#2#11,/Users/chaiyong/Downloads/matcha/javascript_files_splits/split_07/28594203/28594203_4_146527705.js_#1#10
/Users/chaiyong/Downloads/matcha/js_repos/django-cms-smartsnippets/smartsnippets/static/libs/bootstrap/js/bootstrap.js_#1377#1404,/Users/chaiyong/Downloads/matcha/javascript_files_splits/split_07/29771861/29771861_2_recent.js_#1#28,/Users/chaiyong/Downloads/matcha/javascript_files_splits/split_07/29771861/29771861_2_original.js_#1#28,/Users/chaiyong/Downloads/matcha/javascript_files_splits/split_07/29771861/29771861_2_88733668.js_#1#28,/Users/chaiyong/Downloads/matcha/javascript_files_splits/split_07/29771861/29771861_2_88663487.js_#1#28,/Users/chaiyong/Downloads/matcha/javascript_files_splits/split_07/29771861/29771861_2_88641949.js_#1#28
/Users/chaiyong/Downloads/matcha/js_repos/django-cms-smartsnippets/smartsnippets/static/libs/bootstrap/js/bootstrap.js_#1428#1434,/Users/chaiyong/Downloads/matcha/javascript_files_splits/split_10/36715843/36715843_4_recent.js_#59#85,/Users/chaiyong/Downloads/matcha/javascript_files_splits/split_10/36715843/36715843_4_146588080.js_#59#85,/Users/chaiyong/Downloads/matcha/javascript_files_splits/split_10/36715843/36715843_4_116167428.js_#59#85,/Users/chaiyong/Downloads/matcha/javascript_files_splits/split_10/36715843/36715843_4_116154066.js_#26#33,/Users/chaiyong/Downloads/matcha/javascript_files_splits/split_10/36715843/36715843_4_116150768.js_#26#33,/Users/chaiyong/Downloads/matcha/javascript_files_splits/split_10/36715843/36715843_4_116092174.js_#26#33
/Users/chaiyong/Downloads/matcha/js_repos/django-cms-smartsnippets/smartsnippets/static/libs/bootstrap/js/bootstrap.js_#1531#1541,/Users/chaiyong/Downloads/matcha/javascript_files_splits/split_20/9160058/9160058_4_recent.js_#1#10,/Users/chaiyong/Downloads/matcha/javascript_files_splits/split_20/9160058/9160058_4_original.js_#1#10,/Users/chaiyong/Downloads/matcha/javascript_files_splits/split_20/9160058/9160058_4_20802924.js_#1#10,/Users/chaiyong/Downloads/matcha/javascript_files_splits/split_16/54049127/54049127_6_recent.js_#70#297,/Users/chaiyong/Downloads/matcha/javascript_files_splits/split_16/54049127/54049127_6_original.js_#70#297,/Users/chaiyong/Downloads/matcha/javascript_files_splits/split_16/54049127/54049127_6_188985801.js_#70#297,/Users/chaiyong/Downloads/matcha/javascript_files_splits/split_16/54049127/54049127_6_188969144.js_#70#297
/Users/chaiyong/Downloads/matcha/js_repos/django-cms-smartsnippets/smartsnippets/static/libs/bootstrap/js/bootstrap.js_#1645#1655,/Users/chaiyong/Downloads/matcha/javascript_files_splits/split_20/9160058/9160058_4_recent.js_#1#10,/Users/chaiyong/Downloads/matcha/javascript_files_splits/split_20/9160058/9160058_4_original.js_#1#10,/Users/chaiyong/Downloads/matcha/javascript_files_splits/split_20/9160058/9160058_4_20802924.js_#1#10,/Users/chaiyong/Downloads/matcha/javascript_files_splits/split_16/54049127/54049127_6_recent.js_#70#297,/Users/chaiyong/Downloads/matcha/javascript_files_splits/split_16/54049127/54049127_6_original.js_#70#297,/Users/chaiyong/Downloads/matcha/javascript_files_splits/split_16/54049127/54049127_6_188985801.js_#70#297,/Users/chaiyong/Downloads/matcha/javascript_files_splits/split_16/54049127/54049127_6_188969144.js_#70#297
/Users/chaiyong/Downloads/matcha/js_repos/django-cms-smartsnippets/smartsnippets/static/libs/bootstrap/js/bootstrap.js_#1806#1815,/Users/chaiyong/Downloads/matcha/javascript_files_splits/split_03/19071753/19071753_8_recent.js_#174#182,/Users/chaiyong/Downloads/matcha/javascript_files_splits/split_03/19071753/19071753_8_original.js_#174#182,/Users/chaiyong/Downloads/matcha/javascript_files_splits/split_03/19071753/19071753_8_48240477.js_#174#182,/Users/chaiyong/Downloads/matcha/javascript_files_splits/split_20/9160058/9160058_4_recent.js_#1#10,/Users/chaiyong/Downloads/matcha/javascript_files_splits/split_20/9160058/9160058_4_original.js_#1#10,/Users/chaiyong/Downloads/matcha/javascript_files_splits/split_20/9160058/9160058_4_20802924.js_#1#10,/Users/chaiyong/Downloads/matcha/javascript_files_splits/split_16/54049127/54049127_6_recent.js_#236#248,/Users/chaiyong/Downloads/matcha/javascript_files_splits/split_16/54049127/54049127_6_original.js_#236#248,/Users/chaiyong/Downloads/matcha/javascript_files_splits/split_16/54049127/54049127_6_188985801.js_#236#248,/Users/chaiyong/Downloads/matcha/javascript_files_splits/split_16/54049127/54049127_6_188969144.js_#236#248,/Users/chaiyong/Downloads/matcha/javascript_files_splits/split_03/19071753/19071753_8_recent.js_#1#196,/Users/chaiyong/Downloads/matcha/javascript_files_splits/split_03/19071753/19071753_8_original.js_#1#196,/Users/chaiyong/Downloads/matcha/javascript_files_splits/split_03/19071753/19071753_8_48240477.js_#1#196,/Users/chaiyong/Downloads/matcha/javascript_files_splits/split_08/32692123/32692123_1_recent.js_#16#125,/Users/chaiyong/Downloads/matcha/javascript_files_splits/split_08/32692123/32692123_1_original.js_#12#121,/Users/chaiyong/Downloads/matcha/javascript_files_splits/split_08/32692123/32692123_1_100163814.js_#16#125,/Users/chaiyong/Downloads/matcha/javascript_files_splits/split_08/32692123/32692123_1_100097139.js_#12#121,/Users/chaiyong/Downloads/matcha/javascript_files_splits/split_16/54049127/54049127_6_recent.js_#70#297,/Users/chaiyong/Downloads/matcha/javascript_files_splits/split_16/54049127/54049127_6_original.js_#70#297,/Users/chaiyong/Downloads/matcha/javascript_files_splits/split_16/54049127/54049127_6_188985801.js_#70#297,/Users/chaiyong/Downloads/matcha/javascript_files_splits/split_16/54049127/54049127_6_188969144.js_#70#297
/Users/chaiyong/Downloads/matcha/js_repos/django-cms-smartsnippets/smartsnippets/static/libs/bootstrap/js/bootstrap.js_#1807#1814,/Users/chaiyong/Downloads/matcha/javascript_files_splits/split_03/19071753/19071753_8_recent.js_#175#181,/Users/chaiyong/Downloads/matcha/javascript_files_splits/split_03/19071753/19071753_8_original.js_#175#181,/Users/chaiyong/Downloads/matcha/javascript_files_splits/split_03/19071753/19071753_8_48240477.js_#175#181,/Users/chaiyong/Downloads/matcha/javascript_files_splits/split_03/19071753/19071753_8_recent.js_#174#182,/Users/chaiyong/Downloads/matcha/javascript_files_splits/split_03/19071753/19071753_8_original.js_#174#182,/Users/chaiyong/Downloads/matcha/javascript_files_splits/split_03/19071753/19071753_8_48240477.js_#174#182,/Users/chaiyong/Downloads/matcha/javascript_files_splits/split_20/9160058/9160058_4_recent.js_#2#9,/Users/chaiyong/Downloads/matcha/javascript_files_splits/split_20/9160058/9160058_4_original.js_#2#9,/Users/chaiyong/Downloads/matcha/javascript_files_splits/split_20/9160058/9160058_4_20802924.js_#2#9,/Users/chaiyong/Downloads/matcha/javascript_files_splits/split_20/9160058/9160058_4_recent.js_#1#10,/Users/chaiyong/Downloads/matcha/javascript_files_splits/split_20/9160058/9160058_4_original.js_#1#10,/Users/chaiyong/Downloads/matcha/javascript_files_splits/split_20/9160058/9160058_4_20802924.js_#1#10,/Users/chaiyong/Downloads/matcha/javascript_files_splits/split_03/19071753/19071753_8_recent.js_#1#196,/Users/chaiyong/Downloads/matcha/javascript_files_splits/split_03/19071753/19071753_8_original.js_#1#196,/Users/chaiyong/Downloads/matcha/javascript_files_splits/split_03/19071753/19071753_8_48240477.js_#1#196
/Users/chaiyong/Downloads/matcha/js_repos/django-cms-smartsnippets/smartsnippets/static/libs/bootstrap/js/bootstrap.js_#1853#1971,/Users/chaiyong/Downloads/matcha/javascript_files_splits/split_08/32692123/32692123_1_recent.js_#16#125,/Users/chaiyong/Downloads/matcha/javascript_files_splits/split_08/32692123/32692123_1_original.js_#12#121,/Users/chaiyong/Downloads/matcha/javascript_files_splits/split_08/32692123/32692123_1_100163814.js_#16#125,/Users/chaiyong/Downloads/matcha/javascript_files_splits/split_08/32692123/32692123_1_100097139.js_#12#121
/Users/chaiyong/Downloads/matcha/js_repos/django-cms-smartsnippets/smartsnippets/static/libs/bootstrap/js/bootstrap.js_#1865#1895,/Users/chaiyong/Downloads/matcha/javascript_files_splits/split_08/32692123/32692123_1_recent.js_#25#56,/Users/chaiyong/Downloads/matcha/javascript_files_splits/split_08/32692123/32692123_1_original.js_#21#52,/Users/chaiyong/Downloads/matcha/javascript_files_splits/split_08/32692123/32692123_1_100163814.js_#25#56,/Users/chaiyong/Downloads/matcha/javascript_files_splits/split_08/32692123/32692123_1_100097139.js_#21#52,/Users/chaiyong/Downloads/matcha/javascript_files_splits/split_08/32692123/32692123_1_recent.js_#16#125,/Users/chaiyong/Downloads/matcha/javascript_files_splits/split_08/32692123/32692123_1_original.js_#12#121,/Users/chaiyong/Downloads/matcha/javascript_files_splits/split_08/32692123/32692123_1_100163814.js_#16#125,/Users/chaiyong/Downloads/matcha/javascript_files_splits/split_08/32692123/32692123_1_100097139.js_#12#121
/Users/chaiyong/Downloads/matcha/js_repos/django-cms-smartsnippets/smartsnippets/static/libs/bootstrap/js/bootstrap.js_#1897#1932,/Users/chaiyong/Downloads/matcha/javascript_files_splits/split_08/32692123/32692123_1_recent.js_#57#96,/Users/chaiyong/Downloads/matcha/javascript_files_splits/split_08/32692123/32692123_1_original.js_#53#92,/Users/chaiyong/Downloads/matcha/javascript_files_splits/split_08/32692123/32692123_1_100163814.js_#57#96,/Users/chaiyong/Downloads/matcha/javascript_files_splits/split_08/32692123/32692123_1_100097139.js_#53#92,/Users/chaiyong/Downloads/matcha/javascript_files_splits/split_08/32692123/32692123_1_recent.js_#16#125,/Users/chaiyong/Downloads/matcha/javascript_files_splits/split_08/32692123/32692123_1_original.js_#12#121,/Users/chaiyong/Downloads/matcha/javascript_files_splits/split_08/32692123/32692123_1_100163814.js_#16#125,/Users/chaiyong/Downloads/matcha/javascript_files_splits/split_08/32692123/32692123_1_100097139.js_#12#121
/Users/chaiyong/Downloads/matcha/js_repos/django-cms-smartsnippets/smartsnippets/static/libs/bootstrap/js/bootstrap.js_#1903#1923,/Users/chaiyong/Downloads/matcha/javascript_files_splits/split_08/32692123/32692123_1_recent.js_#62#89,/Users/chaiyong/Downloads/matcha/javascript_files_splits/split_08/32692123/32692123_1_original.js_#58#85,/Users/chaiyong/Downloads/matcha/javascript_files_splits/split_08/32692123/32692123_1_100163814.js_#62#89,/Users/chaiyong/Downloads/matcha/javascript_files_splits/split_08/32692123/32692123_1_100097139.js_#58#85,/Users/chaiyong/Downloads/matcha/javascript_files_splits/split_08/32692123/32692123_1_recent.js_#57#96,/Users/chaiyong/Downloads/matcha/javascript_files_splits/split_08/32692123/32692123_1_original.js_#53#92,/Users/chaiyong/Downloads/matcha/javascript_files_splits/split_08/32692123/32692123_1_100163814.js_#57#96,/Users/chaiyong/Downloads/matcha/javascript_files_splits/split_08/32692123/32692123_1_100097139.js_#53#92,/Users/chaiyong/Downloads/matcha/javascript_files_splits/split_08/32692123/32692123_1_recent.js_#16#125,/Users/chaiyong/Downloads/matcha/javascript_files_splits/split_08/32692123/32692123_1_original.js_#12#121,/Users/chaiyong/Downloads/matcha/javascript_files_splits/split_08/32692123/32692123_1_100163814.js_#16#125,/Users/chaiyong/Downloads/matcha/javascript_files_splits/split_08/32692123/32692123_1_100097139.js_#12#121
/Users/chaiyong/Downloads/matcha/js_repos/django-cms-smartsnippets/smartsnippets/static/libs/bootstrap/js/bootstrap.js_#1938#1946,/Users/chaiyong/Downloads/matcha/javascript_files_splits/split_08/32692123/32692123_1_recent.js_#99#106,/Users/chaiyong/Downloads/matcha/javascript_files_splits/split_08/32692123/32692123_1_original.js_#95#102,/Users/chaiyong/Downloads/matcha/javascript_files_splits/split_08/32692123/32692123_1_100163814.js_#99#106,/Users/chaiyong/Downloads/matcha/javascript_files_splits/split_08/32692123/32692123_1_100097139.js_#95#102,/Users/chaiyong/Downloads/matcha/javascript_files_splits/split_08/32692123/32692123_1_recent.js_#100#105,/Users/chaiyong/Downloads/matcha/javascript_files_splits/split_08/32692123/32692123_1_original.js_#96#101,/Users/chaiyong/Downloads/matcha/javascript_files_splits/split_08/32692123/32692123_1_100163814.js_#100#105,/Users/chaiyong/Downloads/matcha/javascript_files_splits/split_08/32692123/32692123_1_100097139.js_#96#101,/Users/chaiyong/Downloads/matcha/javascript_files_splits/split_20/9160058/9160058_4_recent.js_#1#10,/Users/chaiyong/Downloads/matcha/javascript_files_splits/split_20/9160058/9160058_4_original.js_#1#10,/Users/chaiyong/Downloads/matcha/javascript_files_splits/split_20/9160058/9160058_4_20802924.js_#1#10,/Users/chaiyong/Downloads/matcha/javascript_files_splits/split_08/32692123/32692123_1_recent.js_#16#125,/Users/chaiyong/Downloads/matcha/javascript_files_splits/split_08/32692123/32692123_1_original.js_#12#121,/Users/chaiyong/Downloads/matcha/javascript_files_splits/split_08/32692123/32692123_1_100163814.js_#16#125,/Users/chaiyong/Downloads/matcha/javascript_files_splits/split_08/32692123/32692123_1_100097139.js_#12#121,/Users/chaiyong/Downloads/matcha/javascript_files_splits/split_16/54049127/54049127_6_recent.js_#236#248,/Users/chaiyong/Downloads/matcha/javascript_files_splits/split_16/54049127/54049127_6_original.js_#236#248,/Users/chaiyong/Downloads/matcha/javascript_files_splits/split_16/54049127/54049127_6_188985801.js_#236#248,/Users/chaiyong/Downloads/matcha/javascript_files_splits/split_16/54049127/54049127_6_188969144.js_#236#248,/Users/chaiyong/Downloads/matcha/javascript_files_splits/split_16/54049127/54049127_6_recent.js_#70#297,/Users/chaiyong/Downloads/matcha/javascript_files_splits/split_16/54049127/54049127_6_original.js_#70#297,/Users/chaiyong/Downloads/matcha/javascript_files_splits/split_16/54049127/54049127_6_188985801.js_#70#297,/Users/chaiyong/Downloads/matcha/javascript_files_splits/split_16/54049127/54049127_6_188969144.js_#70#297
/Users/chaiyong/Downloads/matcha/js_repos/django-cms-smartsnippets/smartsnippets/static/libs/bootstrap/js/bootstrap.js_#1939#1945,/Users/chaiyong/Downloads/matcha/javascript_files_splits/split_08/32692123/32692123_1_recent.js_#100#105,/Users/chaiyong/Downloads/matcha/javascript_files_splits/split_08/32692123/32692123_1_original.js_#96#101,/Users/chaiyong/Downloads/matcha/javascript_files_splits/split_08/32692123/32692123_1_100163814.js_#100#105,/Users/chaiyong/Downloads/matcha/javascript_files_splits/split_08/32692123/32692123_1_100097139.js_#96#101,/Users/chaiyong/Downloads/matcha/javascript_files_splits/split_08/32692123/32692123_1_recent.js_#99#106,/Users/chaiyong/Downloads/matcha/javascript_files_splits/split_08/32692123/32692123_1_original.js_#95#102,/Users/chaiyong/Downloads/matcha/javascript_files_splits/split_08/32692123/32692123_1_100163814.js_#99#106,/Users/chaiyong/Downloads/matcha/javascript_files_splits/split_08/32692123/32692123_1_100097139.js_#95#102,/Users/chaiyong/Downloads/matcha/javascript_files_splits/split_08/32692123/32692123_1_recent.js_#16#125,/Users/chaiyong/Downloads/matcha/javascript_files_splits/split_08/32692123/32692123_1_original.js_#12#121,/Users/chaiyong/Downloads/matcha/javascript_files_splits/split_08/32692123/32692123_1_100163814.js_#16#125,/Users/chaiyong/Downloads/matcha/javascript_files_splits/split_08/32692123/32692123_1_100097139.js_#12#121
/Users/chaiyong/Downloads/matcha/js_repos/django-cms-smartsnippets/smartsnippets/static/libs/bootstrap/js/bootstrap.js_#2071#2080,/Users/chaiyong/Downloads/matcha/javascript_files_splits/split_03/19071753/19071753_8_recent.js_#174#182,/Users/chaiyong/Downloads/matcha/javascript_files_splits/split_03/19071753/19071753_8_original.js_#174#182,/Users/chaiyong/Downloads/matcha/javascript_files_splits/split_03/19071753/19071753_8_48240477.js_#174#182,/Users/chaiyong/Downloads/matcha/javascript_files_splits/split_20/9160058/9160058_4_recent.js_#1#10,/Users/chaiyong/Downloads/matcha/javascript_files_splits/split_20/9160058/9160058_4_original.js_#1#10,/Users/chaiyong/Downloads/matcha/javascript_files_splits/split_20/9160058/9160058_4_20802924.js_#1#10,/Users/chaiyong/Downloads/matcha/javascript_files_splits/split_16/54049127/54049127_6_recent.js_#236#248,/Users/chaiyong/Downloads/matcha/javascript_files_splits/split_16/54049127/54049127_6_original.js_#236#248,/Users/chaiyong/Downloads/matcha/javascript_files_splits/split_16/54049127/54049127_6_188985801.js_#236#248,/Users/chaiyong/Downloads/matcha/javascript_files_splits/split_16/54049127/54049127_6_188969144.js_#236#248,/Users/chaiyong/Downloads/matcha/javascript_files_splits/split_03/19071753/19071753_8_recent.js_#1#196,/Users/chaiyong/Downloads/matcha/javascript_files_splits/split_03/19071753/19071753_8_original.js_#1#196,/Users/chaiyong/Downloads/matcha/javascript_files_splits/split_03/19071753/19071753_8_48240477.js_#1#196,/Users/chaiyong/Downloads/matcha/javascript_files_splits/split_08/32692123/32692123_1_recent.js_#16#125,/Users/chaiyong/Downloads/matcha/javascript_files_splits/split_08/32692123/32692123_1_original.js_#12#121,/Users/chaiyong/Downloads/matcha/javascript_files_splits/split_08/32692123/32692123_1_100163814.js_#16#125,/Users/chaiyong/Downloads/matcha/javascript_files_splits/split_08/32692123/32692123_1_100097139.js_#12#121,/Users/chaiyong/Downloads/matcha/javascript_files_splits/split_16/54049127/54049127_6_recent.js_#70#297,/Users/chaiyong/Downloads/matcha/javascript_files_splits/split_16/54049127/54049127_6_original.js_#70#297,/Users/chaiyong/Downloads/matcha/javascript_files_splits/split_16/54049127/54049127_6_188985801.js_#70#297,/Users/chaiyong/Downloads/matcha/javascript_files_splits/split_16/54049127/54049127_6_188969144.js_#70#297
/Users/chaiyong/Downloads/matcha/js_repos/django-cms-smartsnippets/smartsnippets/static/libs/bootstrap/js/bootstrap.js_#2072#2079,/Users/chaiyong/Downloads/matcha/javascript_files_splits/split_03/19071753/19071753_8_recent.js_#175#181,/Users/chaiyong/Downloads/matcha/javascript_files_splits/split_03/19071753/19071753_8_original.js_#175#181,/Users/chaiyong/Downloads/matcha/javascript_files_splits/split_03/19071753/19071753_8_48240477.js_#175#181,/Users/chaiyong/Downloads/matcha/javascript_files_splits/split_03/19071753/19071753_8_recent.js_#174#182,/Users/chaiyong/Downloads/matcha/javascript_files_splits/split_03/19071753/19071753_8_original.js_#174#182,/Users/chaiyong/Downloads/matcha/javascript_files_splits/split_03/19071753/19071753_8_48240477.js_#174#182,/Users/chaiyong/Downloads/matcha/javascript_files_splits/split_20/9160058/9160058_4_recent.js_#2#9,/Users/chaiyong/Downloads/matcha/javascript_files_splits/split_20/9160058/9160058_4_original.js_#2#9,/Users/chaiyong/Downloads/matcha/javascript_files_splits/split_20/9160058/9160058_4_20802924.js_#2#9,/Users/chaiyong/Downloads/matcha/javascript_files_splits/split_20/9160058/9160058_4_recent.js_#1#10,/Users/chaiyong/Downloads/matcha/javascript_files_splits/split_20/9160058/9160058_4_original.js_#1#10,/Users/chaiyong/Downloads/matcha/javascript_files_splits/split_20/9160058/9160058_4_20802924.js_#1#10,/Users/chaiyong/Downloads/matcha/javascript_files_splits/split_03/19071753/19071753_8_recent.js_#1#196,/Users/chaiyong/Downloads/matcha/javascript_files_splits/split_03/19071753/19071753_8_original.js_#1#196,/Users/chaiyong/Downloads/matcha/javascript_files_splits/split_03/19071753/19071753_8_48240477.js_#1#196
