/Users/chaiyong/Downloads/matcha/js_repos/react/scripts/rollup/bundles.js_#1307#1319,/Users/chaiyong/Downloads/matcha/javascript_files_splits/split_09/34776962/34776962_1_108400929.js_#1#13,/Users/chaiyong/Downloads/matcha/javascript_files_splits/split_09/34776962/34776962_1_original.js_#1#14,/Users/chaiyong/Downloads/matcha/javascript_files_splits/split_09/34776962/34776962_1_108385711.js_#1#14,/Users/chaiyong/Downloads/matcha/javascript_files_splits/split_09/34776962/34776962_1_recent.js_#1#16,/Users/chaiyong/Downloads/matcha/javascript_files_splits/split_09/34776962/34776962_1_134440381.js_#1#16
/Users/chaiyong/Downloads/matcha/js_repos/react/scripts/rollup/bundles.js_#1309#1317,/Users/chaiyong/Downloads/matcha/javascript_files_splits/split_09/34776962/34776962_1_recent.js_#7#13,/Users/chaiyong/Downloads/matcha/javascript_files_splits/split_09/34776962/34776962_1_134440381.js_#7#13,/Users/chaiyong/Downloads/matcha/javascript_files_splits/split_09/34776962/34776962_1_108400929.js_#4#10,/Users/chaiyong/Downloads/matcha/javascript_files_splits/split_09/34776962/34776962_1_original.js_#4#11,/Users/chaiyong/Downloads/matcha/javascript_files_splits/split_09/34776962/34776962_1_108385711.js_#4#11,/Users/chaiyong/Downloads/matcha/javascript_files_splits/split_09/34776962/34776962_1_108400929.js_#1#13,/Users/chaiyong/Downloads/matcha/javascript_files_splits/split_09/34776962/34776962_1_recent.js_#1#16,/Users/chaiyong/Downloads/matcha/javascript_files_splits/split_09/34776962/34776962_1_134440381.js_#1#16,/Users/chaiyong/Downloads/matcha/javascript_files_splits/split_09/34776962/34776962_1_original.js_#1#14,/Users/chaiyong/Downloads/matcha/javascript_files_splits/split_09/34776962/34776962_1_108385711.js_#1#14
/Users/chaiyong/Downloads/matcha/js_repos/react/packages/use-sync-external-store/src/__tests__/useSyncExternalStoreShared-test.js_#886#896,/Users/chaiyong/Downloads/matcha/javascript_files_splits/split_16/52671435/52671435_8_183218211.js_#13#21,/Users/chaiyong/Downloads/matcha/javascript_files_splits/split_16/52671435/52671435_6_183184453.js_#13#21,/Users/chaiyong/Downloads/matcha/javascript_files_splits/split_16/52671435/52671435_6_183183741.js_#13#21,/Users/chaiyong/Downloads/matcha/javascript_files_splits/split_16/52671435/52671435_4_183183294.js_#13#21,/Users/chaiyong/Downloads/matcha/javascript_files_splits/split_16/52671435/52671435_10_201874487.js_#15#23,/Users/chaiyong/Downloads/matcha/javascript_files_splits/split_16/52671435/52671435_10_183220445.js_#15#23,/Users/chaiyong/Downloads/matcha/javascript_files_splits/split_16/52671435/52671435_10_183220065.js_#13#21,/Users/chaiyong/Downloads/matcha/javascript_files_splits/split_16/52671435/52671435_10_183219250.js_#13#21
/Users/chaiyong/Downloads/matcha/js_repos/react/packages/react/src/ReactBaseClasses.js_#19#27,/Users/chaiyong/Downloads/matcha/javascript_files_splits/split_16/52681320/52681320_6_recent.js_#1#9,/Users/chaiyong/Downloads/matcha/javascript_files_splits/split_16/52681320/52681320_6_original.js_#1#9,/Users/chaiyong/Downloads/matcha/javascript_files_splits/split_16/52681320/52681320_6_183225306.js_#1#9,/Users/chaiyong/Downloads/matcha/javascript_files_splits/split_16/52681320/52681320_6_183225067.js_#1#9,/Users/chaiyong/Downloads/matcha/javascript_files_splits/split_16/52681320/52681320_6_183224780.js_#1#9
/Users/chaiyong/Downloads/matcha/js_repos/react/packages/react/src/ReactBaseClasses.js_#132#138,/Users/chaiyong/Downloads/matcha/javascript_files_splits/split_16/52681320/52681320_6_recent.js_#1#9,/Users/chaiyong/Downloads/matcha/javascript_files_splits/split_16/52681320/52681320_6_original.js_#1#9,/Users/chaiyong/Downloads/matcha/javascript_files_splits/split_16/52681320/52681320_6_183225306.js_#1#9,/Users/chaiyong/Downloads/matcha/javascript_files_splits/split_16/52681320/52681320_6_183225067.js_#1#9,/Users/chaiyong/Downloads/matcha/javascript_files_splits/split_16/52681320/52681320_6_183224780.js_#1#9
/Users/chaiyong/Downloads/matcha/js_repos/react/packages/react-devtools-shared/src/hooks/__tests__/__source__/ContainingStringSourceMappingURL.js_#18#28,/Users/chaiyong/Downloads/matcha/javascript_files_splits/split_17/57961381/57961381_2_recent.js_#1#38,/Users/chaiyong/Downloads/matcha/javascript_files_splits/split_17/57961381/57961381_2_original.js_#1#38,/Users/chaiyong/Downloads/matcha/javascript_files_splits/split_17/57961381/57961381_2_205459452.js_#1#38,/Users/chaiyong/Downloads/matcha/javascript_files_splits/split_17/57961381/57961381_2_205459096.js_#1#38
/Users/chaiyong/Downloads/matcha/js_repos/react/packages/react-devtools-shared/src/hooks/__tests__/__source__/Example.js_#12#21,/Users/chaiyong/Downloads/matcha/javascript_files_splits/split_18/60805143/60805143_2_217458265.js_#4#15,/Users/chaiyong/Downloads/matcha/javascript_files_splits/split_16/53253750/53253750_4_recent.js_#1#16,/Users/chaiyong/Downloads/matcha/javascript_files_splits/split_16/53253750/53253750_4_original.js_#1#16,/Users/chaiyong/Downloads/matcha/javascript_files_splits/split_16/53253750/53253750_4_212364160.js_#1#16,/Users/chaiyong/Downloads/matcha/javascript_files_splits/split_16/53253750/53253750_4_185616568.js_#1#16,/Users/chaiyong/Downloads/matcha/javascript_files_splits/split_16/53253750/53253750_4_185616236.js_#1#16,/Users/chaiyong/Downloads/matcha/javascript_files_splits/split_16/53253750/53253750_4_185615433.js_#1#16,/Users/chaiyong/Downloads/matcha/javascript_files_splits/split_16/53253750/53253750_4_185615101.js_#1#16,/Users/chaiyong/Downloads/matcha/javascript_files_splits/split_18/58633547/58633547_2_recent.js_#3#19,/Users/chaiyong/Downloads/matcha/javascript_files_splits/split_18/58633547/58633547_2_original.js_#3#19,/Users/chaiyong/Downloads/matcha/javascript_files_splits/split_18/58633547/58633547_2_208264800.js_#3#19,/Users/chaiyong/Downloads/matcha/javascript_files_splits/split_18/58633547/58633547_2_208264526.js_#3#19,/Users/chaiyong/Downloads/matcha/javascript_files_splits/split_16/53253750/53253750_2_recent.js_#1#16,/Users/chaiyong/Downloads/matcha/javascript_files_splits/split_16/53253750/53253750_2_original.js_#1#16,/Users/chaiyong/Downloads/matcha/javascript_files_splits/split_16/53253750/53253750_2_212364160.js_#1#16,/Users/chaiyong/Downloads/matcha/javascript_files_splits/split_16/53253750/53253750_2_185616568.js_#1#16,/Users/chaiyong/Downloads/matcha/javascript_files_splits/split_16/53253750/53253750_2_185616236.js_#1#16,/Users/chaiyong/Downloads/matcha/javascript_files_splits/split_16/53253750/53253750_2_185615433.js_#1#16,/Users/chaiyong/Downloads/matcha/javascript_files_splits/split_16/53253750/53253750_2_185615101.js_#1#16,/Users/chaiyong/Downloads/matcha/javascript_files_splits/split_16/53253750/53253750_8_original.js_#1#19,/Users/chaiyong/Downloads/matcha/javascript_files_splits/split_16/53253750/53253750_8_185616568.js_#1#19,/Users/chaiyong/Downloads/matcha/javascript_files_splits/split_16/53253750/53253750_6_185616236.js_#1#19,/Users/chaiyong/Downloads/matcha/javascript_files_splits/split_16/53253750/53253750_6_185615433.js_#1#19,/Users/chaiyong/Downloads/matcha/javascript_files_splits/split_16/53253750/53253750_6_185615101.js_#1#19,/Users/chaiyong/Downloads/matcha/javascript_files_splits/split_16/53253750/53253750_8_recent.js_#1#19,/Users/chaiyong/Downloads/matcha/javascript_files_splits/split_16/53253750/53253750_8_212364160.js_#1#19,/Users/chaiyong/Downloads/matcha/javascript_files_splits/split_16/53254028/53254028_2_recent.js_#2#24,/Users/chaiyong/Downloads/matcha/javascript_files_splits/split_16/53254028/53254028_2_original.js_#2#24,/Users/chaiyong/Downloads/matcha/javascript_files_splits/split_16/53254028/53254028_2_185617540.js_#2#24,/Users/chaiyong/Downloads/matcha/javascript_files_splits/split_16/53254028/53254028_2_185616319.js_#2#24,/Users/chaiyong/Downloads/matcha/javascript_files_splits/split_16/53254028/53254028_2_185616271.js_#2#24,/Users/chaiyong/Downloads/matcha/javascript_files_splits/split_16/53253750/53253750_6_recent.js_#1#26,/Users/chaiyong/Downloads/matcha/javascript_files_splits/split_16/53253750/53253750_6_original.js_#1#26,/Users/chaiyong/Downloads/matcha/javascript_files_splits/split_16/53253750/53253750_6_212364160.js_#1#26,/Users/chaiyong/Downloads/matcha/javascript_files_splits/split_16/53253750/53253750_6_185616568.js_#1#26,/Users/chaiyong/Downloads/matcha/javascript_files_splits/split_19/62346216/62346216_4_recent.js_#1#18,/Users/chaiyong/Downloads/matcha/javascript_files_splits/split_19/62346216/62346216_4_original.js_#1#18,/Users/chaiyong/Downloads/matcha/javascript_files_splits/split_19/62346216/62346216_4_223948101.js_#1#18,/Users/chaiyong/Downloads/matcha/javascript_files_splits/split_19/62346216/62346216_4_223939368.js_#1#18,/Users/chaiyong/Downloads/matcha/javascript_files_splits/split_19/62346216/62346216_4_223938419.js_#1#18,/Users/chaiyong/Downloads/matcha/javascript_files_splits/split_19/62346216/62346216_4_223937878.js_#1#18,/Users/chaiyong/Downloads/matcha/javascript_files_splits/split_19/62346216/62346216_4_223928061.js_#1#18,/Users/chaiyong/Downloads/matcha/javascript_files_splits/split_19/62346216/62346216_4_223927521.js_#1#18,/Users/chaiyong/Downloads/matcha/javascript_files_splits/split_19/62346216/62346216_4_223927158.js_#1#18,/Users/chaiyong/Downloads/matcha/javascript_files_splits/split_16/53254018/53254018_5_recent.js_#1#23,/Users/chaiyong/Downloads/matcha/javascript_files_splits/split_16/53254018/53254018_5_185616782.js_#1#23,/Users/chaiyong/Downloads/matcha/javascript_files_splits/split_16/53254018/53254018_5_185616476.js_#1#23,/Users/chaiyong/Downloads/matcha/javascript_files_splits/split_17/57961381/57961381_2_recent.js_#1#38,/Users/chaiyong/Downloads/matcha/javascript_files_splits/split_17/57961381/57961381_2_original.js_#1#38,/Users/chaiyong/Downloads/matcha/javascript_files_splits/split_17/57961381/57961381_2_205459452.js_#1#38,/Users/chaiyong/Downloads/matcha/javascript_files_splits/split_17/57961381/57961381_2_205459096.js_#1#38
/Users/chaiyong/Downloads/matcha/js_repos/react/fixtures/stacks/BabelClasses-compiled.js_#9#22,/Users/chaiyong/Downloads/matcha/javascript_files_splits/split_11/40130419/40130419_6_recent.js_#1#13,/Users/chaiyong/Downloads/matcha/javascript_files_splits/split_11/40130419/40130419_6_original.js_#1#13,/Users/chaiyong/Downloads/matcha/javascript_files_splits/split_11/40130419/40130419_6_129640256.js_#1#13,/Users/chaiyong/Downloads/matcha/javascript_files_splits/split_11/40130419/40130419_6_129639231.js_#1#13
/Users/chaiyong/Downloads/matcha/js_repos/react/fixtures/flight-ssr-bench/src/components/SidebarSection.js_#3#10,/Users/chaiyong/Downloads/matcha/javascript_files_splits/split_14/48157080/48157080_6_recent.js_#14#21,/Users/chaiyong/Downloads/matcha/javascript_files_splits/split_14/48157080/48157080_6_original.js_#14#21,/Users/chaiyong/Downloads/matcha/javascript_files_splits/split_14/48157080/48157080_6_164254330.js_#14#21,/Users/chaiyong/Downloads/matcha/javascript_files_splits/split_14/48157080/48157080_6_164250094.js_#14#21,/Users/chaiyong/Downloads/matcha/javascript_files_splits/split_14/48157080/48157080_4_164249604.js_#14#21,/Users/chaiyong/Downloads/matcha/javascript_files_splits/split_14/48157080/48157080_4_164249158.js_#14#21,/Users/chaiyong/Downloads/matcha/javascript_files_splits/split_08/31175118/31175118_2_recent.js_#29#51,/Users/chaiyong/Downloads/matcha/javascript_files_splits/split_08/31175118/31175118_2_original.js_#29#51,/Users/chaiyong/Downloads/matcha/javascript_files_splits/split_08/31175118/31175118_2_94147262.js_#29#51,/Users/chaiyong/Downloads/matcha/javascript_files_splits/split_08/31175118/31175118_2_94147089.js_#29#51
/Users/chaiyong/Downloads/matcha/js_repos/react/fixtures/dom/src/react-loader.js_#12#21,/Users/chaiyong/Downloads/matcha/javascript_files_splits/split_17/56583554/56583554_2_original.js_#1#9,/Users/chaiyong/Downloads/matcha/javascript_files_splits/split_17/56583554/56583554_2_199616094.js_#1#9,/Users/chaiyong/Downloads/matcha/javascript_files_splits/split_17/56583554/56583554_2_199616582.js_#1#10
/Users/chaiyong/Downloads/matcha/js_repos/react/fixtures/dom/src/polyfills.js_#11#36,/Users/chaiyong/Downloads/matcha/javascript_files_splits/split_08/32365664/32365664_2_original.js_#2#26,/Users/chaiyong/Downloads/matcha/javascript_files_splits/split_08/32365664/32365664_2_98807066.js_#2#26,/Users/chaiyong/Downloads/matcha/javascript_files_splits/split_02/14614310/14614310_2_recent.js_#68#95,/Users/chaiyong/Downloads/matcha/javascript_files_splits/split_02/14614310/14614310_2_original.js_#68#95,/Users/chaiyong/Downloads/matcha/javascript_files_splits/split_02/14614310/14614310_2_35254733.js_#68#95,/Users/chaiyong/Downloads/matcha/javascript_files_splits/split_02/14614310/14614310_2_35254409.js_#68#95,/Users/chaiyong/Downloads/matcha/javascript_files_splits/split_05/24228081/24228081_2_recent.js_#1#24,/Users/chaiyong/Downloads/matcha/javascript_files_splits/split_05/24228081/24228081_2_original.js_#1#24,/Users/chaiyong/Downloads/matcha/javascript_files_splits/split_05/24228081/24228081_2_79321875.js_#1#24,/Users/chaiyong/Downloads/matcha/javascript_files_splits/split_05/24228081/24228081_2_67316508.js_#1#24,/Users/chaiyong/Downloads/matcha/javascript_files_splits/split_05/24228081/24228081_2_67316314.js_#1#24,/Users/chaiyong/Downloads/matcha/javascript_files_splits/split_16/53344295/53344295_3_recent.js_#19#234,/Users/chaiyong/Downloads/matcha/javascript_files_splits/split_16/53344295/53344295_3_original.js_#19#234,/Users/chaiyong/Downloads/matcha/javascript_files_splits/split_16/53344295/53344295_3_186046062.js_#19#234,/Users/chaiyong/Downloads/matcha/javascript_files_splits/split_16/53344295/53344295_3_185986772.js_#19#234
/Users/chaiyong/Downloads/matcha/js_repos/react/fixtures/dom/src/polyfills.js_#22#30,/Users/chaiyong/Downloads/matcha/javascript_files_splits/split_16/53344295/53344295_3_recent.js_#60#68,/Users/chaiyong/Downloads/matcha/javascript_files_splits/split_16/53344295/53344295_3_original.js_#60#68,/Users/chaiyong/Downloads/matcha/javascript_files_splits/split_16/53344295/53344295_3_186046062.js_#60#68,/Users/chaiyong/Downloads/matcha/javascript_files_splits/split_16/53344295/53344295_3_185986772.js_#60#68,/Users/chaiyong/Downloads/matcha/javascript_files_splits/split_09/34299858/34299858_8_recent.js_#29#37,/Users/chaiyong/Downloads/matcha/javascript_files_splits/split_09/34299858/34299858_8_original.js_#29#37,/Users/chaiyong/Downloads/matcha/javascript_files_splits/split_09/34299858/34299858_8_106483009.js_#29#37,/Users/chaiyong/Downloads/matcha/javascript_files_splits/split_08/32365664/32365664_2_original.js_#12#21,/Users/chaiyong/Downloads/matcha/javascript_files_splits/split_08/32365664/32365664_2_98807066.js_#12#21,/Users/chaiyong/Downloads/matcha/javascript_files_splits/split_05/24886456/24886456_2_recent.js_#31#41,/Users/chaiyong/Downloads/matcha/javascript_files_splits/split_05/24886456/24886456_2_original.js_#31#41,/Users/chaiyong/Downloads/matcha/javascript_files_splits/split_05/24886456/24886456_2_69861847.js_#31#41,/Users/chaiyong/Downloads/matcha/javascript_files_splits/split_05/24886456/24886456_2_69859902.js_#31#41,/Users/chaiyong/Downloads/matcha/javascript_files_splits/split_05/24886456/24886456_2_69858342.js_#31#41,/Users/chaiyong/Downloads/matcha/javascript_files_splits/split_05/24228081/24228081_2_recent.js_#11#18,/Users/chaiyong/Downloads/matcha/javascript_files_splits/split_05/24228081/24228081_2_original.js_#11#18,/Users/chaiyong/Downloads/matcha/javascript_files_splits/split_05/24228081/24228081_2_79321875.js_#11#18,/Users/chaiyong/Downloads/matcha/javascript_files_splits/split_05/24228081/24228081_2_67316508.js_#11#18,/Users/chaiyong/Downloads/matcha/javascript_files_splits/split_05/24228081/24228081_2_67316314.js_#11#18,/Users/chaiyong/Downloads/matcha/javascript_files_splits/split_02/14614310/14614310_2_recent.js_#79#89,/Users/chaiyong/Downloads/matcha/javascript_files_splits/split_02/14614310/14614310_2_original.js_#79#89,/Users/chaiyong/Downloads/matcha/javascript_files_splits/split_02/14614310/14614310_2_35254733.js_#79#89,/Users/chaiyong/Downloads/matcha/javascript_files_splits/split_02/14614310/14614310_2_35254409.js_#79#89,/Users/chaiyong/Downloads/matcha/javascript_files_splits/split_11/39393699/39393699_2_original.js_#47#54,/Users/chaiyong/Downloads/matcha/javascript_files_splits/split_11/39393699/39393699_2_126837122.js_#44#51,/Users/chaiyong/Downloads/matcha/javascript_files_splits/split_11/39393699/39393699_2_126813726.js_#47#54,/Users/chaiyong/Downloads/matcha/javascript_files_splits/split_11/39393699/39393699_2_126813600.js_#47#54,/Users/chaiyong/Downloads/matcha/javascript_files_splits/split_11/39393699/39393699_2_126813421.js_#47#54,/Users/chaiyong/Downloads/matcha/javascript_files_splits/split_11/39393699/39393699_2_original.js_#44#58,/Users/chaiyong/Downloads/matcha/javascript_files_splits/split_11/39393699/39393699_2_126837122.js_#41#55,/Users/chaiyong/Downloads/matcha/javascript_files_splits/split_11/39393699/39393699_2_126813726.js_#44#58,/Users/chaiyong/Downloads/matcha/javascript_files_splits/split_11/39393699/39393699_2_126813600.js_#44#58,/Users/chaiyong/Downloads/matcha/javascript_files_splits/split_11/39393699/39393699_2_126813421.js_#44#58,/Users/chaiyong/Downloads/matcha/javascript_files_splits/split_09/34299858/34299858_8_recent.js_#9#45,/Users/chaiyong/Downloads/matcha/javascript_files_splits/split_09/34299858/34299858_8_original.js_#9#45,/Users/chaiyong/Downloads/matcha/javascript_files_splits/split_09/34299858/34299858_8_106483009.js_#9#45,/Users/chaiyong/Downloads/matcha/javascript_files_splits/split_05/24886456/24886456_2_recent.js_#13#53,/Users/chaiyong/Downloads/matcha/javascript_files_splits/split_05/24886456/24886456_2_original.js_#13#53,/Users/chaiyong/Downloads/matcha/javascript_files_splits/split_05/24886456/24886456_2_69861847.js_#13#53,/Users/chaiyong/Downloads/matcha/javascript_files_splits/split_05/24886456/24886456_2_69859902.js_#13#53,/Users/chaiyong/Downloads/matcha/javascript_files_splits/split_05/24886456/24886456_2_69858342.js_#13#53,/Users/chaiyong/Downloads/matcha/javascript_files_splits/split_08/32365664/32365664_2_original.js_#2#26,/Users/chaiyong/Downloads/matcha/javascript_files_splits/split_08/32365664/32365664_2_98807066.js_#2#26,/Users/chaiyong/Downloads/matcha/javascript_files_splits/split_05/24228081/24228081_2_recent.js_#1#24,/Users/chaiyong/Downloads/matcha/javascript_files_splits/split_05/24228081/24228081_2_original.js_#1#24,/Users/chaiyong/Downloads/matcha/javascript_files_splits/split_05/24228081/24228081_2_79321875.js_#1#24,/Users/chaiyong/Downloads/matcha/javascript_files_splits/split_05/24228081/24228081_2_67316508.js_#1#24,/Users/chaiyong/Downloads/matcha/javascript_files_splits/split_05/24228081/24228081_2_67316314.js_#1#24,/Users/chaiyong/Downloads/matcha/javascript_files_splits/split_02/14614310/14614310_2_recent.js_#68#95,/Users/chaiyong/Downloads/matcha/javascript_files_splits/split_02/14614310/14614310_2_original.js_#68#95,/Users/chaiyong/Downloads/matcha/javascript_files_splits/split_02/14614310/14614310_2_35254733.js_#68#95,/Users/chaiyong/Downloads/matcha/javascript_files_splits/split_02/14614310/14614310_2_35254409.js_#68#95,/Users/chaiyong/Downloads/matcha/javascript_files_splits/split_16/53344295/53344295_3_recent.js_#19#234,/Users/chaiyong/Downloads/matcha/javascript_files_splits/split_16/53344295/53344295_3_original.js_#19#234,/Users/chaiyong/Downloads/matcha/javascript_files_splits/split_16/53344295/53344295_3_186046062.js_#19#234,/Users/chaiyong/Downloads/matcha/javascript_files_splits/split_16/53344295/53344295_3_185986772.js_#19#234
/Users/chaiyong/Downloads/matcha/js_repos/react/fixtures/nesting/src/store.js_#3#10,/Users/chaiyong/Downloads/matcha/javascript_files_splits/split_09/33791942/33791942_2_recent.js_#1#7,/Users/chaiyong/Downloads/matcha/javascript_files_splits/split_09/33791942/33791942_2_original.js_#1#7,/Users/chaiyong/Downloads/matcha/javascript_files_splits/split_09/33791942/33791942_2_224692905.js_#1#7,/Users/chaiyong/Downloads/matcha/javascript_files_splits/split_09/33791942/33791942_2_150568580.js_#1#7,/Users/chaiyong/Downloads/matcha/javascript_files_splits/split_09/33791942/33791942_2_104444548.js_#1#7,/Users/chaiyong/Downloads/matcha/javascript_files_splits/split_09/33791942/33791942_2_104443856.js_#1#7
/Users/chaiyong/Downloads/matcha/js_repos/react/compiler/packages/babel-plugin-react-compiler/src/__tests__/fixtures/compiler/outlining-in-func-expr.js_#1#9,/Users/chaiyong/Downloads/matcha/javascript_files_splits/split_16/53720872/53720872_8_recent.js_#2#12,/Users/chaiyong/Downloads/matcha/javascript_files_splits/split_16/53720872/53720872_8_original.js_#2#12,/Users/chaiyong/Downloads/matcha/javascript_files_splits/split_16/53720872/53720872_8_194999165.js_#2#12,/Users/chaiyong/Downloads/matcha/javascript_files_splits/split_18/58848523/58848523_2_recent.js_#39#76,/Users/chaiyong/Downloads/matcha/javascript_files_splits/split_18/58848523/58848523_2_209493382.js_#39#76,/Users/chaiyong/Downloads/matcha/javascript_files_splits/split_18/58848523/58848523_2_original.js_#29#62,/Users/chaiyong/Downloads/matcha/javascript_files_splits/split_18/58848523/58848523_2_209168379.js_#29#62,/Users/chaiyong/Downloads/matcha/javascript_files_splits/split_15/49690890/49690890_2_recent.js_#16#26,/Users/chaiyong/Downloads/matcha/javascript_files_splits/split_15/49690890/49690890_2_original.js_#16#26,/Users/chaiyong/Downloads/matcha/javascript_files_splits/split_15/49690890/49690890_2_170670986.js_#16#26,/Users/chaiyong/Downloads/matcha/javascript_files_splits/split_15/49690890/49690890_2_170670266.js_#16#26,/Users/chaiyong/Downloads/matcha/javascript_files_splits/split_15/49690890/49690890_2_170668991.js_#16#26,/Users/chaiyong/Downloads/matcha/javascript_files_splits/split_15/49690890/49690890_2_170668385.js_#16#26,/Users/chaiyong/Downloads/matcha/javascript_files_splits/split_14/48480668/48480668_4_recent.js_#4#15,/Users/chaiyong/Downloads/matcha/javascript_files_splits/split_14/48480668/48480668_4_original.js_#4#15,/Users/chaiyong/Downloads/matcha/javascript_files_splits/split_14/48480668/48480668_4_165603555.js_#4#15,/Users/chaiyong/Downloads/matcha/javascript_files_splits/split_18/61349283/61349283_2_recent.js_#11#25,/Users/chaiyong/Downloads/matcha/javascript_files_splits/split_18/61349283/61349283_2_original.js_#11#25,/Users/chaiyong/Downloads/matcha/javascript_files_splits/split_18/61349283/61349283_2_219769853.js_#11#25,/Users/chaiyong/Downloads/matcha/javascript_files_splits/split_18/61349283/61349283_2_219769484.js_#11#25
/Users/chaiyong/Downloads/matcha/js_repos/react/compiler/packages/babel-plugin-react-compiler/src/__tests__/fixtures/compiler/jsx-string-attribute-non-ascii.js_#10#17,/Users/chaiyong/Downloads/matcha/javascript_files_splits/split_18/59605395/59605395_2_recent.js_#1#16,/Users/chaiyong/Downloads/matcha/javascript_files_splits/split_18/59605395/59605395_2_original.js_#1#16,/Users/chaiyong/Downloads/matcha/javascript_files_splits/split_18/59605395/59605395_2_212530915.js_#1#16,/Users/chaiyong/Downloads/matcha/javascript_files_splits/split_18/59605395/59605395_2_212400305.js_#1#16,/Users/chaiyong/Downloads/matcha/javascript_files_splits/split_18/59605395/59605395_2_212399764.js_#1#16,/Users/chaiyong/Downloads/matcha/javascript_files_splits/split_18/59605395/59605395_2_212379170.js_#1#16
/Users/chaiyong/Downloads/matcha/js_repos/react/compiler/packages/babel-plugin-react-compiler/src/__tests__/fixtures/compiler/useEffect-snap-test.js_#3#10,/Users/chaiyong/Downloads/matcha/javascript_files_splits/split_17/55808960/55808960_2_recent.js_#18#28,/Users/chaiyong/Downloads/matcha/javascript_files_splits/split_17/55808960/55808960_2_original.js_#17#27,/Users/chaiyong/Downloads/matcha/javascript_files_splits/split_17/55808960/55808960_2_232865611.js_#18#28,/Users/chaiyong/Downloads/matcha/javascript_files_splits/split_17/55808960/55808960_2_196343543.js_#17#27
/Users/chaiyong/Downloads/matcha/js_repos/react/compiler/packages/babel-plugin-react-compiler/src/__tests__/fixtures/compiler/deeply-nested-jsx-recursion-limit.js_#5#111,/Users/chaiyong/Downloads/matcha/javascript_files_splits/split_11/39737777/39737777_2_recent.js_#2#9,/Users/chaiyong/Downloads/matcha/javascript_files_splits/split_11/39737777/39737777_2_original.js_#2#9,/Users/chaiyong/Downloads/matcha/javascript_files_splits/split_11/39737777/39737777_2_128074352.js_#2#9,/Users/chaiyong/Downloads/matcha/javascript_files_splits/split_11/39737777/39737777_2_128074084.js_#2#9,/Users/chaiyong/Downloads/matcha/javascript_files_splits/split_11/39737777/39737777_2_128073879.js_#2#9,/Users/chaiyong/Downloads/matcha/javascript_files_splits/split_11/39737777/39737777_2_128072924.js_#2#9,/Users/chaiyong/Downloads/matcha/javascript_files_splits/split_11/39737777/39737777_2_128072236.js_#2#9,/Users/chaiyong/Downloads/matcha/javascript_files_splits/split_11/39737777/39737777_2_128070667.js_#2#9,/Users/chaiyong/Downloads/matcha/javascript_files_splits/split_11/39737777/39737777_2_128069564.js_#2#9,/Users/chaiyong/Downloads/matcha/javascript_files_splits/split_13/43225334/43225334_6_157275934.js_#3#10,/Users/chaiyong/Downloads/matcha/javascript_files_splits/split_13/43225334/43225334_6_157272961.js_#3#10,/Users/chaiyong/Downloads/matcha/javascript_files_splits/split_13/43225334/43225334_4_142355140.js_#3#10,/Users/chaiyong/Downloads/matcha/javascript_files_splits/split_13/43225334/43225334_4_142354599.js_#3#10,/Users/chaiyong/Downloads/matcha/javascript_files_splits/split_13/43225334/43225334_4_142354125.js_#3#10,/Users/chaiyong/Downloads/matcha/javascript_files_splits/split_14/48494032/48494032_2_original.js_#42#49,/Users/chaiyong/Downloads/matcha/javascript_files_splits/split_14/48494032/48494032_2_165656618.js_#42#49,/Users/chaiyong/Downloads/matcha/javascript_files_splits/split_11/38519125/38519125_6_recent.js_#2#13,/Users/chaiyong/Downloads/matcha/javascript_files_splits/split_11/38519125/38519125_6_original.js_#2#13,/Users/chaiyong/Downloads/matcha/javascript_files_splits/split_11/38519125/38519125_6_175915608.js_#2#13,/Users/chaiyong/Downloads/matcha/javascript_files_splits/split_11/38519125/38519125_6_123204253.js_#2#13,/Users/chaiyong/Downloads/matcha/javascript_files_splits/split_14/47346150/47346150_2_recent.js_#9#32,/Users/chaiyong/Downloads/matcha/javascript_files_splits/split_14/47346150/47346150_2_original.js_#9#32,/Users/chaiyong/Downloads/matcha/javascript_files_splits/split_14/47346150/47346150_2_160826186.js_#9#32,/Users/chaiyong/Downloads/matcha/javascript_files_splits/split_14/47346150/47346150_2_160825907.js_#9#32,/Users/chaiyong/Downloads/matcha/javascript_files_splits/split_14/48220081/48220081_1_recent.js_#23#36,/Users/chaiyong/Downloads/matcha/javascript_files_splits/split_14/48220081/48220081_1_original.js_#23#36,/Users/chaiyong/Downloads/matcha/javascript_files_splits/split_14/48220081/48220081_1_164507014.js_#23#36,/Users/chaiyong/Downloads/matcha/javascript_files_splits/split_14/48220081/48220081_1_164505767.js_#23#36,/Users/chaiyong/Downloads/matcha/javascript_files_splits/split_12/40761562/40761562_2_recent.js_#27#42,/Users/chaiyong/Downloads/matcha/javascript_files_splits/split_12/40761562/40761562_2_original.js_#27#42,/Users/chaiyong/Downloads/matcha/javascript_files_splits/split_12/40761562/40761562_2_174710819.js_#27#42,/Users/chaiyong/Downloads/matcha/javascript_files_splits/split_12/40761562/40761562_2_132228702.js_#27#42,/Users/chaiyong/Downloads/matcha/javascript_files_splits/split_13/43225334/43225334_2_original.js_#3#10,/Users/chaiyong/Downloads/matcha/javascript_files_splits/split_13/43225334/43225334_2_142353527.js_#3#10,/Users/chaiyong/Downloads/matcha/javascript_files_splits/split_13/44820603/44820603_4_recent.js_#17#24,/Users/chaiyong/Downloads/matcha/javascript_files_splits/split_13/44820603/44820603_4_original.js_#17#24,/Users/chaiyong/Downloads/matcha/javascript_files_splits/split_13/44820603/44820603_4_224768119.js_#17#24,/Users/chaiyong/Downloads/matcha/javascript_files_splits/split_13/44820603/44820603_4_150456259.js_#17#24,/Users/chaiyong/Downloads/matcha/javascript_files_splits/split_13/43574543/43574543_10_recent.js_#12#22,/Users/chaiyong/Downloads/matcha/javascript_files_splits/split_13/43574543/43574543_10_original.js_#12#22,/Users/chaiyong/Downloads/matcha/javascript_files_splits/split_13/43574543/43574543_10_143796771.js_#12#22,/Users/chaiyong/Downloads/matcha/javascript_files_splits/split_13/44833743/44833743_2_recent.js_#9#26,/Users/chaiyong/Downloads/matcha/javascript_files_splits/split_13/44833743/44833743_2_original.js_#9#26,/Users/chaiyong/Downloads/matcha/javascript_files_splits/split_13/44833743/44833743_2_203038853.js_#9#26,/Users/chaiyong/Downloads/matcha/javascript_files_splits/split_13/44833743/44833743_2_150505291.js_#9#26,/Users/chaiyong/Downloads/matcha/javascript_files_splits/split_13/44833743/44833743_2_150504819.js_#9#26,/Users/chaiyong/Downloads/matcha/javascript_files_splits/split_14/48494032/48494032_2_recent.js_#42#49,/Users/chaiyong/Downloads/matcha/javascript_files_splits/split_14/48494032/48494032_2_166053621.js_#42#49,/Users/chaiyong/Downloads/matcha/javascript_files_splits/split_14/48051147/48051147_2_original.js_#26#36,/Users/chaiyong/Downloads/matcha/javascript_files_splits/split_14/48051147/48051147_2_163804149.js_#33#43,/Users/chaiyong/Downloads/matcha/javascript_files_splits/split_14/48051147/48051147_2_163803852.js_#26#36,/Users/chaiyong/Downloads/matcha/javascript_files_splits/split_11/38471253/38471253_4_original.js_#9#16,/Users/chaiyong/Downloads/matcha/javascript_files_splits/split_11/38471253/38471253_4_123020757.js_#9#16,/Users/chaiyong/Downloads/matcha/javascript_files_splits/split_13/43574543/43574543_4_recent.js_#9#19,/Users/chaiyong/Downloads/matcha/javascript_files_splits/split_13/43574543/43574543_4_original.js_#9#19,/Users/chaiyong/Downloads/matcha/javascript_files_splits/split_13/43574543/43574543_4_143796771.js_#9#19,/Users/chaiyong/Downloads/matcha/javascript_files_splits/split_15/51677028/51677028_2_recent.js_#24#50,/Users/chaiyong/Downloads/matcha/javascript_files_splits/split_15/51677028/51677028_2_original.js_#24#50,/Users/chaiyong/Downloads/matcha/javascript_files_splits/split_15/51677028/51677028_2_179043588.js_#24#50,/Users/chaiyong/Downloads/matcha/javascript_files_splits/split_14/46123702/46123702_2_recent.js_#10#19,/Users/chaiyong/Downloads/matcha/javascript_files_splits/split_14/46123702/46123702_2_original.js_#10#19,/Users/chaiyong/Downloads/matcha/javascript_files_splits/split_14/46123702/46123702_2_155763092.js_#10#19,/Users/chaiyong/Downloads/matcha/javascript_files_splits/split_14/46123702/46123702_2_155761764.js_#10#19,/Users/chaiyong/Downloads/matcha/javascript_files_splits/split_11/38689897/38689897_6_recent.js_#2#10,/Users/chaiyong/Downloads/matcha/javascript_files_splits/split_11/38689897/38689897_6_original.js_#2#10,/Users/chaiyong/Downloads/matcha/javascript_files_splits/split_11/38689897/38689897_6_123889453.js_#2#10,/Users/chaiyong/Downloads/matcha/javascript_files_splits/split_11/38689897/38689897_6_123888408.js_#2#10,/Users/chaiyong/Downloads/matcha/javascript_files_splits/split_15/51587832/51587832_2_recent.js_#1#11,/Users/chaiyong/Downloads/matcha/javascript_files_splits/split_15/51587832/51587832_2_original.js_#1#11,/Users/chaiyong/Downloads/matcha/javascript_files_splits/split_15/51587832/51587832_2_178687867.js_#1#11,/Users/chaiyong/Downloads/matcha/javascript_files_splits/split_15/51587832/51587832_2_178682138.js_#1#11,/Users/chaiyong/Downloads/matcha/javascript_files_splits/split_19/62536745/62536745_5_recent.js_#12#19,/Users/chaiyong/Downloads/matcha/javascript_files_splits/split_19/62536745/62536745_5_original.js_#12#19,/Users/chaiyong/Downloads/matcha/javascript_files_splits/split_19/62536745/62536745_5_225066569.js_#12#19,/Users/chaiyong/Downloads/matcha/javascript_files_splits/split_19/62536745/62536745_5_225066000.js_#12#19,/Users/chaiyong/Downloads/matcha/javascript_files_splits/split_19/62536745/62536745_5_225065197.js_#12#19,/Users/chaiyong/Downloads/matcha/javascript_files_splits/split_17/55635273/55635273_2_recent.js_#25#32,/Users/chaiyong/Downloads/matcha/javascript_files_splits/split_17/55635273/55635273_2_original.js_#23#30,/Users/chaiyong/Downloads/matcha/javascript_files_splits/split_17/55635273/55635273_2_195602900.js_#25#32,/Users/chaiyong/Downloads/matcha/javascript_files_splits/split_17/55635273/55635273_2_195600991.js_#23#30,/Users/chaiyong/Downloads/matcha/javascript_files_splits/split_11/40234899/40234899_2_recent.js_#22#46,/Users/chaiyong/Downloads/matcha/javascript_files_splits/split_11/40234899/40234899_2_222074886.js_#22#46,/Users/chaiyong/Downloads/matcha/javascript_files_splits/split_16/53606134/53606134_2_recent.js_#9#35,/Users/chaiyong/Downloads/matcha/javascript_files_splits/split_16/53606134/53606134_2_original.js_#9#35,/Users/chaiyong/Downloads/matcha/javascript_files_splits/split_16/53606134/53606134_2_187100501.js_#9#35,/Users/chaiyong/Downloads/matcha/javascript_files_splits/split_16/53606134/53606134_2_187099288.js_#9#35,/Users/chaiyong/Downloads/matcha/javascript_files_splits/split_16/53606134/53606134_2_187098795.js_#9#35,/Users/chaiyong/Downloads/matcha/javascript_files_splits/split_09/34801572/34801572_2_recent.js_#2#9,/Users/chaiyong/Downloads/matcha/javascript_files_splits/split_09/34801572/34801572_2_original.js_#2#9,/Users/chaiyong/Downloads/matcha/javascript_files_splits/split_09/34801572/34801572_2_108480998.js_#2#9,/Users/chaiyong/Downloads/matcha/javascript_files_splits/split_09/34801572/34801572_2_108480651.js_#2#9,/Users/chaiyong/Downloads/matcha/javascript_files_splits/split_13/44609225/44609225_2_recent.js_#11#29,/Users/chaiyong/Downloads/matcha/javascript_files_splits/split_13/44609225/44609225_2_220156083.js_#11#29,/Users/chaiyong/Downloads/matcha/javascript_files_splits/split_13/44609225/44609225_2_170415416.js_#11#29,/Users/chaiyong/Downloads/matcha/javascript_files_splits/split_11/38583123/38583123_2_original.js_#14#23,/Users/chaiyong/Downloads/matcha/javascript_files_splits/split_11/38583123/38583123_2_123463700.js_#14#23,/Users/chaiyong/Downloads/matcha/javascript_files_splits/split_14/48828250/48828250_2_recent.js_#21#30,/Users/chaiyong/Downloads/matcha/javascript_files_splits/split_14/48828250/48828250_2_167042141.js_#21#30,/Users/chaiyong/Downloads/matcha/javascript_files_splits/split_14/48828250/48828250_2_167041710.js_#21#30,/Users/chaiyong/Downloads/matcha/javascript_files_splits/split_18/59115215/59115215_6_original.js_#14#23
