/Users/chaiyong/Downloads/matcha/js_repos/uBlock/platform/chromium/vapi-background-ext.js_#183#189,/Users/chaiyong/Downloads/matcha/javascript_files_splits/split_16/53173322/53173322_2_recent.js_#2#10,/Users/chaiyong/Downloads/matcha/javascript_files_splits/split_16/53173322/53173322_2_original.js_#2#10,/Users/chaiyong/Downloads/matcha/javascript_files_splits/split_16/53173322/53173322_2_185275544.js_#2#10,/Users/chaiyong/Downloads/matcha/javascript_files_splits/split_16/53173322/53173322_2_185274441.js_#2#10,/Users/chaiyong/Downloads/matcha/javascript_files_splits/split_16/53173322/53173322_2_185273923.js_#2#10,/Users/chaiyong/Downloads/matcha/javascript_files_splits/split_16/53173322/53173322_2_185273600.js_#2#10,/Users/chaiyong/Downloads/matcha/javascript_files_splits/split_13/45105934/45105934_2_original.js_#2#11,/Users/chaiyong/Downloads/matcha/javascript_files_splits/split_13/45105934/45105934_2_233370094.js_#2#11,/Users/chaiyong/Downloads/matcha/javascript_files_splits/split_13/45105934/45105934_2_151603022.js_#2#11,/Users/chaiyong/Downloads/matcha/javascript_files_splits/split_13/45105934/45105934_2_151601294.js_#2#11,/Users/chaiyong/Downloads/matcha/javascript_files_splits/split_13/45105934/45105934_2_151600547.js_#2#11
/Users/chaiyong/Downloads/matcha/js_repos/uBlock/src/js/codemirror/search.js_#43#66,/Users/chaiyong/Downloads/matcha/javascript_files_splits/split_11/39918317/39918317_2_recent.js_#12#32,/Users/chaiyong/Downloads/matcha/javascript_files_splits/split_11/39918317/39918317_2_original.js_#12#32,/Users/chaiyong/Downloads/matcha/javascript_files_splits/split_11/39918317/39918317_2_128923940.js_#12#32,/Users/chaiyong/Downloads/matcha/javascript_files_splits/split_11/39918317/39918317_2_128783808.js_#12#32,/Users/chaiyong/Downloads/matcha/javascript_files_splits/split_11/39918317/39918317_2_recent.js_#1#83,/Users/chaiyong/Downloads/matcha/javascript_files_splits/split_11/39918317/39918317_2_original.js_#1#83,/Users/chaiyong/Downloads/matcha/javascript_files_splits/split_11/39918317/39918317_2_128923940.js_#1#83,/Users/chaiyong/Downloads/matcha/javascript_files_splits/split_11/39918317/39918317_2_128783808.js_#1#83
/Users/chaiyong/Downloads/matcha/js_repos/uBlock/src/js/codemirror/search.js_#53#64,/Users/chaiyong/Downloads/matcha/javascript_files_splits/split_11/39918317/39918317_2_recent.js_#19#30,/Users/chaiyong/Downloads/matcha/javascript_files_splits/split_11/39918317/39918317_2_original.js_#19#30,/Users/chaiyong/Downloads/matcha/javascript_files_splits/split_11/39918317/39918317_2_128923940.js_#19#30,/Users/chaiyong/Downloads/matcha/javascript_files_splits/split_11/39918317/39918317_2_128783808.js_#19#30,/Users/chaiyong/Downloads/matcha/javascript_files_splits/split_11/39918317/39918317_2_recent.js_#12#32,/Users/chaiyong/Downloads/matcha/javascript_files_splits/split_11/39918317/39918317_2_original.js_#12#32,/Users/chaiyong/Downloads/matcha/javascript_files_splits/split_11/39918317/39918317_2_128923940.js_#12#32,/Users/chaiyong/Downloads/matcha/javascript_files_splits/split_11/39918317/39918317_2_128783808.js_#12#32,/Users/chaiyong/Downloads/matcha/javascript_files_splits/split_11/39918317/39918317_2_recent.js_#1#83,/Users/chaiyong/Downloads/matcha/javascript_files_splits/split_11/39918317/39918317_2_original.js_#1#83,/Users/chaiyong/Downloads/matcha/javascript_files_splits/split_11/39918317/39918317_2_128923940.js_#1#83,/Users/chaiyong/Downloads/matcha/javascript_files_splits/split_11/39918317/39918317_2_128783808.js_#1#83
/Users/chaiyong/Downloads/matcha/js_repos/uBlock/src/lib/codemirror/mode/css/css.js_#4#11,/Users/chaiyong/Downloads/matcha/javascript_files_splits/split_13/43203069/43203069_2_recent.js_#3#10,/Users/chaiyong/Downloads/matcha/javascript_files_splits/split_13/43203069/43203069_2_original.js_#3#10,/Users/chaiyong/Downloads/matcha/javascript_files_splits/split_13/43203069/43203069_2_142300754.js_#3#10,/Users/chaiyong/Downloads/matcha/javascript_files_splits/split_13/43203069/43203069_2_142268838.js_#3#10,/Users/chaiyong/Downloads/matcha/javascript_files_splits/split_13/43203069/43203069_2_142267605.js_#3#10
/Users/chaiyong/Downloads/matcha/js_repos/uBlock/src/lib/codemirror/mode/xml/xml.js_#4#11,/Users/chaiyong/Downloads/matcha/javascript_files_splits/split_13/43203069/43203069_2_recent.js_#3#10,/Users/chaiyong/Downloads/matcha/javascript_files_splits/split_13/43203069/43203069_2_original.js_#3#10,/Users/chaiyong/Downloads/matcha/javascript_files_splits/split_13/43203069/43203069_2_142300754.js_#3#10,/Users/chaiyong/Downloads/matcha/javascript_files_splits/split_13/43203069/43203069_2_142268838.js_#3#10,/Users/chaiyong/Downloads/matcha/javascript_files_splits/split_13/43203069/43203069_2_142267605.js_#3#10
/Users/chaiyong/Downloads/matcha/js_repos/uBlock/src/lib/codemirror/mode/javascript/javascript.js_#4#11,/Users/chaiyong/Downloads/matcha/javascript_files_splits/split_13/43203069/43203069_2_recent.js_#3#10,/Users/chaiyong/Downloads/matcha/javascript_files_splits/split_13/43203069/43203069_2_original.js_#3#10,/Users/chaiyong/Downloads/matcha/javascript_files_splits/split_13/43203069/43203069_2_142300754.js_#3#10,/Users/chaiyong/Downloads/matcha/javascript_files_splits/split_13/43203069/43203069_2_142268838.js_#3#10,/Users/chaiyong/Downloads/matcha/javascript_files_splits/split_13/43203069/43203069_2_142267605.js_#3#10
/Users/chaiyong/Downloads/matcha/js_repos/uBlock/src/lib/codemirror/addon/scroll/annotatescrollbar.js_#4#11,/Users/chaiyong/Downloads/matcha/javascript_files_splits/split_13/43203069/43203069_2_recent.js_#3#10,/Users/chaiyong/Downloads/matcha/javascript_files_splits/split_13/43203069/43203069_2_original.js_#3#10,/Users/chaiyong/Downloads/matcha/javascript_files_splits/split_13/43203069/43203069_2_142300754.js_#3#10,/Users/chaiyong/Downloads/matcha/javascript_files_splits/split_13/43203069/43203069_2_142268838.js_#3#10,/Users/chaiyong/Downloads/matcha/javascript_files_splits/split_13/43203069/43203069_2_142267605.js_#3#10
/Users/chaiyong/Downloads/matcha/js_repos/uBlock/src/lib/codemirror/addon/edit/closebrackets.js_#4#11,/Users/chaiyong/Downloads/matcha/javascript_files_splits/split_13/43203069/43203069_2_recent.js_#3#10,/Users/chaiyong/Downloads/matcha/javascript_files_splits/split_13/43203069/43203069_2_original.js_#3#10,/Users/chaiyong/Downloads/matcha/javascript_files_splits/split_13/43203069/43203069_2_142300754.js_#3#10,/Users/chaiyong/Downloads/matcha/javascript_files_splits/split_13/43203069/43203069_2_142268838.js_#3#10,/Users/chaiyong/Downloads/matcha/javascript_files_splits/split_13/43203069/43203069_2_142267605.js_#3#10
/Users/chaiyong/Downloads/matcha/js_repos/uBlock/src/lib/codemirror/addon/edit/matchbrackets.js_#4#11,/Users/chaiyong/Downloads/matcha/javascript_files_splits/split_13/43203069/43203069_2_recent.js_#3#10,/Users/chaiyong/Downloads/matcha/javascript_files_splits/split_13/43203069/43203069_2_original.js_#3#10,/Users/chaiyong/Downloads/matcha/javascript_files_splits/split_13/43203069/43203069_2_142300754.js_#3#10,/Users/chaiyong/Downloads/matcha/javascript_files_splits/split_13/43203069/43203069_2_142268838.js_#3#10,/Users/chaiyong/Downloads/matcha/javascript_files_splits/split_13/43203069/43203069_2_142267605.js_#3#10
/Users/chaiyong/Downloads/matcha/js_repos/uBlock/src/lib/codemirror/addon/display/panel.js_#4#11,/Users/chaiyong/Downloads/matcha/javascript_files_splits/split_13/43203069/43203069_2_recent.js_#3#10,/Users/chaiyong/Downloads/matcha/javascript_files_splits/split_13/43203069/43203069_2_original.js_#3#10,/Users/chaiyong/Downloads/matcha/javascript_files_splits/split_13/43203069/43203069_2_142300754.js_#3#10,/Users/chaiyong/Downloads/matcha/javascript_files_splits/split_13/43203069/43203069_2_142268838.js_#3#10,/Users/chaiyong/Downloads/matcha/javascript_files_splits/split_13/43203069/43203069_2_142267605.js_#3#10
/Users/chaiyong/Downloads/matcha/js_repos/uBlock/src/lib/codemirror/addon/selection/active-line.js_#4#11,/Users/chaiyong/Downloads/matcha/javascript_files_splits/split_13/43203069/43203069_2_recent.js_#3#10,/Users/chaiyong/Downloads/matcha/javascript_files_splits/split_13/43203069/43203069_2_original.js_#3#10,/Users/chaiyong/Downloads/matcha/javascript_files_splits/split_13/43203069/43203069_2_142300754.js_#3#10,/Users/chaiyong/Downloads/matcha/javascript_files_splits/split_13/43203069/43203069_2_142268838.js_#3#10,/Users/chaiyong/Downloads/matcha/javascript_files_splits/split_13/43203069/43203069_2_142267605.js_#3#10
