/Users/chaiyong/Downloads/matcha/js_repos/webpack/test/cleverMerge.unittest.js_#559#567,/Users/chaiyong/Downloads/matcha/javascript_files_splits/split_13/44696002/44696002_6_recent.js_#4#166,/Users/chaiyong/Downloads/matcha/javascript_files_splits/split_13/44696002/44696002_6_original.js_#4#166,/Users/chaiyong/Downloads/matcha/javascript_files_splits/split_13/44696002/44696002_6_224767283.js_#4#166,/Users/chaiyong/Downloads/matcha/javascript_files_splits/split_13/44696002/44696002_14_149953314.js_#4#166
/Users/chaiyong/Downloads/matcha/js_repos/webpack/test/HotTestCases.template.js_#319#329,/Users/chaiyong/Downloads/matcha/javascript_files_splits/split_14/47557160/47557160_9_recent.js_#2#7,/Users/chaiyong/Downloads/matcha/javascript_files_splits/split_14/47557160/47557160_9_original.js_#2#7,/Users/chaiyong/Downloads/matcha/javascript_files_splits/split_14/47557160/47557160_9_161709640.js_#2#7,/Users/chaiyong/Downloads/matcha/javascript_files_splits/split_14/47557160/47557160_6_161708970.js_#2#7,/Users/chaiyong/Downloads/matcha/javascript_files_splits/split_14/47557160/47557160_4_recent.js_#2#7,/Users/chaiyong/Downloads/matcha/javascript_files_splits/split_14/47557160/47557160_4_original.js_#2#7,/Users/chaiyong/Downloads/matcha/javascript_files_splits/split_14/47557160/47557160_4_161709640.js_#2#7,/Users/chaiyong/Downloads/matcha/javascript_files_splits/split_14/47557160/47557160_12_recent.js_#2#7,/Users/chaiyong/Downloads/matcha/javascript_files_splits/split_14/47557160/47557160_12_original.js_#2#7,/Users/chaiyong/Downloads/matcha/javascript_files_splits/split_14/47557160/47557160_12_161709640.js_#2#7,/Users/chaiyong/Downloads/matcha/javascript_files_splits/split_16/52531019/52531019_2_recent.js_#4#9,/Users/chaiyong/Downloads/matcha/javascript_files_splits/split_16/52531019/52531019_2_original.js_#4#9,/Users/chaiyong/Downloads/matcha/javascript_files_splits/split_16/52531019/52531019_2_182601551.js_#4#9,/Users/chaiyong/Downloads/matcha/javascript_files_splits/split_16/52531019/52531019_2_182600869.js_#4#9,/Users/chaiyong/Downloads/matcha/javascript_files_splits/split_12/41637426/41637426_2_original.js_#10#15,/Users/chaiyong/Downloads/matcha/javascript_files_splits/split_12/41637426/41637426_2_135922217.js_#10#15,/Users/chaiyong/Downloads/matcha/javascript_files_splits/split_17/55403141/55403141_2_recent.js_#3#8,/Users/chaiyong/Downloads/matcha/javascript_files_splits/split_17/55403141/55403141_2_original.js_#3#8,/Users/chaiyong/Downloads/matcha/javascript_files_splits/split_17/55403141/55403141_2_194629254.js_#3#8,/Users/chaiyong/Downloads/matcha/javascript_files_splits/split_18/61784814/61784814_2_original.js_#8#13,/Users/chaiyong/Downloads/matcha/javascript_files_splits/split_18/61784814/61784814_2_221580694.js_#8#13,/Users/chaiyong/Downloads/matcha/javascript_files_splits/split_16/54719353/54719353_2_recent.js_#35#40,/Users/chaiyong/Downloads/matcha/javascript_files_splits/split_16/54719353/54719353_2_original.js_#35#40,/Users/chaiyong/Downloads/matcha/javascript_files_splits/split_16/54719353/54719353_2_191758133.js_#35#40,/Users/chaiyong/Downloads/matcha/javascript_files_splits/split_16/54719353/54719353_2_191757710.js_#35#40,/Users/chaiyong/Downloads/matcha/javascript_files_splits/split_16/54719353/54719353_2_191757277.js_#35#40,/Users/chaiyong/Downloads/matcha/javascript_files_splits/split_14/47557160/47557160_6_161708970.js_#1#8,/Users/chaiyong/Downloads/matcha/javascript_files_splits/split_14/47557160/47557160_12_recent.js_#1#8,/Users/chaiyong/Downloads/matcha/javascript_files_splits/split_14/47557160/47557160_12_original.js_#1#8,/Users/chaiyong/Downloads/matcha/javascript_files_splits/split_14/47557160/47557160_12_161709640.js_#1#8,/Users/chaiyong/Downloads/matcha/javascript_files_splits/split_17/56095765/56095765_4_recent.js_#1#6,/Users/chaiyong/Downloads/matcha/javascript_files_splits/split_17/56095765/56095765_4_197597402.js_#1#6,/Users/chaiyong/Downloads/matcha/javascript_files_splits/split_14/47124785/47124785_2_recent.js_#1#6,/Users/chaiyong/Downloads/matcha/javascript_files_splits/split_14/47124785/47124785_2_173642202.js_#1#6,/Users/chaiyong/Downloads/matcha/javascript_files_splits/split_12/42102972/42102972_6_recent.js_#11#16,/Users/chaiyong/Downloads/matcha/javascript_files_splits/split_12/42102972/42102972_6_original.js_#11#16,/Users/chaiyong/Downloads/matcha/javascript_files_splits/split_12/42102972/42102972_6_137840806.js_#11#16,/Users/chaiyong/Downloads/matcha/javascript_files_splits/split_12/42102972/42102972_6_137840647.js_#11#16,/Users/chaiyong/Downloads/matcha/javascript_files_splits/split_12/42102972/42102972_6_137839374.js_#11#16,/Users/chaiyong/Downloads/matcha/javascript_files_splits/split_12/42102972/42102972_6_137839054.js_#11#16,/Users/chaiyong/Downloads/matcha/javascript_files_splits/split_12/42102972/42102972_4_recent.js_#7#12,/Users/chaiyong/Downloads/matcha/javascript_files_splits/split_12/42102972/42102972_4_137840806.js_#7#12,/Users/chaiyong/Downloads/matcha/javascript_files_splits/split_12/42102972/42102972_4_137840647.js_#7#12,/Users/chaiyong/Downloads/matcha/javascript_files_splits/split_12/42102972/42102972_4_137839374.js_#7#12,/Users/chaiyong/Downloads/matcha/javascript_files_splits/split_12/42102972/42102972_4_137839054.js_#5#10,/Users/chaiyong/Downloads/matcha/javascript_files_splits/split_12/42102972/42102972_4_137838426.js_#5#10,/Users/chaiyong/Downloads/matcha/javascript_files_splits/split_19/64744629/64744629_2_recent.js_#31#39,/Users/chaiyong/Downloads/matcha/javascript_files_splits/split_19/64744629/64744629_2_original.js_#16#24,/Users/chaiyong/Downloads/matcha/javascript_files_splits/split_19/64744629/64744629_2_234516941.js_#31#39,/Users/chaiyong/Downloads/matcha/javascript_files_splits/split_19/64744629/64744629_2_234516372.js_#16#24,/Users/chaiyong/Downloads/matcha/javascript_files_splits/split_15/51485326/51485326_2_recent.js_#2#9,/Users/chaiyong/Downloads/matcha/javascript_files_splits/split_15/51485326/51485326_2_original.js_#2#9,/Users/chaiyong/Downloads/matcha/javascript_files_splits/split_15/51485326/51485326_2_178327642.js_#2#9,/Users/chaiyong/Downloads/matcha/javascript_files_splits/split_15/51485326/51485326_2_178254017.js_#2#9,/Users/chaiyong/Downloads/matcha/javascript_files_splits/split_16/52531019/52531019_2_recent.js_#3#10,/Users/chaiyong/Downloads/matcha/javascript_files_splits/split_16/52531019/52531019_2_original.js_#3#10,/Users/chaiyong/Downloads/matcha/javascript_files_splits/split_16/52531019/52531019_2_182601551.js_#3#10,/Users/chaiyong/Downloads/matcha/javascript_files_splits/split_16/52531019/52531019_2_182600869.js_#3#10,/Users/chaiyong/Downloads/matcha/javascript_files_splits/split_12/41637426/41637426_2_original.js_#9#16,/Users/chaiyong/Downloads/matcha/javascript_files_splits/split_12/41637426/41637426_2_135922217.js_#9#16,/Users/chaiyong/Downloads/matcha/javascript_files_splits/split_17/55403141/55403141_2_recent.js_#1#9,/Users/chaiyong/Downloads/matcha/javascript_files_splits/split_17/55403141/55403141_2_original.js_#1#9,/Users/chaiyong/Downloads/matcha/javascript_files_splits/split_17/55403141/55403141_2_194629254.js_#1#9,/Users/chaiyong/Downloads/matcha/javascript_files_splits/split_11/39660257/39660257_8_recent.js_#1#7,/Users/chaiyong/Downloads/matcha/javascript_files_splits/split_11/39660257/39660257_8_127759920.js_#1#7,/Users/chaiyong/Downloads/matcha/javascript_files_splits/split_11/39660257/39660257_8_127758512.js_#1#7,/Users/chaiyong/Downloads/matcha/javascript_files_splits/split_11/39660257/39660257_6_127758001.js_#1#7,/Users/chaiyong/Downloads/matcha/javascript_files_splits/split_18/61784814/61784814_2_original.js_#7#14,/Users/chaiyong/Downloads/matcha/javascript_files_splits/split_18/61784814/61784814_2_221580694.js_#7#14,/Users/chaiyong/Downloads/matcha/javascript_files_splits/split_14/46610264/46610264_4_recent.js_#8#14,/Users/chaiyong/Downloads/matcha/javascript_files_splits/split_14/46610264/46610264_4_original.js_#8#14,/Users/chaiyong/Downloads/matcha/javascript_files_splits/split_14/46610264/46610264_4_157777617.js_#8#14,/Users/chaiyong/Downloads/matcha/javascript_files_splits/split_14/46610264/46610264_4_157776710.js_#8#14,/Users/chaiyong/Downloads/matcha/javascript_files_splits/split_12/42102972/42102972_6_recent.js_#10#17,/Users/chaiyong/Downloads/matcha/javascript_files_splits/split_12/42102972/42102972_6_original.js_#10#17,/Users/chaiyong/Downloads/matcha/javascript_files_splits/split_12/42102972/42102972_6_137840806.js_#10#17,/Users/chaiyong/Downloads/matcha/javascript_files_splits/split_12/42102972/42102972_6_137840647.js_#10#17,/Users/chaiyong/Downloads/matcha/javascript_files_splits/split_12/42102972/42102972_6_137839374.js_#10#17,/Users/chaiyong/Downloads/matcha/javascript_files_splits/split_12/42102972/42102972_6_137839054.js_#10#17,/Users/chaiyong/Downloads/matcha/javascript_files_splits/split_19/65137330/65137330_2_recent.js_#1#6,/Users/chaiyong/Downloads/matcha/javascript_files_splits/split_19/65137330/65137330_2_original.js_#1#6,/Users/chaiyong/Downloads/matcha/javascript_files_splits/split_19/65137330/65137330_2_236219750.js_#1#6,/Users/chaiyong/Downloads/matcha/javascript_files_splits/split_19/65137330/65137330_2_236219377.js_#1#6,/Users/chaiyong/Downloads/matcha/javascript_files_splits/split_19/65137330/65137330_2_236218663.js_#1#6,/Users/chaiyong/Downloads/matcha/javascript_files_splits/split_17/58054436/58054436_3_recent.js_#3#11,/Users/chaiyong/Downloads/matcha/javascript_files_splits/split_17/58054436/58054436_3_original.js_#3#11,/Users/chaiyong/Downloads/matcha/javascript_files_splits/split_17/58054436/58054436_3_205846473.js_#3#11,/Users/chaiyong/Downloads/matcha/javascript_files_splits/split_17/58054436/58054436_3_205846332.js_#3#11,/Users/chaiyong/Downloads/matcha/javascript_files_splits/split_17/58054436/58054436_3_205846247.js_#3#11,/Users/chaiyong/Downloads/matcha/javascript_files_splits/split_17/58054436/58054436_3_205845614.js_#3#11,/Users/chaiyong/Downloads/matcha/javascript_files_splits/split_14/47557160/47557160_9_recent.js_#1#8,/Users/chaiyong/Downloads/matcha/javascript_files_splits/split_14/47557160/47557160_9_original.js_#1#8,/Users/chaiyong/Downloads/matcha/javascript_files_splits/split_14/47557160/47557160_9_161709640.js_#1#8,/Users/chaiyong/Downloads/matcha/javascript_files_splits/split_14/47557160/47557160_4_recent.js_#1#8,/Users/chaiyong/Downloads/matcha/javascript_files_splits/split_14/47557160/47557160_4_original.js_#1#8,/Users/chaiyong/Downloads/matcha/javascript_files_splits/split_14/47557160/47557160_4_161709640.js_#1#8,/Users/chaiyong/Downloads/matcha/javascript_files_splits/split_15/51485326/51485326_2_recent.js_#1#11,/Users/chaiyong/Downloads/matcha/javascript_files_splits/split_15/51485326/51485326_2_original.js_#1#11,/Users/chaiyong/Downloads/matcha/javascript_files_splits/split_15/51485326/51485326_2_178327642.js_#1#11,/Users/chaiyong/Downloads/matcha/javascript_files_splits/split_15/51485326/51485326_2_178254017.js_#1#11
/Users/chaiyong/Downloads/matcha/js_repos/webpack/test/ProgressPlugin.test.js_#136#144,/Users/chaiyong/Downloads/matcha/javascript_files_splits/split_14/48068023/48068023_2_recent.js_#11#21,/Users/chaiyong/Downloads/matcha/javascript_files_splits/split_14/48068023/48068023_2_163877057.js_#11#21,/Users/chaiyong/Downloads/matcha/javascript_files_splits/split_14/48068023/48068023_2_163874965.js_#11#21
/Users/chaiyong/Downloads/matcha/js_repos/webpack/test/ProgressPlugin.test.js_#137#143,/Users/chaiyong/Downloads/matcha/javascript_files_splits/split_14/48068023/48068023_2_recent.js_#13#19,/Users/chaiyong/Downloads/matcha/javascript_files_splits/split_14/48068023/48068023_2_163877057.js_#13#19,/Users/chaiyong/Downloads/matcha/javascript_files_splits/split_14/48068023/48068023_2_163874965.js_#13#19,/Users/chaiyong/Downloads/matcha/javascript_files_splits/split_14/48068023/48068023_2_recent.js_#12#20,/Users/chaiyong/Downloads/matcha/javascript_files_splits/split_14/48068023/48068023_2_163877057.js_#12#20,/Users/chaiyong/Downloads/matcha/javascript_files_splits/split_14/48068023/48068023_2_163874965.js_#12#20,/Users/chaiyong/Downloads/matcha/javascript_files_splits/split_19/64001449/64001449_4_recent.js_#2#8,/Users/chaiyong/Downloads/matcha/javascript_files_splits/split_19/64001449/64001449_4_original.js_#2#8,/Users/chaiyong/Downloads/matcha/javascript_files_splits/split_19/64001449/64001449_4_231293100.js_#2#8,/Users/chaiyong/Downloads/matcha/javascript_files_splits/split_19/64001449/64001449_2_recent.js_#4#10,/Users/chaiyong/Downloads/matcha/javascript_files_splits/split_19/64001449/64001449_2_original.js_#4#10,/Users/chaiyong/Downloads/matcha/javascript_files_splits/split_19/64001449/64001449_2_231293100.js_#4#10,/Users/chaiyong/Downloads/matcha/javascript_files_splits/split_19/64001449/64001449_2_231292249.js_#4#10,/Users/chaiyong/Downloads/matcha/javascript_files_splits/split_19/64001449/64001449_2_231291547.js_#4#10,/Users/chaiyong/Downloads/matcha/javascript_files_splits/split_19/62493705/62493705_2_recent.js_#3#9,/Users/chaiyong/Downloads/matcha/javascript_files_splits/split_19/62493705/62493705_2_original.js_#3#9,/Users/chaiyong/Downloads/matcha/javascript_files_splits/split_19/62493705/62493705_2_225246186.js_#3#9,/Users/chaiyong/Downloads/matcha/javascript_files_splits/split_19/62493705/62493705_2_224837372.js_#3#9,/Users/chaiyong/Downloads/matcha/javascript_files_splits/split_18/60795407/60795407_2_recent.js_#29#35,/Users/chaiyong/Downloads/matcha/javascript_files_splits/split_18/60795407/60795407_2_original.js_#29#35,/Users/chaiyong/Downloads/matcha/javascript_files_splits/split_18/60795407/60795407_2_217478277.js_#29#35,/Users/chaiyong/Downloads/matcha/javascript_files_splits/split_18/60795407/60795407_2_217466851.js_#29#35,/Users/chaiyong/Downloads/matcha/javascript_files_splits/split_18/60795407/60795407_2_217416395.js_#29#35,/Users/chaiyong/Downloads/matcha/javascript_files_splits/split_16/54320749/54320749_6_recent.js_#4#11,/Users/chaiyong/Downloads/matcha/javascript_files_splits/split_16/54320749/54320749_6_original.js_#4#11,/Users/chaiyong/Downloads/matcha/javascript_files_splits/split_16/54320749/54320749_6_190103730.js_#4#11,/Users/chaiyong/Downloads/matcha/javascript_files_splits/split_16/54320749/54320749_6_190103440.js_#4#11,/Users/chaiyong/Downloads/matcha/javascript_files_splits/split_14/47958496/47958496_4_recent.js_#3#9,/Users/chaiyong/Downloads/matcha/javascript_files_splits/split_14/47958496/47958496_4_163435641.js_#3#9,/Users/chaiyong/Downloads/matcha/javascript_files_splits/split_14/46126245/46126245_2_recent.js_#3#9,/Users/chaiyong/Downloads/matcha/javascript_files_splits/split_14/46126245/46126245_2_155777964.js_#3#9,/Users/chaiyong/Downloads/matcha/javascript_files_splits/split_14/46126245/46126245_2_155777712.js_#3#9,/Users/chaiyong/Downloads/matcha/javascript_files_splits/split_14/45930303/45930303_2_recent.js_#4#10,/Users/chaiyong/Downloads/matcha/javascript_files_splits/split_14/45930303/45930303_2_original.js_#4#10,/Users/chaiyong/Downloads/matcha/javascript_files_splits/split_14/45930303/45930303_2_154969698.js_#4#10,/Users/chaiyong/Downloads/matcha/javascript_files_splits/split_14/45930303/45930303_2_154969354.js_#4#10,/Users/chaiyong/Downloads/matcha/javascript_files_splits/split_13/44321565/44321565_2_recent.js_#2#8,/Users/chaiyong/Downloads/matcha/javascript_files_splits/split_13/44321565/44321565_2_original.js_#2#8,/Users/chaiyong/Downloads/matcha/javascript_files_splits/split_13/44321565/44321565_2_148455528.js_#2#8,/Users/chaiyong/Downloads/matcha/javascript_files_splits/split_13/44321565/44321565_2_148454045.js_#2#8,/Users/chaiyong/Downloads/matcha/javascript_files_splits/split_12/42736435/42736435_8_recent.js_#3#9,/Users/chaiyong/Downloads/matcha/javascript_files_splits/split_12/42736435/42736435_8_original.js_#3#9,/Users/chaiyong/Downloads/matcha/javascript_files_splits/split_12/42736435/42736435_8_140388286.js_#3#9,/Users/chaiyong/Downloads/matcha/javascript_files_splits/split_12/42736435/42736435_6_140387444.js_#3#9,/Users/chaiyong/Downloads/matcha/javascript_files_splits/split_10/35791429/35791429_2_recent.js_#4#10,/Users/chaiyong/Downloads/matcha/javascript_files_splits/split_10/35791429/35791429_2_original.js_#4#10,/Users/chaiyong/Downloads/matcha/javascript_files_splits/split_10/35791429/35791429_2_191534019.js_#4#10,/Users/chaiyong/Downloads/matcha/javascript_files_splits/split_10/35791429/35791429_2_191533398.js_#4#10,/Users/chaiyong/Downloads/matcha/javascript_files_splits/split_10/35791429/35791429_2_112387369.js_#4#10,/Users/chaiyong/Downloads/matcha/javascript_files_splits/split_16/52051563/52051563_4_recent.js_#3#9,/Users/chaiyong/Downloads/matcha/javascript_files_splits/split_16/52051563/52051563_4_original.js_#3#9,/Users/chaiyong/Downloads/matcha/javascript_files_splits/split_16/52051563/52051563_4_180649173.js_#3#9,/Users/chaiyong/Downloads/matcha/javascript_files_splits/split_16/52051563/52051563_4_180606603.js_#3#9,/Users/chaiyong/Downloads/matcha/javascript_files_splits/split_13/44133954/44133954_2_recent.js_#3#9,/Users/chaiyong/Downloads/matcha/javascript_files_splits/split_13/44133954/44133954_2_original.js_#3#9,/Users/chaiyong/Downloads/matcha/javascript_files_splits/split_13/44133954/44133954_2_original.js_#14#20,/Users/chaiyong/Downloads/matcha/javascript_files_splits/split_13/44133954/44133954_2_147517894.js_#3#9,/Users/chaiyong/Downloads/matcha/javascript_files_splits/split_13/44133954/44133954_2_146418457.js_#3#9,/Users/chaiyong/Downloads/matcha/javascript_files_splits/split_13/44133954/44133954_2_146418457.js_#14#20,/Users/chaiyong/Downloads/matcha/javascript_files_splits/split_14/48068023/48068023_2_recent.js_#11#21,/Users/chaiyong/Downloads/matcha/javascript_files_splits/split_14/48068023/48068023_2_163877057.js_#11#21,/Users/chaiyong/Downloads/matcha/javascript_files_splits/split_14/48068023/48068023_2_163874965.js_#11#21,/Users/chaiyong/Downloads/matcha/javascript_files_splits/split_13/44321565/44321565_2_recent.js_#1#9,/Users/chaiyong/Downloads/matcha/javascript_files_splits/split_13/44321565/44321565_2_original.js_#1#9,/Users/chaiyong/Downloads/matcha/javascript_files_splits/split_13/44321565/44321565_2_148455528.js_#1#9,/Users/chaiyong/Downloads/matcha/javascript_files_splits/split_13/44321565/44321565_2_148454045.js_#1#9,/Users/chaiyong/Downloads/matcha/javascript_files_splits/split_14/47958496/47958496_4_recent.js_#2#10,/Users/chaiyong/Downloads/matcha/javascript_files_splits/split_14/47958496/47958496_4_163435641.js_#2#10,/Users/chaiyong/Downloads/matcha/javascript_files_splits/split_19/64001449/64001449_4_recent.js_#1#9,/Users/chaiyong/Downloads/matcha/javascript_files_splits/split_19/64001449/64001449_4_original.js_#1#9,/Users/chaiyong/Downloads/matcha/javascript_files_splits/split_19/64001449/64001449_4_231293100.js_#1#9,/Users/chaiyong/Downloads/matcha/javascript_files_splits/split_19/64001449/64001449_2_recent.js_#3#11,/Users/chaiyong/Downloads/matcha/javascript_files_splits/split_19/64001449/64001449_2_original.js_#3#11,/Users/chaiyong/Downloads/matcha/javascript_files_splits/split_19/64001449/64001449_2_231293100.js_#3#11,/Users/chaiyong/Downloads/matcha/javascript_files_splits/split_19/64001449/64001449_2_231292249.js_#3#11,/Users/chaiyong/Downloads/matcha/javascript_files_splits/split_19/64001449/64001449_2_231291547.js_#3#11,/Users/chaiyong/Downloads/matcha/javascript_files_splits/split_14/45930303/45930303_2_recent.js_#3#11,/Users/chaiyong/Downloads/matcha/javascript_files_splits/split_14/45930303/45930303_2_original.js_#3#11,/Users/chaiyong/Downloads/matcha/javascript_files_splits/split_14/45930303/45930303_2_154969698.js_#3#11,/Users/chaiyong/Downloads/matcha/javascript_files_splits/split_14/45930303/45930303_2_154969354.js_#3#11,/Users/chaiyong/Downloads/matcha/javascript_files_splits/split_14/46126245/46126245_2_recent.js_#2#9,/Users/chaiyong/Downloads/matcha/javascript_files_splits/split_14/46126245/46126245_2_155777964.js_#2#9,/Users/chaiyong/Downloads/matcha/javascript_files_splits/split_14/46126245/46126245_2_155777712.js_#2#9,/Users/chaiyong/Downloads/matcha/javascript_files_splits/split_14/45930303/45930303_2_recent.js_#17#23,/Users/chaiyong/Downloads/matcha/javascript_files_splits/split_14/45930303/45930303_2_original.js_#17#23,/Users/chaiyong/Downloads/matcha/javascript_files_splits/split_14/45930303/45930303_2_154969698.js_#17#23,/Users/chaiyong/Downloads/matcha/javascript_files_splits/split_14/45930303/45930303_2_154969354.js_#17#23,/Users/chaiyong/Downloads/matcha/javascript_files_splits/split_16/54320749/54320749_6_recent.js_#3#12,/Users/chaiyong/Downloads/matcha/javascript_files_splits/split_16/54320749/54320749_6_original.js_#3#12,/Users/chaiyong/Downloads/matcha/javascript_files_splits/split_16/54320749/54320749_6_190103730.js_#3#12,/Users/chaiyong/Downloads/matcha/javascript_files_splits/split_16/54320749/54320749_6_190103440.js_#3#12,/Users/chaiyong/Downloads/matcha/javascript_files_splits/split_18/59769401/59769401_4_recent.js_#15#21,/Users/chaiyong/Downloads/matcha/javascript_files_splits/split_18/59769401/59769401_4_original.js_#15#21,/Users/chaiyong/Downloads/matcha/javascript_files_splits/split_18/59769401/59769401_4_213069874.js_#15#21,/Users/chaiyong/Downloads/matcha/javascript_files_splits/split_18/59769401/59769401_4_213066425.js_#15#21,/Users/chaiyong/Downloads/matcha/javascript_files_splits/split_17/57717106/57717106_2_recent.js_#3#9,/Users/chaiyong/Downloads/matcha/javascript_files_splits/split_17/57717106/57717106_2_original.js_#3#9,/Users/chaiyong/Downloads/matcha/javascript_files_splits/split_17/57717106/57717106_2_204425021.js_#3#9,/Users/chaiyong/Downloads/matcha/javascript_files_splits/split_19/61979518/61979518_2_original.js_#15#21,/Users/chaiyong/Downloads/matcha/javascript_files_splits/split_19/61979518/61979518_2_222399299.js_#15#21
/Users/chaiyong/Downloads/matcha/js_repos/webpack/test/cases/parsing/extract-amd/index.js_#158#166,/Users/chaiyong/Downloads/matcha/javascript_files_splits/split_03/18721157/18721157_2_recent.js_#1#18,/Users/chaiyong/Downloads/matcha/javascript_files_splits/split_03/18721157/18721157_2_original.js_#1#18,/Users/chaiyong/Downloads/matcha/javascript_files_splits/split_03/18721157/18721157_2_46989595.js_#1#18,/Users/chaiyong/Downloads/matcha/javascript_files_splits/split_03/18721157/18721157_2_46988765.js_#1#18
/Users/chaiyong/Downloads/matcha/js_repos/webpack/test/cases/parsing/issue-2528/index.js_#27#47,/Users/chaiyong/Downloads/matcha/javascript_files_splits/split_14/48269618/48269618_3_recent.js_#2#39,/Users/chaiyong/Downloads/matcha/javascript_files_splits/split_14/48269618/48269618_3_original.js_#2#39,/Users/chaiyong/Downloads/matcha/javascript_files_splits/split_14/48269618/48269618_3_178492326.js_#2#39
/Users/chaiyong/Downloads/matcha/js_repos/webpack/test/cases/parsing/issue-2528/index.js_#28#42,/Users/chaiyong/Downloads/matcha/javascript_files_splits/split_14/48269618/48269618_2_recent.js_#1#22,/Users/chaiyong/Downloads/matcha/javascript_files_splits/split_14/48269618/48269618_2_original.js_#1#22,/Users/chaiyong/Downloads/matcha/javascript_files_splits/split_14/48269618/48269618_2_178492326.js_#1#22,/Users/chaiyong/Downloads/matcha/javascript_files_splits/split_14/48269618/48269618_3_recent.js_#3#35,/Users/chaiyong/Downloads/matcha/javascript_files_splits/split_14/48269618/48269618_3_original.js_#3#35,/Users/chaiyong/Downloads/matcha/javascript_files_splits/split_14/48269618/48269618_3_178492326.js_#3#35,/Users/chaiyong/Downloads/matcha/javascript_files_splits/split_14/48269618/48269618_3_recent.js_#2#39,/Users/chaiyong/Downloads/matcha/javascript_files_splits/split_14/48269618/48269618_3_original.js_#2#39,/Users/chaiyong/Downloads/matcha/javascript_files_splits/split_14/48269618/48269618_3_178492326.js_#2#39
/Users/chaiyong/Downloads/matcha/js_repos/webpack/test/cases/parsing/issue-2528/index.js_#29#41,/Users/chaiyong/Downloads/matcha/javascript_files_splits/split_14/48269618/48269618_2_recent.js_#2#21,/Users/chaiyong/Downloads/matcha/javascript_files_splits/split_14/48269618/48269618_2_original.js_#2#21,/Users/chaiyong/Downloads/matcha/javascript_files_splits/split_14/48269618/48269618_2_178492326.js_#2#21,/Users/chaiyong/Downloads/matcha/javascript_files_splits/split_15/51347160/51347160_8_original.js_#4#14,/Users/chaiyong/Downloads/matcha/javascript_files_splits/split_15/51347160/51347160_8_198049697.js_#4#14,/Users/chaiyong/Downloads/matcha/javascript_files_splits/split_15/51347160/51347160_8_177678351.js_#4#14,/Users/chaiyong/Downloads/matcha/javascript_files_splits/split_14/48269618/48269618_2_recent.js_#1#22,/Users/chaiyong/Downloads/matcha/javascript_files_splits/split_14/48269618/48269618_2_original.js_#1#22,/Users/chaiyong/Downloads/matcha/javascript_files_splits/split_14/48269618/48269618_2_178492326.js_#1#22,/Users/chaiyong/Downloads/matcha/javascript_files_splits/split_15/51347160/51347160_8_original.js_#3#15,/Users/chaiyong/Downloads/matcha/javascript_files_splits/split_15/51347160/51347160_8_198049697.js_#3#15,/Users/chaiyong/Downloads/matcha/javascript_files_splits/split_15/51347160/51347160_8_177678351.js_#3#15,/Users/chaiyong/Downloads/matcha/javascript_files_splits/split_15/51347160/51347160_8_original.js_#2#19,/Users/chaiyong/Downloads/matcha/javascript_files_splits/split_15/51347160/51347160_8_198049697.js_#2#19,/Users/chaiyong/Downloads/matcha/javascript_files_splits/split_15/51347160/51347160_8_177678351.js_#2#19,/Users/chaiyong/Downloads/matcha/javascript_files_splits/split_14/48269618/48269618_3_recent.js_#3#35,/Users/chaiyong/Downloads/matcha/javascript_files_splits/split_14/48269618/48269618_3_recent.js_#4#34,/Users/chaiyong/Downloads/matcha/javascript_files_splits/split_14/48269618/48269618_3_original.js_#3#35,/Users/chaiyong/Downloads/matcha/javascript_files_splits/split_14/48269618/48269618_3_original.js_#4#34,/Users/chaiyong/Downloads/matcha/javascript_files_splits/split_14/48269618/48269618_3_178492326.js_#3#35,/Users/chaiyong/Downloads/matcha/javascript_files_splits/split_14/48269618/48269618_3_178492326.js_#4#34,/Users/chaiyong/Downloads/matcha/javascript_files_splits/split_14/48269618/48269618_3_recent.js_#2#39,/Users/chaiyong/Downloads/matcha/javascript_files_splits/split_14/48269618/48269618_3_original.js_#2#39,/Users/chaiyong/Downloads/matcha/javascript_files_splits/split_14/48269618/48269618_3_178492326.js_#2#39
/Users/chaiyong/Downloads/matcha/js_repos/webpack/test/test262.spectest.js_#547#554,/Users/chaiyong/Downloads/matcha/javascript_files_splits/split_19/64690046/64690046_2_recent.js_#12#19,/Users/chaiyong/Downloads/matcha/javascript_files_splits/split_19/64690046/64690046_2_original.js_#12#19,/Users/chaiyong/Downloads/matcha/javascript_files_splits/split_19/64690046/64690046_2_234815702.js_#12#19,/Users/chaiyong/Downloads/matcha/javascript_files_splits/split_19/64690046/64690046_2_234272693.js_#12#19,/Users/chaiyong/Downloads/matcha/javascript_files_splits/split_12/40819158/40819158_8_recent.js_#2#10,/Users/chaiyong/Downloads/matcha/javascript_files_splits/split_12/40819158/40819158_8_original.js_#2#10,/Users/chaiyong/Downloads/matcha/javascript_files_splits/split_12/40819158/40819158_8_132598334.js_#2#10,/Users/chaiyong/Downloads/matcha/javascript_files_splits/split_19/64690046/64690046_2_recent.js_#9#20,/Users/chaiyong/Downloads/matcha/javascript_files_splits/split_19/64690046/64690046_2_original.js_#9#20,/Users/chaiyong/Downloads/matcha/javascript_files_splits/split_19/64690046/64690046_2_234815702.js_#9#20,/Users/chaiyong/Downloads/matcha/javascript_files_splits/split_19/64690046/64690046_2_234272693.js_#9#20,/Users/chaiyong/Downloads/matcha/javascript_files_splits/split_19/64690046/64690046_2_recent.js_#8#21,/Users/chaiyong/Downloads/matcha/javascript_files_splits/split_19/64690046/64690046_2_original.js_#8#21,/Users/chaiyong/Downloads/matcha/javascript_files_splits/split_19/64690046/64690046_2_234815702.js_#8#21,/Users/chaiyong/Downloads/matcha/javascript_files_splits/split_19/64690046/64690046_2_234272693.js_#8#21,/Users/chaiyong/Downloads/matcha/javascript_files_splits/split_12/40819158/40819158_8_recent.js_#1#11,/Users/chaiyong/Downloads/matcha/javascript_files_splits/split_12/40819158/40819158_8_original.js_#1#11,/Users/chaiyong/Downloads/matcha/javascript_files_splits/split_12/40819158/40819158_8_132598334.js_#1#11,/Users/chaiyong/Downloads/matcha/javascript_files_splits/split_19/61864709/61864709_2_recent.js_#2#11,/Users/chaiyong/Downloads/matcha/javascript_files_splits/split_19/61864709/61864709_2_221998463.js_#2#11,/Users/chaiyong/Downloads/matcha/javascript_files_splits/split_19/61864709/61864709_2_recent.js_#1#12,/Users/chaiyong/Downloads/matcha/javascript_files_splits/split_19/61864709/61864709_2_221998463.js_#1#12,/Users/chaiyong/Downloads/matcha/javascript_files_splits/split_14/47476936/47476936_2_recent.js_#2#15,/Users/chaiyong/Downloads/matcha/javascript_files_splits/split_14/47476936/47476936_2_161368750.js_#2#15,/Users/chaiyong/Downloads/matcha/javascript_files_splits/split_14/47476936/47476936_2_recent.js_#1#16,/Users/chaiyong/Downloads/matcha/javascript_files_splits/split_14/47476936/47476936_2_161368750.js_#1#16
/Users/chaiyong/Downloads/matcha/js_repos/webpack/test/findGraphRoots.unittest.js_#24#31,/Users/chaiyong/Downloads/matcha/javascript_files_splits/split_19/63535229/63535229_2_recent.js_#2#26,/Users/chaiyong/Downloads/matcha/javascript_files_splits/split_19/63535229/63535229_2_original.js_#2#26,/Users/chaiyong/Downloads/matcha/javascript_files_splits/split_19/63535229/63535229_2_229302718.js_#2#26,/Users/chaiyong/Downloads/matcha/javascript_files_splits/split_19/63535229/63535229_2_229302226.js_#2#26,/Users/chaiyong/Downloads/matcha/javascript_files_splits/split_19/63535229/63535229_2_229301342.js_#2#26,/Users/chaiyong/Downloads/matcha/javascript_files_splits/split_19/63535229/63535229_2_229301128.js_#2#26,/Users/chaiyong/Downloads/matcha/javascript_files_splits/split_19/63535229/63535229_2_229300016.js_#2#26,/Users/chaiyong/Downloads/matcha/javascript_files_splits/split_19/63535229/63535229_2_229299291.js_#2#26
/Users/chaiyong/Downloads/matcha/js_repos/webpack/test/configCases/runtime/opt-in-finally2/index.js_#1#8,/Users/chaiyong/Downloads/matcha/javascript_files_splits/split_12/42451998/42451998_2_recent.js_#77#89,/Users/chaiyong/Downloads/matcha/javascript_files_splits/split_12/42451998/42451998_2_original.js_#77#89,/Users/chaiyong/Downloads/matcha/javascript_files_splits/split_12/42451998/42451998_2_224752234.js_#77#89,/Users/chaiyong/Downloads/matcha/javascript_files_splits/split_12/42451998/42451998_2_139297594.js_#77#89,/Users/chaiyong/Downloads/matcha/javascript_files_splits/split_12/42451998/42451998_2_139285683.js_#77#89,/Users/chaiyong/Downloads/matcha/javascript_files_splits/split_12/42451998/42451998_2_139263698.js_#77#89,/Users/chaiyong/Downloads/matcha/javascript_files_splits/split_12/42451998/42451998_2_recent.js_#41#90,/Users/chaiyong/Downloads/matcha/javascript_files_splits/split_12/42451998/42451998_2_original.js_#41#90,/Users/chaiyong/Downloads/matcha/javascript_files_splits/split_12/42451998/42451998_2_224752234.js_#41#90,/Users/chaiyong/Downloads/matcha/javascript_files_splits/split_12/42451998/42451998_2_139297594.js_#41#90,/Users/chaiyong/Downloads/matcha/javascript_files_splits/split_12/42451998/42451998_2_139285683.js_#41#90,/Users/chaiyong/Downloads/matcha/javascript_files_splits/split_12/42451998/42451998_2_139263698.js_#41#90
/Users/chaiyong/Downloads/matcha/js_repos/webpack/test/configCases/runtime/opt-in-finally/index.js_#1#8,/Users/chaiyong/Downloads/matcha/javascript_files_splits/split_12/42451998/42451998_2_recent.js_#77#89,/Users/chaiyong/Downloads/matcha/javascript_files_splits/split_12/42451998/42451998_2_original.js_#77#89,/Users/chaiyong/Downloads/matcha/javascript_files_splits/split_12/42451998/42451998_2_224752234.js_#77#89,/Users/chaiyong/Downloads/matcha/javascript_files_splits/split_12/42451998/42451998_2_139297594.js_#77#89,/Users/chaiyong/Downloads/matcha/javascript_files_splits/split_12/42451998/42451998_2_139285683.js_#77#89,/Users/chaiyong/Downloads/matcha/javascript_files_splits/split_12/42451998/42451998_2_139263698.js_#77#89,/Users/chaiyong/Downloads/matcha/javascript_files_splits/split_12/42451998/42451998_2_recent.js_#41#90,/Users/chaiyong/Downloads/matcha/javascript_files_splits/split_12/42451998/42451998_2_original.js_#41#90,/Users/chaiyong/Downloads/matcha/javascript_files_splits/split_12/42451998/42451998_2_224752234.js_#41#90,/Users/chaiyong/Downloads/matcha/javascript_files_splits/split_12/42451998/42451998_2_139297594.js_#41#90,/Users/chaiyong/Downloads/matcha/javascript_files_splits/split_12/42451998/42451998_2_139285683.js_#41#90,/Users/chaiyong/Downloads/matcha/javascript_files_splits/split_12/42451998/42451998_2_139263698.js_#41#90
/Users/chaiyong/Downloads/matcha/js_repos/webpack/test/hotCases/runtime/import-after-download/index.js_#5#12,/Users/chaiyong/Downloads/matcha/javascript_files_splits/split_10/37756313/37756313_8_recent.js_#1#8,/Users/chaiyong/Downloads/matcha/javascript_files_splits/split_10/37756313/37756313_8_original.js_#1#8,/Users/chaiyong/Downloads/matcha/javascript_files_splits/split_10/37756313/37756313_8_120168693.js_#1#8,/Users/chaiyong/Downloads/matcha/javascript_files_splits/split_16/53269278/53269278_2_recent.js_#2#15,/Users/chaiyong/Downloads/matcha/javascript_files_splits/split_16/53269278/53269278_2_original.js_#2#15,/Users/chaiyong/Downloads/matcha/javascript_files_splits/split_16/53269278/53269278_2_185680374.js_#2#15,/Users/chaiyong/Downloads/matcha/javascript_files_splits/split_16/53269278/53269278_2_185679634.js_#2#15,/Users/chaiyong/Downloads/matcha/javascript_files_splits/split_16/53625249/53625249_2_recent.js_#23#31,/Users/chaiyong/Downloads/matcha/javascript_files_splits/split_16/53625249/53625249_2_original.js_#23#31,/Users/chaiyong/Downloads/matcha/javascript_files_splits/split_16/53625249/53625249_2_187177367.js_#23#31,/Users/chaiyong/Downloads/matcha/javascript_files_splits/split_16/53625249/53625249_2_187177153.js_#23#31,/Users/chaiyong/Downloads/matcha/javascript_files_splits/split_16/53625249/53625249_2_187176924.js_#23#31,/Users/chaiyong/Downloads/matcha/javascript_files_splits/split_19/64353737/64353737_4_recent.js_#3#20,/Users/chaiyong/Downloads/matcha/javascript_files_splits/split_19/64353737/64353737_4_original.js_#3#20,/Users/chaiyong/Downloads/matcha/javascript_files_splits/split_19/64353737/64353737_4_232806275.js_#3#20,/Users/chaiyong/Downloads/matcha/javascript_files_splits/split_19/64353737/64353737_4_232805860.js_#3#20
/Users/chaiyong/Downloads/matcha/js_repos/webpack/test/hotCases/errors/events/index.js_#43#49,/Users/chaiyong/Downloads/matcha/javascript_files_splits/split_13/43806205/43806205_8_original.js_#44#52,/Users/chaiyong/Downloads/matcha/javascript_files_splits/split_13/43806205/43806205_6_144708538.js_#44#52,/Users/chaiyong/Downloads/matcha/javascript_files_splits/split_13/43806205/43806205_8_original.js_#13#54,/Users/chaiyong/Downloads/matcha/javascript_files_splits/split_13/43806205/43806205_6_144708538.js_#13#54,/Users/chaiyong/Downloads/matcha/javascript_files_splits/split_13/43806205/43806205_8_original.js_#11#56,/Users/chaiyong/Downloads/matcha/javascript_files_splits/split_13/43806205/43806205_6_144708538.js_#11#56
/Users/chaiyong/Downloads/matcha/js_repos/webpack/bin/webpack.js_#23#29,/Users/chaiyong/Downloads/matcha/javascript_files_splits/split_14/46388683/46388683_4_recent.js_#22#28,/Users/chaiyong/Downloads/matcha/javascript_files_splits/split_14/46388683/46388683_4_original.js_#22#28,/Users/chaiyong/Downloads/matcha/javascript_files_splits/split_14/46388683/46388683_4_156874578.js_#22#28,/Users/chaiyong/Downloads/matcha/javascript_files_splits/split_14/46388683/46388683_4_156874141.js_#22#28,/Users/chaiyong/Downloads/matcha/javascript_files_splits/split_14/46388683/46388683_4_recent.js_#9#29,/Users/chaiyong/Downloads/matcha/javascript_files_splits/split_14/46388683/46388683_4_original.js_#9#29,/Users/chaiyong/Downloads/matcha/javascript_files_splits/split_14/46388683/46388683_4_156874578.js_#9#29,/Users/chaiyong/Downloads/matcha/javascript_files_splits/split_14/46388683/46388683_4_156874141.js_#9#29,/Users/chaiyong/Downloads/matcha/javascript_files_splits/split_11/38553295/38553295_8_123348378.js_#4#13,/Users/chaiyong/Downloads/matcha/javascript_files_splits/split_11/38553295/38553295_8_123348378.js_#4#13,/Users/chaiyong/Downloads/matcha/javascript_files_splits/split_11/38553295/38553295_8_123348050.js_#4#13,/Users/chaiyong/Downloads/matcha/javascript_files_splits/split_11/38553295/38553295_8_123348050.js_#4#13,/Users/chaiyong/Downloads/matcha/javascript_files_splits/split_11/38553295/38553295_6_recent.js_#17#26,/Users/chaiyong/Downloads/matcha/javascript_files_splits/split_11/38553295/38553295_6_recent.js_#17#26,/Users/chaiyong/Downloads/matcha/javascript_files_splits/split_11/38553295/38553295_6_original.js_#4#13,/Users/chaiyong/Downloads/matcha/javascript_files_splits/split_11/38553295/38553295_6_original.js_#4#13,/Users/chaiyong/Downloads/matcha/javascript_files_splits/split_11/38553295/38553295_6_123429554.js_#17#26,/Users/chaiyong/Downloads/matcha/javascript_files_splits/split_11/38553295/38553295_6_123429554.js_#17#26,/Users/chaiyong/Downloads/matcha/javascript_files_splits/split_11/38553295/38553295_6_123359266.js_#17#26,/Users/chaiyong/Downloads/matcha/javascript_files_splits/split_11/38553295/38553295_6_123359266.js_#17#26,/Users/chaiyong/Downloads/matcha/javascript_files_splits/split_11/38553295/38553295_6_123352180.js_#15#24,/Users/chaiyong/Downloads/matcha/javascript_files_splits/split_11/38553295/38553295_6_123352180.js_#15#24,/Users/chaiyong/Downloads/matcha/javascript_files_splits/split_11/38553295/38553295_6_123352014.js_#15#24,/Users/chaiyong/Downloads/matcha/javascript_files_splits/split_11/38553295/38553295_6_123352014.js_#15#24,/Users/chaiyong/Downloads/matcha/javascript_files_splits/split_11/38553295/38553295_6_123351506.js_#15#24,/Users/chaiyong/Downloads/matcha/javascript_files_splits/split_11/38553295/38553295_6_123351506.js_#15#24,/Users/chaiyong/Downloads/matcha/javascript_files_splits/split_11/38553295/38553295_8_123348378.js_#3#14,/Users/chaiyong/Downloads/matcha/javascript_files_splits/split_11/38553295/38553295_8_123348050.js_#3#14,/Users/chaiyong/Downloads/matcha/javascript_files_splits/split_11/38553295/38553295_6_recent.js_#16#27,/Users/chaiyong/Downloads/matcha/javascript_files_splits/split_11/38553295/38553295_6_original.js_#3#14,/Users/chaiyong/Downloads/matcha/javascript_files_splits/split_11/38553295/38553295_6_123429554.js_#16#27,/Users/chaiyong/Downloads/matcha/javascript_files_splits/split_11/38553295/38553295_6_123359266.js_#16#27,/Users/chaiyong/Downloads/matcha/javascript_files_splits/split_11/38553295/38553295_6_123352180.js_#14#25,/Users/chaiyong/Downloads/matcha/javascript_files_splits/split_11/38553295/38553295_6_123352014.js_#14#25,/Users/chaiyong/Downloads/matcha/javascript_files_splits/split_11/38553295/38553295_6_123351506.js_#14#25,/Users/chaiyong/Downloads/matcha/javascript_files_splits/split_14/46388683/46388683_4_recent.js_#7#30,/Users/chaiyong/Downloads/matcha/javascript_files_splits/split_14/46388683/46388683_4_original.js_#7#30,/Users/chaiyong/Downloads/matcha/javascript_files_splits/split_14/46388683/46388683_4_156874578.js_#7#30,/Users/chaiyong/Downloads/matcha/javascript_files_splits/split_14/46388683/46388683_4_156874141.js_#7#30
/Users/chaiyong/Downloads/matcha/js_repos/webpack/examples/nodejs-addons/build.js_#16#22,/Users/chaiyong/Downloads/matcha/javascript_files_splits/split_13/43722580/43722580_6_recent.js_#4#12,/Users/chaiyong/Downloads/matcha/javascript_files_splits/split_13/43722580/43722580_6_original.js_#4#12,/Users/chaiyong/Downloads/matcha/javascript_files_splits/split_13/43722580/43722580_6_144387665.js_#4#12,/Users/chaiyong/Downloads/matcha/javascript_files_splits/split_13/43722580/43722580_6_144383691.js_#4#12,/Users/chaiyong/Downloads/matcha/javascript_files_splits/split_15/51652564/51652564_2_original.js_#23#33,/Users/chaiyong/Downloads/matcha/javascript_files_splits/split_15/51652564/51652564_2_178946389.js_#23#33,/Users/chaiyong/Downloads/matcha/javascript_files_splits/split_15/51652564/51652564_2_178943470.js_#23#33,/Users/chaiyong/Downloads/matcha/javascript_files_splits/split_19/64392685/64392685_2_recent.js_#9#17,/Users/chaiyong/Downloads/matcha/javascript_files_splits/split_19/64392685/64392685_2_233007401.js_#9#17,/Users/chaiyong/Downloads/matcha/javascript_files_splits/split_11/40201287/40201287_2_recent.js_#1#8,/Users/chaiyong/Downloads/matcha/javascript_files_splits/split_11/40201287/40201287_2_original.js_#1#8,/Users/chaiyong/Downloads/matcha/javascript_files_splits/split_11/40201287/40201287_2_129929233.js_#1#8,/Users/chaiyong/Downloads/matcha/javascript_files_splits/split_11/40201287/40201287_2_129929036.js_#1#8,/Users/chaiyong/Downloads/matcha/javascript_files_splits/split_15/50380487/50380487_6_recent.js_#3#10,/Users/chaiyong/Downloads/matcha/javascript_files_splits/split_15/50380487/50380487_6_original.js_#3#10,/Users/chaiyong/Downloads/matcha/javascript_files_splits/split_15/50380487/50380487_6_173575086.js_#3#10,/Users/chaiyong/Downloads/matcha/javascript_files_splits/split_17/55542125/55542125_2_recent.js_#4#10,/Users/chaiyong/Downloads/matcha/javascript_files_splits/split_17/55542125/55542125_2_original.js_#4#10,/Users/chaiyong/Downloads/matcha/javascript_files_splits/split_17/55542125/55542125_2_195208908.js_#4#10,/Users/chaiyong/Downloads/matcha/javascript_files_splits/split_17/55542125/55542125_2_195208517.js_#4#10,/Users/chaiyong/Downloads/matcha/javascript_files_splits/split_19/64392685/64392685_2_recent.js_#7#18,/Users/chaiyong/Downloads/matcha/javascript_files_splits/split_19/64392685/64392685_2_233007401.js_#7#18,/Users/chaiyong/Downloads/matcha/javascript_files_splits/split_15/51652564/51652564_2_original.js_#15#34,/Users/chaiyong/Downloads/matcha/javascript_files_splits/split_15/51652564/51652564_2_178946389.js_#15#34,/Users/chaiyong/Downloads/matcha/javascript_files_splits/split_15/51652564/51652564_2_178943470.js_#15#34,/Users/chaiyong/Downloads/matcha/javascript_files_splits/split_19/62309780/62309780_2_original.js_#1#15,/Users/chaiyong/Downloads/matcha/javascript_files_splits/split_19/62309780/62309780_2_223777714.js_#1#15,/Users/chaiyong/Downloads/matcha/javascript_files_splits/split_15/50380487/50380487_6_recent.js_#1#11,/Users/chaiyong/Downloads/matcha/javascript_files_splits/split_15/50380487/50380487_6_original.js_#1#11,/Users/chaiyong/Downloads/matcha/javascript_files_splits/split_15/50380487/50380487_6_173575086.js_#1#11,/Users/chaiyong/Downloads/matcha/javascript_files_splits/split_19/62866231/62866231_2_recent.js_#2#17,/Users/chaiyong/Downloads/matcha/javascript_files_splits/split_19/62866231/62866231_2_original.js_#2#17,/Users/chaiyong/Downloads/matcha/javascript_files_splits/split_19/62866231/62866231_2_226464886.js_#2#17,/Users/chaiyong/Downloads/matcha/javascript_files_splits/split_19/62866231/62866231_2_226464704.js_#2#17,/Users/chaiyong/Downloads/matcha/javascript_files_splits/split_19/62866231/62866231_2_226464455.js_#2#17,/Users/chaiyong/Downloads/matcha/javascript_files_splits/split_19/64392685/64392685_2_recent.js_#2#20,/Users/chaiyong/Downloads/matcha/javascript_files_splits/split_19/64392685/64392685_2_233007401.js_#2#20,/Users/chaiyong/Downloads/matcha/javascript_files_splits/split_19/64392685/64392685_2_recent.js_#3#19,/Users/chaiyong/Downloads/matcha/javascript_files_splits/split_19/64392685/64392685_2_233007401.js_#3#19,/Users/chaiyong/Downloads/matcha/javascript_files_splits/split_17/55542125/55542125_2_recent.js_#1#18,/Users/chaiyong/Downloads/matcha/javascript_files_splits/split_17/55542125/55542125_2_original.js_#1#18,/Users/chaiyong/Downloads/matcha/javascript_files_splits/split_17/55542125/55542125_2_195208908.js_#1#18,/Users/chaiyong/Downloads/matcha/javascript_files_splits/split_17/55542125/55542125_2_195208517.js_#1#18,/Users/chaiyong/Downloads/matcha/javascript_files_splits/split_17/55542125/55542125_2_recent.js_#3#17,/Users/chaiyong/Downloads/matcha/javascript_files_splits/split_17/55542125/55542125_2_original.js_#3#17,/Users/chaiyong/Downloads/matcha/javascript_files_splits/split_17/55542125/55542125_2_195208908.js_#3#17,/Users/chaiyong/Downloads/matcha/javascript_files_splits/split_17/55542125/55542125_2_195208517.js_#3#17,/Users/chaiyong/Downloads/matcha/javascript_files_splits/split_19/62866231/62866231_2_recent.js_#1#20,/Users/chaiyong/Downloads/matcha/javascript_files_splits/split_19/62866231/62866231_2_original.js_#1#20,/Users/chaiyong/Downloads/matcha/javascript_files_splits/split_19/62866231/62866231_2_226464886.js_#1#20,/Users/chaiyong/Downloads/matcha/javascript_files_splits/split_19/62866231/62866231_2_226464704.js_#1#20,/Users/chaiyong/Downloads/matcha/javascript_files_splits/split_19/62866231/62866231_2_226464455.js_#1#20,/Users/chaiyong/Downloads/matcha/javascript_files_splits/split_12/41173437/41173437_2_recent.js_#18#54,/Users/chaiyong/Downloads/matcha/javascript_files_splits/split_12/41173437/41173437_2_recent.js_#22#53,/Users/chaiyong/Downloads/matcha/javascript_files_splits/split_12/41173437/41173437_2_133959571.js_#18#54,/Users/chaiyong/Downloads/matcha/javascript_files_splits/split_12/41173437/41173437_2_133959571.js_#22#53
/Users/chaiyong/Downloads/matcha/js_repos/webpack/lib/wasm-sync/SyncWasmModule.js_#28#34,/Users/chaiyong/Downloads/matcha/javascript_files_splits/split_17/57913746/57913746_2_recent.js_#2#18,/Users/chaiyong/Downloads/matcha/javascript_files_splits/split_17/57913746/57913746_2_original.js_#2#18,/Users/chaiyong/Downloads/matcha/javascript_files_splits/split_17/57913746/57913746_2_228146333.js_#2#18,/Users/chaiyong/Downloads/matcha/javascript_files_splits/split_17/57913746/57913746_2_205255634.js_#2#18,/Users/chaiyong/Downloads/matcha/javascript_files_splits/split_17/57913746/57913746_2_205253789.js_#2#18,/Users/chaiyong/Downloads/matcha/javascript_files_splits/split_17/57913746/57913746_2_205253499.js_#2#18
/Users/chaiyong/Downloads/matcha/js_repos/webpack/lib/sharing/utils.js_#231#239,/Users/chaiyong/Downloads/matcha/javascript_files_splits/split_20/9804835/9804835_2_recent.js_#1#8,/Users/chaiyong/Downloads/matcha/javascript_files_splits/split_20/9804835/9804835_2_original.js_#1#8,/Users/chaiyong/Downloads/matcha/javascript_files_splits/split_20/9804835/9804835_2_80593848.js_#1#8,/Users/chaiyong/Downloads/matcha/javascript_files_splits/split_20/9804835/9804835_2_22408298.js_#1#8,/Users/chaiyong/Downloads/matcha/javascript_files_splits/split_08/32282988/32282988_2_recent.js_#2#9,/Users/chaiyong/Downloads/matcha/javascript_files_splits/split_08/32282988/32282988_2_original.js_#2#9,/Users/chaiyong/Downloads/matcha/javascript_files_splits/split_08/32282988/32282988_2_98477218.js_#2#9,/Users/chaiyong/Downloads/matcha/javascript_files_splits/split_08/32282988/32282988_2_98476776.js_#2#9,/Users/chaiyong/Downloads/matcha/javascript_files_splits/split_02/14330715/14330715_4_recent.js_#2#9,/Users/chaiyong/Downloads/matcha/javascript_files_splits/split_02/14330715/14330715_4_original.js_#2#9,/Users/chaiyong/Downloads/matcha/javascript_files_splits/split_02/14330715/14330715_4_34465867.js_#2#9
/Users/chaiyong/Downloads/matcha/js_repos/webpack/lib/util/runtime.js_#692#700,/Users/chaiyong/Downloads/matcha/javascript_files_splits/split_14/47046125/47046125_2_recent.js_#3#10,/Users/chaiyong/Downloads/matcha/javascript_files_splits/split_14/47046125/47046125_2_159643211.js_#3#10,/Users/chaiyong/Downloads/matcha/javascript_files_splits/split_14/47046125/47046125_2_159596369.js_#3#10
/Users/chaiyong/Downloads/matcha/js_repos/webpack/lib/CacheFacade.js_#139#145,/Users/chaiyong/Downloads/matcha/javascript_files_splits/split_16/54320749/54320749_6_recent.js_#4#11,/Users/chaiyong/Downloads/matcha/javascript_files_splits/split_16/54320749/54320749_6_original.js_#4#11,/Users/chaiyong/Downloads/matcha/javascript_files_splits/split_16/54320749/54320749_6_190103730.js_#4#11,/Users/chaiyong/Downloads/matcha/javascript_files_splits/split_16/54320749/54320749_6_190103440.js_#4#11,/Users/chaiyong/Downloads/matcha/javascript_files_splits/split_14/47958496/47958496_4_recent.js_#3#9,/Users/chaiyong/Downloads/matcha/javascript_files_splits/split_14/47958496/47958496_4_163435641.js_#3#9,/Users/chaiyong/Downloads/matcha/javascript_files_splits/split_12/42736435/42736435_8_recent.js_#3#9,/Users/chaiyong/Downloads/matcha/javascript_files_splits/split_12/42736435/42736435_8_original.js_#3#9,/Users/chaiyong/Downloads/matcha/javascript_files_splits/split_12/42736435/42736435_8_140388286.js_#3#9,/Users/chaiyong/Downloads/matcha/javascript_files_splits/split_12/42736435/42736435_6_140387444.js_#3#9,/Users/chaiyong/Downloads/matcha/javascript_files_splits/split_10/35791429/35791429_2_recent.js_#4#10,/Users/chaiyong/Downloads/matcha/javascript_files_splits/split_10/35791429/35791429_2_original.js_#4#10,/Users/chaiyong/Downloads/matcha/javascript_files_splits/split_10/35791429/35791429_2_191534019.js_#4#10,/Users/chaiyong/Downloads/matcha/javascript_files_splits/split_10/35791429/35791429_2_191533398.js_#4#10,/Users/chaiyong/Downloads/matcha/javascript_files_splits/split_10/35791429/35791429_2_112387369.js_#4#10,/Users/chaiyong/Downloads/matcha/javascript_files_splits/split_14/47958496/47958496_4_recent.js_#2#10,/Users/chaiyong/Downloads/matcha/javascript_files_splits/split_14/47958496/47958496_4_163435641.js_#2#10,/Users/chaiyong/Downloads/matcha/javascript_files_splits/split_16/54320749/54320749_6_recent.js_#3#12,/Users/chaiyong/Downloads/matcha/javascript_files_splits/split_16/54320749/54320749_6_original.js_#3#12,/Users/chaiyong/Downloads/matcha/javascript_files_splits/split_16/54320749/54320749_6_190103730.js_#3#12,/Users/chaiyong/Downloads/matcha/javascript_files_splits/split_16/54320749/54320749_6_190103440.js_#3#12,/Users/chaiyong/Downloads/matcha/javascript_files_splits/split_18/58501717/58501717_2_original.js_#2#8,/Users/chaiyong/Downloads/matcha/javascript_files_splits/split_18/58501717/58501717_2_207716684.js_#2#8,/Users/chaiyong/Downloads/matcha/javascript_files_splits/split_16/53269476/53269476_8_recent.js_#8#14,/Users/chaiyong/Downloads/matcha/javascript_files_splits/split_16/53269476/53269476_8_original.js_#8#14,/Users/chaiyong/Downloads/matcha/javascript_files_splits/split_16/53269476/53269476_8_185686247.js_#8#14,/Users/chaiyong/Downloads/matcha/javascript_files_splits/split_12/42736435/42736435_8_recent.js_#1#12,/Users/chaiyong/Downloads/matcha/javascript_files_splits/split_12/42736435/42736435_8_original.js_#1#12,/Users/chaiyong/Downloads/matcha/javascript_files_splits/split_12/42736435/42736435_8_140388286.js_#1#12,/Users/chaiyong/Downloads/matcha/javascript_files_splits/split_12/42736435/42736435_6_140387444.js_#1#12,/Users/chaiyong/Downloads/matcha/javascript_files_splits/split_14/47958496/47958496_4_recent.js_#1#11,/Users/chaiyong/Downloads/matcha/javascript_files_splits/split_14/47958496/47958496_4_163435641.js_#1#11,/Users/chaiyong/Downloads/matcha/javascript_files_splits/split_12/42736435/42736435_8_recent.js_#2#11,/Users/chaiyong/Downloads/matcha/javascript_files_splits/split_12/42736435/42736435_8_original.js_#2#11,/Users/chaiyong/Downloads/matcha/javascript_files_splits/split_12/42736435/42736435_8_140388286.js_#2#11,/Users/chaiyong/Downloads/matcha/javascript_files_splits/split_12/42736435/42736435_6_140387444.js_#2#11,/Users/chaiyong/Downloads/matcha/javascript_files_splits/split_10/35791429/35791429_2_recent.js_#3#11,/Users/chaiyong/Downloads/matcha/javascript_files_splits/split_10/35791429/35791429_2_original.js_#3#11,/Users/chaiyong/Downloads/matcha/javascript_files_splits/split_10/35791429/35791429_2_191534019.js_#3#11,/Users/chaiyong/Downloads/matcha/javascript_files_splits/split_10/35791429/35791429_2_191533398.js_#3#11,/Users/chaiyong/Downloads/matcha/javascript_files_splits/split_10/35791429/35791429_2_112387369.js_#3#11,/Users/chaiyong/Downloads/matcha/javascript_files_splits/split_16/54320749/54320749_6_recent.js_#1#13,/Users/chaiyong/Downloads/matcha/javascript_files_splits/split_16/54320749/54320749_6_recent.js_#3#12,/Users/chaiyong/Downloads/matcha/javascript_files_splits/split_16/54320749/54320749_6_original.js_#1#13,/Users/chaiyong/Downloads/matcha/javascript_files_splits/split_16/54320749/54320749_6_original.js_#3#12,/Users/chaiyong/Downloads/matcha/javascript_files_splits/split_16/54320749/54320749_6_190103730.js_#1#13,/Users/chaiyong/Downloads/matcha/javascript_files_splits/split_16/54320749/54320749_6_190103730.js_#3#12,/Users/chaiyong/Downloads/matcha/javascript_files_splits/split_16/54320749/54320749_6_190103440.js_#1#13,/Users/chaiyong/Downloads/matcha/javascript_files_splits/split_16/54320749/54320749_6_190103440.js_#3#12,/Users/chaiyong/Downloads/matcha/javascript_files_splits/split_13/45772543/45772543_2_recent.js_#2#8,/Users/chaiyong/Downloads/matcha/javascript_files_splits/split_13/45772543/45772543_2_original.js_#2#8,/Users/chaiyong/Downloads/matcha/javascript_files_splits/split_13/45772543/45772543_2_154322733.js_#2#8,/Users/chaiyong/Downloads/matcha/javascript_files_splits/split_13/45772543/45772543_2_154322383.js_#2#8,/Users/chaiyong/Downloads/matcha/javascript_files_splits/split_13/45772543/45772543_2_154320774.js_#2#8,/Users/chaiyong/Downloads/matcha/javascript_files_splits/split_16/53269476/53269476_8_recent.js_#7#15,/Users/chaiyong/Downloads/matcha/javascript_files_splits/split_16/53269476/53269476_8_original.js_#7#15,/Users/chaiyong/Downloads/matcha/javascript_files_splits/split_16/53269476/53269476_8_185686247.js_#7#15,/Users/chaiyong/Downloads/matcha/javascript_files_splits/split_13/45772543/45772543_2_recent.js_#1#9,/Users/chaiyong/Downloads/matcha/javascript_files_splits/split_13/45772543/45772543_2_recent.js_#1#9,/Users/chaiyong/Downloads/matcha/javascript_files_splits/split_13/45772543/45772543_2_recent.js_#1#9,/Users/chaiyong/Downloads/matcha/javascript_files_splits/split_13/45772543/45772543_2_original.js_#1#10,/Users/chaiyong/Downloads/matcha/javascript_files_splits/split_13/45772543/45772543_2_154322733.js_#1#9,/Users/chaiyong/Downloads/matcha/javascript_files_splits/split_13/45772543/45772543_2_154322733.js_#1#9,/Users/chaiyong/Downloads/matcha/javascript_files_splits/split_13/45772543/45772543_2_154322733.js_#1#9,/Users/chaiyong/Downloads/matcha/javascript_files_splits/split_13/45772543/45772543_2_154322383.js_#1#10,/Users/chaiyong/Downloads/matcha/javascript_files_splits/split_13/45772543/45772543_2_154320774.js_#1#10,/Users/chaiyong/Downloads/matcha/javascript_files_splits/split_13/45772543/45772543_2_original.js_#1#10,/Users/chaiyong/Downloads/matcha/javascript_files_splits/split_13/45772543/45772543_2_154322383.js_#1#10,/Users/chaiyong/Downloads/matcha/javascript_files_splits/split_13/45772543/45772543_2_154320774.js_#1#10,/Users/chaiyong/Downloads/matcha/javascript_files_splits/split_16/53269476/53269476_8_recent.js_#6#16,/Users/chaiyong/Downloads/matcha/javascript_files_splits/split_16/53269476/53269476_8_original.js_#6#16,/Users/chaiyong/Downloads/matcha/javascript_files_splits/split_16/53269476/53269476_8_185686247.js_#6#16,/Users/chaiyong/Downloads/matcha/javascript_files_splits/split_13/45772543/45772543_2_original.js_#1#10,/Users/chaiyong/Downloads/matcha/javascript_files_splits/split_13/45772543/45772543_2_154322383.js_#1#10,/Users/chaiyong/Downloads/matcha/javascript_files_splits/split_13/45772543/45772543_2_154320774.js_#1#10,/Users/chaiyong/Downloads/matcha/javascript_files_splits/split_13/43517385/43517385_2_143562257.js_#6#13,/Users/chaiyong/Downloads/matcha/javascript_files_splits/split_13/43517385/43517385_2_143561244.js_#6#13,/Users/chaiyong/Downloads/matcha/javascript_files_splits/split_19/64001449/64001449_4_recent.js_#2#8,/Users/chaiyong/Downloads/matcha/javascript_files_splits/split_19/64001449/64001449_4_original.js_#2#8,/Users/chaiyong/Downloads/matcha/javascript_files_splits/split_19/64001449/64001449_4_231293100.js_#2#8,/Users/chaiyong/Downloads/matcha/javascript_files_splits/split_19/64001449/64001449_2_recent.js_#4#10,/Users/chaiyong/Downloads/matcha/javascript_files_splits/split_19/64001449/64001449_2_original.js_#4#10,/Users/chaiyong/Downloads/matcha/javascript_files_splits/split_19/64001449/64001449_2_231293100.js_#4#10,/Users/chaiyong/Downloads/matcha/javascript_files_splits/split_19/64001449/64001449_2_231292249.js_#4#10,/Users/chaiyong/Downloads/matcha/javascript_files_splits/split_19/64001449/64001449_2_231291547.js_#4#10,/Users/chaiyong/Downloads/matcha/javascript_files_splits/split_19/62493705/62493705_2_recent.js_#3#9,/Users/chaiyong/Downloads/matcha/javascript_files_splits/split_19/62493705/62493705_2_original.js_#3#9,/Users/chaiyong/Downloads/matcha/javascript_files_splits/split_19/62493705/62493705_2_225246186.js_#3#9,/Users/chaiyong/Downloads/matcha/javascript_files_splits/split_19/62493705/62493705_2_224837372.js_#3#9,/Users/chaiyong/Downloads/matcha/javascript_files_splits/split_18/60795407/60795407_2_recent.js_#29#35,/Users/chaiyong/Downloads/matcha/javascript_files_splits/split_18/60795407/60795407_2_original.js_#29#35,/Users/chaiyong/Downloads/matcha/javascript_files_splits/split_18/60795407/60795407_2_217478277.js_#29#35,/Users/chaiyong/Downloads/matcha/javascript_files_splits/split_18/60795407/60795407_2_217466851.js_#29#35,/Users/chaiyong/Downloads/matcha/javascript_files_splits/split_18/60795407/60795407_2_217416395.js_#29#35,/Users/chaiyong/Downloads/matcha/javascript_files_splits/split_14/46126245/46126245_2_recent.js_#3#9,/Users/chaiyong/Downloads/matcha/javascript_files_splits/split_14/46126245/46126245_2_155777964.js_#3#9,/Users/chaiyong/Downloads/matcha/javascript_files_splits/split_14/46126245/46126245_2_155777712.js_#3#9,/Users/chaiyong/Downloads/matcha/javascript_files_splits/split_14/45930303/45930303_2_recent.js_#4#10,/Users/chaiyong/Downloads/matcha/javascript_files_splits/split_14/45930303/45930303_2_original.js_#4#10,/Users/chaiyong/Downloads/matcha/javascript_files_splits/split_14/45930303/45930303_2_154969698.js_#4#10
/Users/chaiyong/Downloads/matcha/js_repos/webpack/lib/CacheFacade.js_#168#174,/Users/chaiyong/Downloads/matcha/javascript_files_splits/split_14/48068023/48068023_2_recent.js_#13#19,/Users/chaiyong/Downloads/matcha/javascript_files_splits/split_14/48068023/48068023_2_163877057.js_#13#19,/Users/chaiyong/Downloads/matcha/javascript_files_splits/split_14/48068023/48068023_2_163874965.js_#13#19,/Users/chaiyong/Downloads/matcha/javascript_files_splits/split_14/48068023/48068023_2_recent.js_#12#20,/Users/chaiyong/Downloads/matcha/javascript_files_splits/split_14/48068023/48068023_2_163877057.js_#12#20,/Users/chaiyong/Downloads/matcha/javascript_files_splits/split_14/48068023/48068023_2_163874965.js_#12#20,/Users/chaiyong/Downloads/matcha/javascript_files_splits/split_19/64001449/64001449_4_recent.js_#2#8,/Users/chaiyong/Downloads/matcha/javascript_files_splits/split_19/64001449/64001449_4_original.js_#2#8,/Users/chaiyong/Downloads/matcha/javascript_files_splits/split_19/64001449/64001449_4_231293100.js_#2#8,/Users/chaiyong/Downloads/matcha/javascript_files_splits/split_19/64001449/64001449_2_recent.js_#4#10,/Users/chaiyong/Downloads/matcha/javascript_files_splits/split_19/64001449/64001449_2_original.js_#4#10,/Users/chaiyong/Downloads/matcha/javascript_files_splits/split_19/64001449/64001449_2_231293100.js_#4#10,/Users/chaiyong/Downloads/matcha/javascript_files_splits/split_19/64001449/64001449_2_231292249.js_#4#10,/Users/chaiyong/Downloads/matcha/javascript_files_splits/split_19/64001449/64001449_2_231291547.js_#4#10,/Users/chaiyong/Downloads/matcha/javascript_files_splits/split_19/62493705/62493705_2_recent.js_#3#9,/Users/chaiyong/Downloads/matcha/javascript_files_splits/split_19/62493705/62493705_2_original.js_#3#9,/Users/chaiyong/Downloads/matcha/javascript_files_splits/split_19/62493705/62493705_2_225246186.js_#3#9,/Users/chaiyong/Downloads/matcha/javascript_files_splits/split_19/62493705/62493705_2_224837372.js_#3#9,/Users/chaiyong/Downloads/matcha/javascript_files_splits/split_18/60795407/60795407_2_recent.js_#29#35,/Users/chaiyong/Downloads/matcha/javascript_files_splits/split_18/60795407/60795407_2_original.js_#29#35,/Users/chaiyong/Downloads/matcha/javascript_files_splits/split_18/60795407/60795407_2_217478277.js_#29#35,/Users/chaiyong/Downloads/matcha/javascript_files_splits/split_18/60795407/60795407_2_217466851.js_#29#35,/Users/chaiyong/Downloads/matcha/javascript_files_splits/split_18/60795407/60795407_2_217416395.js_#29#35,/Users/chaiyong/Downloads/matcha/javascript_files_splits/split_16/54320749/54320749_6_recent.js_#4#11,/Users/chaiyong/Downloads/matcha/javascript_files_splits/split_16/54320749/54320749_6_original.js_#4#11,/Users/chaiyong/Downloads/matcha/javascript_files_splits/split_16/54320749/54320749_6_190103730.js_#4#11,/Users/chaiyong/Downloads/matcha/javascript_files_splits/split_16/54320749/54320749_6_190103440.js_#4#11,/Users/chaiyong/Downloads/matcha/javascript_files_splits/split_14/47958496/47958496_4_recent.js_#3#9,/Users/chaiyong/Downloads/matcha/javascript_files_splits/split_14/47958496/47958496_4_163435641.js_#3#9,/Users/chaiyong/Downloads/matcha/javascript_files_splits/split_14/46126245/46126245_2_recent.js_#3#9,/Users/chaiyong/Downloads/matcha/javascript_files_splits/split_14/46126245/46126245_2_155777964.js_#3#9,/Users/chaiyong/Downloads/matcha/javascript_files_splits/split_14/46126245/46126245_2_155777712.js_#3#9,/Users/chaiyong/Downloads/matcha/javascript_files_splits/split_14/45930303/45930303_2_recent.js_#4#10,/Users/chaiyong/Downloads/matcha/javascript_files_splits/split_14/45930303/45930303_2_original.js_#4#10,/Users/chaiyong/Downloads/matcha/javascript_files_splits/split_14/45930303/45930303_2_154969698.js_#4#10,/Users/chaiyong/Downloads/matcha/javascript_files_splits/split_14/45930303/45930303_2_154969354.js_#4#10,/Users/chaiyong/Downloads/matcha/javascript_files_splits/split_13/44321565/44321565_2_recent.js_#2#8,/Users/chaiyong/Downloads/matcha/javascript_files_splits/split_13/44321565/44321565_2_original.js_#2#8,/Users/chaiyong/Downloads/matcha/javascript_files_splits/split_13/44321565/44321565_2_148455528.js_#2#8,/Users/chaiyong/Downloads/matcha/javascript_files_splits/split_13/44321565/44321565_2_148454045.js_#2#8,/Users/chaiyong/Downloads/matcha/javascript_files_splits/split_12/42736435/42736435_8_recent.js_#3#9,/Users/chaiyong/Downloads/matcha/javascript_files_splits/split_12/42736435/42736435_8_original.js_#3#9,/Users/chaiyong/Downloads/matcha/javascript_files_splits/split_12/42736435/42736435_8_140388286.js_#3#9,/Users/chaiyong/Downloads/matcha/javascript_files_splits/split_12/42736435/42736435_6_140387444.js_#3#9,/Users/chaiyong/Downloads/matcha/javascript_files_splits/split_10/35791429/35791429_2_recent.js_#4#10,/Users/chaiyong/Downloads/matcha/javascript_files_splits/split_10/35791429/35791429_2_original.js_#4#10,/Users/chaiyong/Downloads/matcha/javascript_files_splits/split_10/35791429/35791429_2_191534019.js_#4#10,/Users/chaiyong/Downloads/matcha/javascript_files_splits/split_10/35791429/35791429_2_191533398.js_#4#10,/Users/chaiyong/Downloads/matcha/javascript_files_splits/split_10/35791429/35791429_2_112387369.js_#4#10,/Users/chaiyong/Downloads/matcha/javascript_files_splits/split_16/52051563/52051563_4_recent.js_#3#9,/Users/chaiyong/Downloads/matcha/javascript_files_splits/split_16/52051563/52051563_4_original.js_#3#9,/Users/chaiyong/Downloads/matcha/javascript_files_splits/split_16/52051563/52051563_4_180649173.js_#3#9,/Users/chaiyong/Downloads/matcha/javascript_files_splits/split_16/52051563/52051563_4_180606603.js_#3#9,/Users/chaiyong/Downloads/matcha/javascript_files_splits/split_13/44133954/44133954_2_recent.js_#3#9,/Users/chaiyong/Downloads/matcha/javascript_files_splits/split_13/44133954/44133954_2_original.js_#3#9,/Users/chaiyong/Downloads/matcha/javascript_files_splits/split_13/44133954/44133954_2_original.js_#14#20,/Users/chaiyong/Downloads/matcha/javascript_files_splits/split_13/44133954/44133954_2_147517894.js_#3#9,/Users/chaiyong/Downloads/matcha/javascript_files_splits/split_13/44133954/44133954_2_146418457.js_#3#9,/Users/chaiyong/Downloads/matcha/javascript_files_splits/split_13/44133954/44133954_2_146418457.js_#14#20,/Users/chaiyong/Downloads/matcha/javascript_files_splits/split_14/45930303/45930303_2_recent.js_#3#11,/Users/chaiyong/Downloads/matcha/javascript_files_splits/split_14/45930303/45930303_2_original.js_#3#11,/Users/chaiyong/Downloads/matcha/javascript_files_splits/split_14/45930303/45930303_2_154969698.js_#3#11,/Users/chaiyong/Downloads/matcha/javascript_files_splits/split_14/45930303/45930303_2_154969354.js_#3#11,/Users/chaiyong/Downloads/matcha/javascript_files_splits/split_14/48068023/48068023_2_recent.js_#11#21,/Users/chaiyong/Downloads/matcha/javascript_files_splits/split_14/48068023/48068023_2_163877057.js_#11#21,/Users/chaiyong/Downloads/matcha/javascript_files_splits/split_14/48068023/48068023_2_163874965.js_#11#21,/Users/chaiyong/Downloads/matcha/javascript_files_splits/split_14/47958496/47958496_4_recent.js_#2#10,/Users/chaiyong/Downloads/matcha/javascript_files_splits/split_14/47958496/47958496_4_163435641.js_#2#10,/Users/chaiyong/Downloads/matcha/javascript_files_splits/split_13/44321565/44321565_2_recent.js_#1#9,/Users/chaiyong/Downloads/matcha/javascript_files_splits/split_13/44321565/44321565_2_original.js_#1#9,/Users/chaiyong/Downloads/matcha/javascript_files_splits/split_13/44321565/44321565_2_148455528.js_#1#9,/Users/chaiyong/Downloads/matcha/javascript_files_splits/split_13/44321565/44321565_2_148454045.js_#1#9,/Users/chaiyong/Downloads/matcha/javascript_files_splits/split_19/64001449/64001449_4_recent.js_#1#9,/Users/chaiyong/Downloads/matcha/javascript_files_splits/split_19/64001449/64001449_4_original.js_#1#9,/Users/chaiyong/Downloads/matcha/javascript_files_splits/split_19/64001449/64001449_4_231293100.js_#1#9,/Users/chaiyong/Downloads/matcha/javascript_files_splits/split_19/64001449/64001449_2_recent.js_#3#11,/Users/chaiyong/Downloads/matcha/javascript_files_splits/split_19/64001449/64001449_2_original.js_#3#11,/Users/chaiyong/Downloads/matcha/javascript_files_splits/split_19/64001449/64001449_2_231293100.js_#3#11,/Users/chaiyong/Downloads/matcha/javascript_files_splits/split_19/64001449/64001449_2_231292249.js_#3#11,/Users/chaiyong/Downloads/matcha/javascript_files_splits/split_19/64001449/64001449_2_231291547.js_#3#11,/Users/chaiyong/Downloads/matcha/javascript_files_splits/split_14/46126245/46126245_2_recent.js_#2#9,/Users/chaiyong/Downloads/matcha/javascript_files_splits/split_14/46126245/46126245_2_155777964.js_#2#9,/Users/chaiyong/Downloads/matcha/javascript_files_splits/split_14/46126245/46126245_2_155777712.js_#2#9,/Users/chaiyong/Downloads/matcha/javascript_files_splits/split_14/45930303/45930303_2_recent.js_#17#23,/Users/chaiyong/Downloads/matcha/javascript_files_splits/split_14/45930303/45930303_2_original.js_#17#23,/Users/chaiyong/Downloads/matcha/javascript_files_splits/split_14/45930303/45930303_2_154969698.js_#17#23,/Users/chaiyong/Downloads/matcha/javascript_files_splits/split_14/45930303/45930303_2_154969354.js_#17#23,/Users/chaiyong/Downloads/matcha/javascript_files_splits/split_16/54320749/54320749_6_recent.js_#3#12,/Users/chaiyong/Downloads/matcha/javascript_files_splits/split_16/54320749/54320749_6_original.js_#3#12,/Users/chaiyong/Downloads/matcha/javascript_files_splits/split_16/54320749/54320749_6_190103730.js_#3#12,/Users/chaiyong/Downloads/matcha/javascript_files_splits/split_16/54320749/54320749_6_190103440.js_#3#12,/Users/chaiyong/Downloads/matcha/javascript_files_splits/split_18/59769401/59769401_4_recent.js_#15#21,/Users/chaiyong/Downloads/matcha/javascript_files_splits/split_18/59769401/59769401_4_original.js_#15#21,/Users/chaiyong/Downloads/matcha/javascript_files_splits/split_18/59769401/59769401_4_213069874.js_#15#21,/Users/chaiyong/Downloads/matcha/javascript_files_splits/split_18/59769401/59769401_4_213066425.js_#15#21,/Users/chaiyong/Downloads/matcha/javascript_files_splits/split_17/57717106/57717106_2_recent.js_#3#9,/Users/chaiyong/Downloads/matcha/javascript_files_splits/split_17/57717106/57717106_2_original.js_#3#9,/Users/chaiyong/Downloads/matcha/javascript_files_splits/split_17/57717106/57717106_2_204425021.js_#3#9,/Users/chaiyong/Downloads/matcha/javascript_files_splits/split_19/61979518/61979518_2_original.js_#15#21,/Users/chaiyong/Downloads/matcha/javascript_files_splits/split_19/61979518/61979518_2_222399299.js_#15#21
/Users/chaiyong/Downloads/matcha/js_repos/webpack/lib/CacheFacade.js_#305#311,/Users/chaiyong/Downloads/matcha/javascript_files_splits/split_16/54320749/54320749_6_recent.js_#4#11,/Users/chaiyong/Downloads/matcha/javascript_files_splits/split_16/54320749/54320749_6_original.js_#4#11,/Users/chaiyong/Downloads/matcha/javascript_files_splits/split_16/54320749/54320749_6_190103730.js_#4#11,/Users/chaiyong/Downloads/matcha/javascript_files_splits/split_16/54320749/54320749_6_190103440.js_#4#11,/Users/chaiyong/Downloads/matcha/javascript_files_splits/split_14/47958496/47958496_4_recent.js_#3#9,/Users/chaiyong/Downloads/matcha/javascript_files_splits/split_14/47958496/47958496_4_163435641.js_#3#9,/Users/chaiyong/Downloads/matcha/javascript_files_splits/split_12/42736435/42736435_8_recent.js_#3#9,/Users/chaiyong/Downloads/matcha/javascript_files_splits/split_12/42736435/42736435_8_original.js_#3#9,/Users/chaiyong/Downloads/matcha/javascript_files_splits/split_12/42736435/42736435_8_140388286.js_#3#9,/Users/chaiyong/Downloads/matcha/javascript_files_splits/split_12/42736435/42736435_6_140387444.js_#3#9,/Users/chaiyong/Downloads/matcha/javascript_files_splits/split_10/35791429/35791429_2_recent.js_#4#10,/Users/chaiyong/Downloads/matcha/javascript_files_splits/split_10/35791429/35791429_2_original.js_#4#10,/Users/chaiyong/Downloads/matcha/javascript_files_splits/split_10/35791429/35791429_2_191534019.js_#4#10,/Users/chaiyong/Downloads/matcha/javascript_files_splits/split_10/35791429/35791429_2_191533398.js_#4#10,/Users/chaiyong/Downloads/matcha/javascript_files_splits/split_10/35791429/35791429_2_112387369.js_#4#10,/Users/chaiyong/Downloads/matcha/javascript_files_splits/split_14/47958496/47958496_4_recent.js_#2#10,/Users/chaiyong/Downloads/matcha/javascript_files_splits/split_14/47958496/47958496_4_163435641.js_#2#10,/Users/chaiyong/Downloads/matcha/javascript_files_splits/split_16/54320749/54320749_6_recent.js_#3#12,/Users/chaiyong/Downloads/matcha/javascript_files_splits/split_16/54320749/54320749_6_original.js_#3#12,/Users/chaiyong/Downloads/matcha/javascript_files_splits/split_16/54320749/54320749_6_190103730.js_#3#12,/Users/chaiyong/Downloads/matcha/javascript_files_splits/split_16/54320749/54320749_6_190103440.js_#3#12,/Users/chaiyong/Downloads/matcha/javascript_files_splits/split_18/58501717/58501717_2_original.js_#2#8,/Users/chaiyong/Downloads/matcha/javascript_files_splits/split_18/58501717/58501717_2_207716684.js_#2#8,/Users/chaiyong/Downloads/matcha/javascript_files_splits/split_16/53269476/53269476_8_recent.js_#8#14,/Users/chaiyong/Downloads/matcha/javascript_files_splits/split_16/53269476/53269476_8_original.js_#8#14,/Users/chaiyong/Downloads/matcha/javascript_files_splits/split_16/53269476/53269476_8_185686247.js_#8#14,/Users/chaiyong/Downloads/matcha/javascript_files_splits/split_12/42736435/42736435_8_recent.js_#1#12,/Users/chaiyong/Downloads/matcha/javascript_files_splits/split_12/42736435/42736435_8_original.js_#1#12,/Users/chaiyong/Downloads/matcha/javascript_files_splits/split_12/42736435/42736435_8_140388286.js_#1#12,/Users/chaiyong/Downloads/matcha/javascript_files_splits/split_12/42736435/42736435_6_140387444.js_#1#12,/Users/chaiyong/Downloads/matcha/javascript_files_splits/split_14/47958496/47958496_4_recent.js_#1#11,/Users/chaiyong/Downloads/matcha/javascript_files_splits/split_14/47958496/47958496_4_163435641.js_#1#11,/Users/chaiyong/Downloads/matcha/javascript_files_splits/split_12/42736435/42736435_8_recent.js_#2#11,/Users/chaiyong/Downloads/matcha/javascript_files_splits/split_12/42736435/42736435_8_original.js_#2#11,/Users/chaiyong/Downloads/matcha/javascript_files_splits/split_12/42736435/42736435_8_140388286.js_#2#11,/Users/chaiyong/Downloads/matcha/javascript_files_splits/split_12/42736435/42736435_6_140387444.js_#2#11,/Users/chaiyong/Downloads/matcha/javascript_files_splits/split_10/35791429/35791429_2_recent.js_#3#11,/Users/chaiyong/Downloads/matcha/javascript_files_splits/split_10/35791429/35791429_2_original.js_#3#11,/Users/chaiyong/Downloads/matcha/javascript_files_splits/split_10/35791429/35791429_2_191534019.js_#3#11,/Users/chaiyong/Downloads/matcha/javascript_files_splits/split_10/35791429/35791429_2_191533398.js_#3#11,/Users/chaiyong/Downloads/matcha/javascript_files_splits/split_10/35791429/35791429_2_112387369.js_#3#11,/Users/chaiyong/Downloads/matcha/javascript_files_splits/split_16/54320749/54320749_6_recent.js_#1#13,/Users/chaiyong/Downloads/matcha/javascript_files_splits/split_16/54320749/54320749_6_recent.js_#3#12,/Users/chaiyong/Downloads/matcha/javascript_files_splits/split_16/54320749/54320749_6_original.js_#1#13,/Users/chaiyong/Downloads/matcha/javascript_files_splits/split_16/54320749/54320749_6_original.js_#3#12,/Users/chaiyong/Downloads/matcha/javascript_files_splits/split_16/54320749/54320749_6_190103730.js_#1#13,/Users/chaiyong/Downloads/matcha/javascript_files_splits/split_16/54320749/54320749_6_190103730.js_#3#12,/Users/chaiyong/Downloads/matcha/javascript_files_splits/split_16/54320749/54320749_6_190103440.js_#1#13,/Users/chaiyong/Downloads/matcha/javascript_files_splits/split_16/54320749/54320749_6_190103440.js_#3#12,/Users/chaiyong/Downloads/matcha/javascript_files_splits/split_13/45772543/45772543_2_recent.js_#2#8,/Users/chaiyong/Downloads/matcha/javascript_files_splits/split_13/45772543/45772543_2_original.js_#2#8,/Users/chaiyong/Downloads/matcha/javascript_files_splits/split_13/45772543/45772543_2_154322733.js_#2#8,/Users/chaiyong/Downloads/matcha/javascript_files_splits/split_13/45772543/45772543_2_154322383.js_#2#8,/Users/chaiyong/Downloads/matcha/javascript_files_splits/split_13/45772543/45772543_2_154320774.js_#2#8,/Users/chaiyong/Downloads/matcha/javascript_files_splits/split_16/53269476/53269476_8_recent.js_#7#15,/Users/chaiyong/Downloads/matcha/javascript_files_splits/split_16/53269476/53269476_8_original.js_#7#15,/Users/chaiyong/Downloads/matcha/javascript_files_splits/split_16/53269476/53269476_8_185686247.js_#7#15,/Users/chaiyong/Downloads/matcha/javascript_files_splits/split_13/45772543/45772543_2_recent.js_#1#9,/Users/chaiyong/Downloads/matcha/javascript_files_splits/split_13/45772543/45772543_2_recent.js_#1#9,/Users/chaiyong/Downloads/matcha/javascript_files_splits/split_13/45772543/45772543_2_recent.js_#1#9,/Users/chaiyong/Downloads/matcha/javascript_files_splits/split_13/45772543/45772543_2_original.js_#1#10,/Users/chaiyong/Downloads/matcha/javascript_files_splits/split_13/45772543/45772543_2_154322733.js_#1#9,/Users/chaiyong/Downloads/matcha/javascript_files_splits/split_13/45772543/45772543_2_154322733.js_#1#9,/Users/chaiyong/Downloads/matcha/javascript_files_splits/split_13/45772543/45772543_2_154322733.js_#1#9,/Users/chaiyong/Downloads/matcha/javascript_files_splits/split_13/45772543/45772543_2_154322383.js_#1#10,/Users/chaiyong/Downloads/matcha/javascript_files_splits/split_13/45772543/45772543_2_154320774.js_#1#10,/Users/chaiyong/Downloads/matcha/javascript_files_splits/split_13/45772543/45772543_2_original.js_#1#10,/Users/chaiyong/Downloads/matcha/javascript_files_splits/split_13/45772543/45772543_2_154322383.js_#1#10,/Users/chaiyong/Downloads/matcha/javascript_files_splits/split_13/45772543/45772543_2_154320774.js_#1#10,/Users/chaiyong/Downloads/matcha/javascript_files_splits/split_16/53269476/53269476_8_recent.js_#6#16,/Users/chaiyong/Downloads/matcha/javascript_files_splits/split_16/53269476/53269476_8_original.js_#6#16,/Users/chaiyong/Downloads/matcha/javascript_files_splits/split_16/53269476/53269476_8_185686247.js_#6#16,/Users/chaiyong/Downloads/matcha/javascript_files_splits/split_13/45772543/45772543_2_original.js_#1#10,/Users/chaiyong/Downloads/matcha/javascript_files_splits/split_13/45772543/45772543_2_154322383.js_#1#10,/Users/chaiyong/Downloads/matcha/javascript_files_splits/split_13/45772543/45772543_2_154320774.js_#1#10,/Users/chaiyong/Downloads/matcha/javascript_files_splits/split_13/43517385/43517385_2_143562257.js_#6#13,/Users/chaiyong/Downloads/matcha/javascript_files_splits/split_13/43517385/43517385_2_143561244.js_#6#13,/Users/chaiyong/Downloads/matcha/javascript_files_splits/split_19/64001449/64001449_4_recent.js_#2#8,/Users/chaiyong/Downloads/matcha/javascript_files_splits/split_19/64001449/64001449_4_original.js_#2#8,/Users/chaiyong/Downloads/matcha/javascript_files_splits/split_19/64001449/64001449_4_231293100.js_#2#8,/Users/chaiyong/Downloads/matcha/javascript_files_splits/split_19/64001449/64001449_2_recent.js_#4#10,/Users/chaiyong/Downloads/matcha/javascript_files_splits/split_19/64001449/64001449_2_original.js_#4#10,/Users/chaiyong/Downloads/matcha/javascript_files_splits/split_19/64001449/64001449_2_231293100.js_#4#10,/Users/chaiyong/Downloads/matcha/javascript_files_splits/split_19/64001449/64001449_2_231292249.js_#4#10,/Users/chaiyong/Downloads/matcha/javascript_files_splits/split_19/64001449/64001449_2_231291547.js_#4#10,/Users/chaiyong/Downloads/matcha/javascript_files_splits/split_19/62493705/62493705_2_recent.js_#3#9,/Users/chaiyong/Downloads/matcha/javascript_files_splits/split_19/62493705/62493705_2_original.js_#3#9,/Users/chaiyong/Downloads/matcha/javascript_files_splits/split_19/62493705/62493705_2_225246186.js_#3#9,/Users/chaiyong/Downloads/matcha/javascript_files_splits/split_19/62493705/62493705_2_224837372.js_#3#9,/Users/chaiyong/Downloads/matcha/javascript_files_splits/split_18/60795407/60795407_2_recent.js_#29#35,/Users/chaiyong/Downloads/matcha/javascript_files_splits/split_18/60795407/60795407_2_original.js_#29#35,/Users/chaiyong/Downloads/matcha/javascript_files_splits/split_18/60795407/60795407_2_217478277.js_#29#35,/Users/chaiyong/Downloads/matcha/javascript_files_splits/split_18/60795407/60795407_2_217466851.js_#29#35,/Users/chaiyong/Downloads/matcha/javascript_files_splits/split_18/60795407/60795407_2_217416395.js_#29#35,/Users/chaiyong/Downloads/matcha/javascript_files_splits/split_14/46126245/46126245_2_recent.js_#3#9,/Users/chaiyong/Downloads/matcha/javascript_files_splits/split_14/46126245/46126245_2_155777964.js_#3#9,/Users/chaiyong/Downloads/matcha/javascript_files_splits/split_14/46126245/46126245_2_155777712.js_#3#9,/Users/chaiyong/Downloads/matcha/javascript_files_splits/split_14/45930303/45930303_2_recent.js_#4#10,/Users/chaiyong/Downloads/matcha/javascript_files_splits/split_14/45930303/45930303_2_original.js_#4#10,/Users/chaiyong/Downloads/matcha/javascript_files_splits/split_14/45930303/45930303_2_154969698.js_#4#10
/Users/chaiyong/Downloads/matcha/js_repos/webpack/lib/CacheFacade.js_#338#344,/Users/chaiyong/Downloads/matcha/javascript_files_splits/split_14/48068023/48068023_2_recent.js_#13#19,/Users/chaiyong/Downloads/matcha/javascript_files_splits/split_14/48068023/48068023_2_163877057.js_#13#19,/Users/chaiyong/Downloads/matcha/javascript_files_splits/split_14/48068023/48068023_2_163874965.js_#13#19,/Users/chaiyong/Downloads/matcha/javascript_files_splits/split_14/48068023/48068023_2_recent.js_#12#20,/Users/chaiyong/Downloads/matcha/javascript_files_splits/split_14/48068023/48068023_2_163877057.js_#12#20,/Users/chaiyong/Downloads/matcha/javascript_files_splits/split_14/48068023/48068023_2_163874965.js_#12#20,/Users/chaiyong/Downloads/matcha/javascript_files_splits/split_19/64001449/64001449_4_recent.js_#2#8,/Users/chaiyong/Downloads/matcha/javascript_files_splits/split_19/64001449/64001449_4_original.js_#2#8,/Users/chaiyong/Downloads/matcha/javascript_files_splits/split_19/64001449/64001449_4_231293100.js_#2#8,/Users/chaiyong/Downloads/matcha/javascript_files_splits/split_19/64001449/64001449_2_recent.js_#4#10,/Users/chaiyong/Downloads/matcha/javascript_files_splits/split_19/64001449/64001449_2_original.js_#4#10,/Users/chaiyong/Downloads/matcha/javascript_files_splits/split_19/64001449/64001449_2_231293100.js_#4#10,/Users/chaiyong/Downloads/matcha/javascript_files_splits/split_19/64001449/64001449_2_231292249.js_#4#10,/Users/chaiyong/Downloads/matcha/javascript_files_splits/split_19/64001449/64001449_2_231291547.js_#4#10,/Users/chaiyong/Downloads/matcha/javascript_files_splits/split_19/62493705/62493705_2_recent.js_#3#9,/Users/chaiyong/Downloads/matcha/javascript_files_splits/split_19/62493705/62493705_2_original.js_#3#9,/Users/chaiyong/Downloads/matcha/javascript_files_splits/split_19/62493705/62493705_2_225246186.js_#3#9,/Users/chaiyong/Downloads/matcha/javascript_files_splits/split_19/62493705/62493705_2_224837372.js_#3#9,/Users/chaiyong/Downloads/matcha/javascript_files_splits/split_18/60795407/60795407_2_recent.js_#29#35,/Users/chaiyong/Downloads/matcha/javascript_files_splits/split_18/60795407/60795407_2_original.js_#29#35,/Users/chaiyong/Downloads/matcha/javascript_files_splits/split_18/60795407/60795407_2_217478277.js_#29#35,/Users/chaiyong/Downloads/matcha/javascript_files_splits/split_18/60795407/60795407_2_217466851.js_#29#35,/Users/chaiyong/Downloads/matcha/javascript_files_splits/split_18/60795407/60795407_2_217416395.js_#29#35,/Users/chaiyong/Downloads/matcha/javascript_files_splits/split_16/54320749/54320749_6_recent.js_#4#11,/Users/chaiyong/Downloads/matcha/javascript_files_splits/split_16/54320749/54320749_6_original.js_#4#11,/Users/chaiyong/Downloads/matcha/javascript_files_splits/split_16/54320749/54320749_6_190103730.js_#4#11,/Users/chaiyong/Downloads/matcha/javascript_files_splits/split_16/54320749/54320749_6_190103440.js_#4#11,/Users/chaiyong/Downloads/matcha/javascript_files_splits/split_14/47958496/47958496_4_recent.js_#3#9,/Users/chaiyong/Downloads/matcha/javascript_files_splits/split_14/47958496/47958496_4_163435641.js_#3#9,/Users/chaiyong/Downloads/matcha/javascript_files_splits/split_14/46126245/46126245_2_recent.js_#3#9,/Users/chaiyong/Downloads/matcha/javascript_files_splits/split_14/46126245/46126245_2_155777964.js_#3#9,/Users/chaiyong/Downloads/matcha/javascript_files_splits/split_14/46126245/46126245_2_155777712.js_#3#9,/Users/chaiyong/Downloads/matcha/javascript_files_splits/split_14/45930303/45930303_2_recent.js_#4#10,/Users/chaiyong/Downloads/matcha/javascript_files_splits/split_14/45930303/45930303_2_original.js_#4#10,/Users/chaiyong/Downloads/matcha/javascript_files_splits/split_14/45930303/45930303_2_154969698.js_#4#10,/Users/chaiyong/Downloads/matcha/javascript_files_splits/split_14/45930303/45930303_2_154969354.js_#4#10,/Users/chaiyong/Downloads/matcha/javascript_files_splits/split_13/44321565/44321565_2_recent.js_#2#8,/Users/chaiyong/Downloads/matcha/javascript_files_splits/split_13/44321565/44321565_2_original.js_#2#8,/Users/chaiyong/Downloads/matcha/javascript_files_splits/split_13/44321565/44321565_2_148455528.js_#2#8,/Users/chaiyong/Downloads/matcha/javascript_files_splits/split_13/44321565/44321565_2_148454045.js_#2#8,/Users/chaiyong/Downloads/matcha/javascript_files_splits/split_12/42736435/42736435_8_recent.js_#3#9,/Users/chaiyong/Downloads/matcha/javascript_files_splits/split_12/42736435/42736435_8_original.js_#3#9,/Users/chaiyong/Downloads/matcha/javascript_files_splits/split_12/42736435/42736435_8_140388286.js_#3#9,/Users/chaiyong/Downloads/matcha/javascript_files_splits/split_12/42736435/42736435_6_140387444.js_#3#9,/Users/chaiyong/Downloads/matcha/javascript_files_splits/split_10/35791429/35791429_2_recent.js_#4#10,/Users/chaiyong/Downloads/matcha/javascript_files_splits/split_10/35791429/35791429_2_original.js_#4#10,/Users/chaiyong/Downloads/matcha/javascript_files_splits/split_10/35791429/35791429_2_191534019.js_#4#10,/Users/chaiyong/Downloads/matcha/javascript_files_splits/split_10/35791429/35791429_2_191533398.js_#4#10,/Users/chaiyong/Downloads/matcha/javascript_files_splits/split_10/35791429/35791429_2_112387369.js_#4#10,/Users/chaiyong/Downloads/matcha/javascript_files_splits/split_16/52051563/52051563_4_recent.js_#3#9,/Users/chaiyong/Downloads/matcha/javascript_files_splits/split_16/52051563/52051563_4_original.js_#3#9,/Users/chaiyong/Downloads/matcha/javascript_files_splits/split_16/52051563/52051563_4_180649173.js_#3#9,/Users/chaiyong/Downloads/matcha/javascript_files_splits/split_16/52051563/52051563_4_180606603.js_#3#9,/Users/chaiyong/Downloads/matcha/javascript_files_splits/split_13/44133954/44133954_2_recent.js_#3#9,/Users/chaiyong/Downloads/matcha/javascript_files_splits/split_13/44133954/44133954_2_original.js_#3#9,/Users/chaiyong/Downloads/matcha/javascript_files_splits/split_13/44133954/44133954_2_original.js_#14#20,/Users/chaiyong/Downloads/matcha/javascript_files_splits/split_13/44133954/44133954_2_147517894.js_#3#9,/Users/chaiyong/Downloads/matcha/javascript_files_splits/split_13/44133954/44133954_2_146418457.js_#3#9,/Users/chaiyong/Downloads/matcha/javascript_files_splits/split_13/44133954/44133954_2_146418457.js_#14#20,/Users/chaiyong/Downloads/matcha/javascript_files_splits/split_14/45930303/45930303_2_recent.js_#3#11,/Users/chaiyong/Downloads/matcha/javascript_files_splits/split_14/45930303/45930303_2_original.js_#3#11,/Users/chaiyong/Downloads/matcha/javascript_files_splits/split_14/45930303/45930303_2_154969698.js_#3#11,/Users/chaiyong/Downloads/matcha/javascript_files_splits/split_14/45930303/45930303_2_154969354.js_#3#11,/Users/chaiyong/Downloads/matcha/javascript_files_splits/split_14/48068023/48068023_2_recent.js_#11#21,/Users/chaiyong/Downloads/matcha/javascript_files_splits/split_14/48068023/48068023_2_163877057.js_#11#21,/Users/chaiyong/Downloads/matcha/javascript_files_splits/split_14/48068023/48068023_2_163874965.js_#11#21,/Users/chaiyong/Downloads/matcha/javascript_files_splits/split_14/47958496/47958496_4_recent.js_#2#10,/Users/chaiyong/Downloads/matcha/javascript_files_splits/split_14/47958496/47958496_4_163435641.js_#2#10,/Users/chaiyong/Downloads/matcha/javascript_files_splits/split_13/44321565/44321565_2_recent.js_#1#9,/Users/chaiyong/Downloads/matcha/javascript_files_splits/split_13/44321565/44321565_2_original.js_#1#9,/Users/chaiyong/Downloads/matcha/javascript_files_splits/split_13/44321565/44321565_2_148455528.js_#1#9,/Users/chaiyong/Downloads/matcha/javascript_files_splits/split_13/44321565/44321565_2_148454045.js_#1#9,/Users/chaiyong/Downloads/matcha/javascript_files_splits/split_19/64001449/64001449_4_recent.js_#1#9,/Users/chaiyong/Downloads/matcha/javascript_files_splits/split_19/64001449/64001449_4_original.js_#1#9,/Users/chaiyong/Downloads/matcha/javascript_files_splits/split_19/64001449/64001449_4_231293100.js_#1#9,/Users/chaiyong/Downloads/matcha/javascript_files_splits/split_19/64001449/64001449_2_recent.js_#3#11,/Users/chaiyong/Downloads/matcha/javascript_files_splits/split_19/64001449/64001449_2_original.js_#3#11,/Users/chaiyong/Downloads/matcha/javascript_files_splits/split_19/64001449/64001449_2_231293100.js_#3#11,/Users/chaiyong/Downloads/matcha/javascript_files_splits/split_19/64001449/64001449_2_231292249.js_#3#11,/Users/chaiyong/Downloads/matcha/javascript_files_splits/split_19/64001449/64001449_2_231291547.js_#3#11,/Users/chaiyong/Downloads/matcha/javascript_files_splits/split_14/46126245/46126245_2_recent.js_#2#9,/Users/chaiyong/Downloads/matcha/javascript_files_splits/split_14/46126245/46126245_2_155777964.js_#2#9,/Users/chaiyong/Downloads/matcha/javascript_files_splits/split_14/46126245/46126245_2_155777712.js_#2#9,/Users/chaiyong/Downloads/matcha/javascript_files_splits/split_14/45930303/45930303_2_recent.js_#17#23,/Users/chaiyong/Downloads/matcha/javascript_files_splits/split_14/45930303/45930303_2_original.js_#17#23,/Users/chaiyong/Downloads/matcha/javascript_files_splits/split_14/45930303/45930303_2_154969698.js_#17#23,/Users/chaiyong/Downloads/matcha/javascript_files_splits/split_14/45930303/45930303_2_154969354.js_#17#23,/Users/chaiyong/Downloads/matcha/javascript_files_splits/split_16/54320749/54320749_6_recent.js_#3#12,/Users/chaiyong/Downloads/matcha/javascript_files_splits/split_16/54320749/54320749_6_original.js_#3#12,/Users/chaiyong/Downloads/matcha/javascript_files_splits/split_16/54320749/54320749_6_190103730.js_#3#12,/Users/chaiyong/Downloads/matcha/javascript_files_splits/split_16/54320749/54320749_6_190103440.js_#3#12,/Users/chaiyong/Downloads/matcha/javascript_files_splits/split_18/59769401/59769401_4_recent.js_#15#21,/Users/chaiyong/Downloads/matcha/javascript_files_splits/split_18/59769401/59769401_4_original.js_#15#21,/Users/chaiyong/Downloads/matcha/javascript_files_splits/split_18/59769401/59769401_4_213069874.js_#15#21,/Users/chaiyong/Downloads/matcha/javascript_files_splits/split_18/59769401/59769401_4_213066425.js_#15#21,/Users/chaiyong/Downloads/matcha/javascript_files_splits/split_17/57717106/57717106_2_recent.js_#3#9,/Users/chaiyong/Downloads/matcha/javascript_files_splits/split_17/57717106/57717106_2_original.js_#3#9,/Users/chaiyong/Downloads/matcha/javascript_files_splits/split_17/57717106/57717106_2_204425021.js_#3#9,/Users/chaiyong/Downloads/matcha/javascript_files_splits/split_19/61979518/61979518_2_original.js_#15#21,/Users/chaiyong/Downloads/matcha/javascript_files_splits/split_19/61979518/61979518_2_222399299.js_#15#21
/Users/chaiyong/Downloads/matcha/js_repos/webpack/lib/serialization/FileMiddleware.js_#789#795,/Users/chaiyong/Downloads/matcha/javascript_files_splits/split_19/64690046/64690046_2_recent.js_#12#19,/Users/chaiyong/Downloads/matcha/javascript_files_splits/split_19/64690046/64690046_2_original.js_#12#19,/Users/chaiyong/Downloads/matcha/javascript_files_splits/split_19/64690046/64690046_2_234815702.js_#12#19,/Users/chaiyong/Downloads/matcha/javascript_files_splits/split_19/64690046/64690046_2_234272693.js_#12#19,/Users/chaiyong/Downloads/matcha/javascript_files_splits/split_12/40819158/40819158_8_recent.js_#2#10,/Users/chaiyong/Downloads/matcha/javascript_files_splits/split_12/40819158/40819158_8_original.js_#2#10,/Users/chaiyong/Downloads/matcha/javascript_files_splits/split_12/40819158/40819158_8_132598334.js_#2#10,/Users/chaiyong/Downloads/matcha/javascript_files_splits/split_19/64690046/64690046_2_recent.js_#9#20,/Users/chaiyong/Downloads/matcha/javascript_files_splits/split_19/64690046/64690046_2_original.js_#9#20,/Users/chaiyong/Downloads/matcha/javascript_files_splits/split_19/64690046/64690046_2_234815702.js_#9#20,/Users/chaiyong/Downloads/matcha/javascript_files_splits/split_19/64690046/64690046_2_234272693.js_#9#20,/Users/chaiyong/Downloads/matcha/javascript_files_splits/split_19/64690046/64690046_2_recent.js_#8#21,/Users/chaiyong/Downloads/matcha/javascript_files_splits/split_19/64690046/64690046_2_original.js_#8#21,/Users/chaiyong/Downloads/matcha/javascript_files_splits/split_19/64690046/64690046_2_234815702.js_#8#21,/Users/chaiyong/Downloads/matcha/javascript_files_splits/split_19/64690046/64690046_2_234272693.js_#8#21,/Users/chaiyong/Downloads/matcha/javascript_files_splits/split_12/40819158/40819158_8_recent.js_#1#11,/Users/chaiyong/Downloads/matcha/javascript_files_splits/split_12/40819158/40819158_8_original.js_#1#11,/Users/chaiyong/Downloads/matcha/javascript_files_splits/split_12/40819158/40819158_8_132598334.js_#1#11,/Users/chaiyong/Downloads/matcha/javascript_files_splits/split_19/61864709/61864709_2_recent.js_#2#11,/Users/chaiyong/Downloads/matcha/javascript_files_splits/split_19/61864709/61864709_2_221998463.js_#2#11,/Users/chaiyong/Downloads/matcha/javascript_files_splits/split_19/61864709/61864709_2_recent.js_#1#12,/Users/chaiyong/Downloads/matcha/javascript_files_splits/split_19/61864709/61864709_2_221998463.js_#1#12,/Users/chaiyong/Downloads/matcha/javascript_files_splits/split_14/47476936/47476936_2_recent.js_#2#15,/Users/chaiyong/Downloads/matcha/javascript_files_splits/split_14/47476936/47476936_2_161368750.js_#2#15,/Users/chaiyong/Downloads/matcha/javascript_files_splits/split_14/47476936/47476936_2_recent.js_#1#16,/Users/chaiyong/Downloads/matcha/javascript_files_splits/split_14/47476936/47476936_2_161368750.js_#1#16
/Users/chaiyong/Downloads/matcha/js_repos/webpack/lib/html/HtmlModule.js_#30#36,/Users/chaiyong/Downloads/matcha/javascript_files_splits/split_17/57913746/57913746_2_recent.js_#2#18,/Users/chaiyong/Downloads/matcha/javascript_files_splits/split_17/57913746/57913746_2_original.js_#2#18,/Users/chaiyong/Downloads/matcha/javascript_files_splits/split_17/57913746/57913746_2_228146333.js_#2#18,/Users/chaiyong/Downloads/matcha/javascript_files_splits/split_17/57913746/57913746_2_205255634.js_#2#18,/Users/chaiyong/Downloads/matcha/javascript_files_splits/split_17/57913746/57913746_2_205253789.js_#2#18,/Users/chaiyong/Downloads/matcha/javascript_files_splits/split_17/57913746/57913746_2_205253499.js_#2#18
/Users/chaiyong/Downloads/matcha/js_repos/webpack/lib/json/JsonModule.js_#29#35,/Users/chaiyong/Downloads/matcha/javascript_files_splits/split_17/57913746/57913746_2_recent.js_#2#18,/Users/chaiyong/Downloads/matcha/javascript_files_splits/split_17/57913746/57913746_2_original.js_#2#18,/Users/chaiyong/Downloads/matcha/javascript_files_splits/split_17/57913746/57913746_2_228146333.js_#2#18,/Users/chaiyong/Downloads/matcha/javascript_files_splits/split_17/57913746/57913746_2_205255634.js_#2#18,/Users/chaiyong/Downloads/matcha/javascript_files_splits/split_17/57913746/57913746_2_205253789.js_#2#18,/Users/chaiyong/Downloads/matcha/javascript_files_splits/split_17/57913746/57913746_2_205253499.js_#2#18
