/Users/chaiyong/Downloads/matcha/python_repos/bmw-cardata-ha/custom_components/cardata/coordinator.py__watchdog_loop#468#474,59331749/59331749_2_recent.py_count#6#12,59331749/59331749_2_original.py_count#6#12,59331749/59331749_2_211220785.py_count#6#12,59331749/59331749_2_211191448.py_count#6#12
/Users/chaiyong/Downloads/matcha/python_repos/bmw-cardata-ha/.venv/lib/python3.9/site-packages/charset_normalizer/cli/__main__.py_query_yes_no#17#47,3041990/3041990_2_recent.py_query_yes_no#2#32,3041990/3041990_2_79424290.py_query_yes_no#2#29,3041990/3041990_2_187481133.py_query_yes_no#2#32,3041990/3041990_2_119449585.py_query_yes_no#2#32,3041990/3041990_2_69823352.py_query_yes_no#2#29,3041990/3041990_2_6290510.py_query_yes_no#2#32,3041990/3041990_2_6289446.py_query_yes_no#2#32,3041990/3041990_2_6289410.py_query_yes_no#1#31
/Users/chaiyong/Downloads/matcha/python_repos/bmw-cardata-ha/.venv/lib/python3.9/site-packages/requests/sessions.py_merge_setting#61#88,59813647/59813647_2_recent.py_merge_setting#45#67,59813647/59813647_2_original.py_merge_setting#45#67,59813647/59813647_2_213259249.py_merge_setting#45#67,59813647/59813647_2_213258665.py_merge_setting#45#67,59813647/59813647_2_213257591.py_merge_setting#45#67
/Users/chaiyong/Downloads/matcha/python_repos/bmw-cardata-ha/.venv/lib/python3.9/site-packages/requests/models.py_json#947#980,51412438/51412438_2_recent.py_json#1#23,51412438/51412438_2_original.py_json#1#23,51412438/51412438_2_177946448.py_json#1#23,51412438/51412438_2_177945744.py_json#1#23,51412438/51412438_2_177945537.py_json#1#23,51412438/51412438_2_177945387.py_json#1#23
/Users/chaiyong/Downloads/matcha/python_repos/bmw-cardata-ha/.venv/lib/python3.9/site-packages/requests/utils.py_proxy_bypass#115#124,58777086/58777086_2_original.py_proxy_bypass#20#32,58777086/58777086_2_208873861.py_proxy_bypass#20#32,58777086/58777086_2_recent.py_proxy_bypass#18#29,58777086/58777086_2_208959579.py_proxy_bypass#18#29,58777086/58777086_2_208874349.py_proxy_bypass#19#30
/Users/chaiyong/Downloads/matcha/python_repos/bmw-cardata-ha/.venv/lib/python3.9/site-packages/pip/_internal/utils/logging.py__color_wrap#143#149,59770361/59770361_2_recent.py_Schema#1#9,59770361/59770361_2_original.py_Schema#1#9,59770361/59770361_2_213069660.py_Schema#1#9,59770361/59770361_2_213069287.py_Schema#1#9,59770361/59770361_2_213068698.py_Schema#1#9,56168387/56168387_4_original.py_set_default#1#7,56168387/56168387_2_197856343.py_set_default#1#7,11660717/11660717_2_original.py_if_extractable#1#9,11660717/11660717_2_27200287.py_if_extractable#1#10,11660717/11660717_2_27200194.py_if_extractable#1#10,11660717/11660717_2_27200013.py_if_extractable#1#10,11660717/11660717_2_27199883.py_if_extractable#1#9,59403622/59403622_2_recent.py_universal#3#17,59403622/59403622_2_original.py_universal#3#17,59403622/59403622_2_212104748.py_universal#3#17,62948081/62948081_2_recent.py_intercept_exception#2#22,62948081/62948081_2_original.py_intercept_exception#2#22,62948081/62948081_2_226894095.py_intercept_exception#2#22,62948081/62948081_2_226809575.py_intercept_exception#2#22,62948081/62948081_2_226809206.py_intercept_exception#2#22
/Users/chaiyong/Downloads/matcha/python_repos/bmw-cardata-ha/.venv/lib/python3.9/site-packages/pip/_vendor/webencodings/tests.py_assert_raises#20#26,6788453/6788453_2_recent.py_get_foo#3#13,6788453/6788453_2_original.py_get_foo#3#13,6788453/6788453_2_14849492.py_get_foo#3#13,6788453/6788453_2_14846777.py_get_foo#3#13,56812947/56812947_2_recent.py_wait_until#1#15,56812947/56812947_2_original.py_wait_until#1#15,56812947/56812947_2_200581631.py_wait_until#1#15,56812947/56812947_2_200581253.py_wait_until#1#15
/Users/chaiyong/Downloads/matcha/python_repos/bmw-cardata-ha/.venv/lib/python3.9/site-packages/pip/_vendor/distlib/_backport/shutil.py_copyfileobj#70#76,8221125/8221125_4_recent.py_copyfileobj#1#7,8221125/8221125_4_original.py_copyfileobj#1#7,8221125/8221125_4_19659421.py_copyfileobj#1#7,8221125/8221125_4_18397775.py_copyfileobj#1#7,49332057/49332057_2_recent.py_copyfileobj#1#7,49332057/49332057_2_original.py_copyfileobj#1#7,49332057/49332057_2_169158927.py_copyfileobj#1#7,22086979/22086979_6_recent.py_copyfileobj#1#7,22086979/22086979_6_original.py_copyfileobj#1#7,22086979/22086979_6_59211248.py_copyfileobj#1#7,22086979/22086979_6_146088987.py_copyfileobj#1#7,16627478/16627478_2_recent.py_copyfileobj#1#7,16627478/16627478_2_original.py_copyfileobj#1#7,16627478/16627478_2_40837619.py_copyfileobj#1#7,16627478/16627478_2_40837456.py_copyfileobj#1#7,49332057/49332057_4_recent.py_copypartialfileobj#1#10,49332057/49332057_4_original.py_copypartialfileobj#1#10,49332057/49332057_4_169158927.py_copypartialfileobj#1#10
/Users/chaiyong/Downloads/matcha/python_repos/bmw-cardata-ha/.venv/lib/python3.9/site-packages/pip/_vendor/distlib/_backport/shutil.py_copy#133#142,26654245/26654245_2_recent.py_move#2#40,26654245/26654245_2_original.py_move#2#40,26654245/26654245_2_76618719.py_move#2#40,26654245/26654245_2_76617392.py_move#2#40,26654245/26654245_2_76616562.py_move#2#40,26654245/26654245_2_76615766.py_move#2#40,26654245/26654245_2_76614808.py_move#2#40
/Users/chaiyong/Downloads/matcha/python_repos/bmw-cardata-ha/.venv/lib/python3.9/site-packages/pip/_vendor/distlib/_backport/shutil.py_ignore_patterns#155#165,26181951/26181951_2_recent.py_ignore_patterns#2#12,26181951/26181951_2_original.py_ignore_patterns#2#12,26181951/26181951_2_74806719.py_ignore_patterns#2#12,26181951/26181951_2_74805196.py_ignore_patterns#2#12,35161407/35161407_2_original.py_include_patterns#5#17,35161407/35161407_2_109901934.py_include_patterns#5#17,35161407/35161407_2_188728444.py_include_patterns#4#19,35161407/35161407_2_187446916.py_include_patterns#4#19,35161407/35161407_2_187445950.py_include_patterns#5#20,35161407/35161407_2_186424788.py_include_patterns#5#20,35161407/35161407_2_109995972.py_include_patterns#5#20,35161407/35161407_2_188728532.py_include_patterns#4#18,35161407/35161407_2_recent.py_include_patterns#8#34,35161407/35161407_2_202709762.py_include_patterns#8#34,35161407/35161407_2_189812673.py_include_patterns#8#34,35161407/35161407_2_188740922.py_include_patterns#8#34,35161407/35161407_2_188740500.py_include_patterns#9#35
/Users/chaiyong/Downloads/matcha/python_repos/bmw-cardata-ha/.venv/lib/python3.9/site-packages/pip/_vendor/distlib/_backport/shutil.py_rmtree#249#295,5471261/5471261_2_recent.py_rmtree#1#30,5471261/5471261_2_original.py_rmtree#1#30,5471261/5471261_2_140191274.py_rmtree#1#30,5471261/5471261_2_11724905.py_rmtree#1#30
/Users/chaiyong/Downloads/matcha/python_repos/bmw-cardata-ha/.venv/lib/python3.9/site-packages/pip/_vendor/distlib/_backport/shutil.py_move#303#341,26654245/26654245_2_recent.py_move#2#40,26654245/26654245_2_original.py_move#2#40,26654245/26654245_2_76618719.py_move#2#40,26654245/26654245_2_76617392.py_move#2#40,26654245/26654245_2_76616562.py_move#2#40,26654245/26654245_2_76615766.py_move#2#40,26654245/26654245_2_76614808.py_move#2#40
/Users/chaiyong/Downloads/matcha/python_repos/bmw-cardata-ha/.venv/lib/python3.9/site-packages/pip/_vendor/distlib/_backport/tarfile.py_copyfileobj#256#283,5264821/5264821_2_recent.py_copyfileobj#1#24,5264821/5264821_2_original.py_copyfileobj#1#24,5264821/5264821_2_11234501.py_copyfileobj#1#24
/Users/chaiyong/Downloads/matcha/python_repos/bmw-cardata-ha/.venv/lib/python3.9/site-packages/pip/_vendor/distlib/compat.py__get_normal_name#370#379,38374721/38374721_2_recent.py__get_normal_name#5#14,38374721/38374721_2_original.py__get_normal_name#5#14,38374721/38374721_2_122634554.py__get_normal_name#5#14,38374721/38374721_2_122634031.py__get_normal_name#5#14,38374721/38374721_2_122633447.py__get_normal_name#5#14,38374721/38374721_2_122632888.py__get_normal_name#5#14,38374721/38374721_2_122632472.py__get_normal_name#5#14,38374721/38374721_2_122631924.py__get_normal_name#5#14
/Users/chaiyong/Downloads/matcha/python_repos/bmw-cardata-ha/.venv/lib/python3.9/site-packages/pip/_vendor/distlib/compat.py_find_cookie#411#447,38374721/38374721_2_original.py_find_cookie#24#49,38374721/38374721_2_122631924.py_find_cookie#24#49
/Users/chaiyong/Downloads/matcha/python_repos/bmw-cardata-ha/.venv/lib/python3.9/site-packages/pip/_vendor/distlib/compat.py___getitem__#541#547,15316729/15316729_14_recent.py___getitem__#16#24,15316729/15316729_14_original.py___getitem__#16#24,15316729/15316729_14_37198627.py___getitem__#16#24
/Users/chaiyong/Downloads/matcha/python_repos/bmw-cardata-ha/.venv/lib/python3.9/site-packages/pip/_vendor/distlib/compat.py___setitem__#677#685,18423052/18423052_2_recent.py___setitem__#1#9,18423052/18423052_2_original.py___setitem__#1#9,18423052/18423052_2_45921115.py___setitem__#1#9,18423052/18423052_2_45920899.py___setitem__#1#9,15316729/15316729_6_recent.py___setitem__#1#9,15316729/15316729_6_original.py___setitem__#1#9,15316729/15316729_6_37198627.py___setitem__#1#9,15316729/15316729_6_37195907.py___setitem__#1#9,15316729/15316729_6_37195645.py___setitem__#1#9,15316729/15316729_6_37195460.py___setitem__#1#9,15316729/15316729_12_recent.py___setitem__#20#29,15316729/15316729_12_original.py___setitem__#20#29,15316729/15316729_12_37198627.py___setitem__#20#29,15316729/15316729_12_37195907.py___setitem__#20#29,15316729/15316729_12_37195645.py___setitem__#20#29
/Users/chaiyong/Downloads/matcha/python_repos/bmw-cardata-ha/.venv/lib/python3.9/site-packages/pip/_vendor/distlib/compat.py___reversed__#704#710,36428670/36428670_2_recent.py___iter__#1#8,36428670/36428670_2_original.py___iter__#1#8,36428670/36428670_2_114936173.py___iter__#1#8,17845560/17845560_2_recent.py___iter__#1#8,17845560/17845560_2_original.py___iter__#1#8,17845560/17845560_2_44721592.py___iter__#1#8,17845560/17845560_2_44392717.py___iter__#1#8,17845560/17845560_2_44287214.py___iter__#1#8,17845560/17845560_2_44255944.py___iter__#1#8,17845560/17845560_2_44254596.py___iter__#1#8,17845560/17845560_2_44254113.py___iter__#1#8
/Users/chaiyong/Downloads/matcha/python_repos/bmw-cardata-ha/.venv/lib/python3.9/site-packages/pip/_vendor/distlib/util.py_extract_by_key#336#343,53068406/53068406_2_recent.py_reorder_items#1#10,53068406/53068406_2_184837625.py_reorder_items#1#10
/Users/chaiyong/Downloads/matcha/python_repos/bmw-cardata-ha/.venv/lib/python3.9/site-packages/pip/_vendor/distlib/util.py_chdir#420#426,37996250/37996250_2_recent.py_cwd#4#10,37996250/37996250_2_original.py_cwd#4#10,37996250/37996250_2_121126979.py_cwd#4#10,37996250/37996250_2_121126260.py_cwd#4#10,53090706/53090706_2_recent.py_temp_chdir#2#8,53090706/53090706_2_original.py_temp_chdir#2#8,53090706/53090706_2_184924724.py_temp_chdir#2#8,53090706/53090706_2_184924440.py_temp_chdir#2#8,3012921/3012921_2_recent.py_working_directory#4#10,3012921/3012921_2_original.py_working_directory#4#10,3012921/3012921_2_9622790.py_working_directory#4#10,3012921/3012921_2_6225475.py_working_directory#4#10,3012921/3012921_2_6225395.py_working_directory#4#10,24469659/24469659_6_recent.py_cd#5#11,24469659/24469659_6_original.py_cd#5#11,24469659/24469659_6_68256706.py_cd#5#11,24469659/24469659_6_68256521.py_cd#5#11,48364639/48364639_6_recent.py_temporary_work_dir#3#10,48364639/48364639_6_original.py_temporary_work_dir#3#10,48364639/48364639_6_165117689.py_temporary_work_dir#3#10,12045266/12045266_4_recent.py_tempManager#3#8,12045266/12045266_4_original.py_tempManager#3#8,12045266/12045266_4_28246944.py_tempManager#3#8,61839078/61839078_2_recent.py_proc#10#35,61839078/61839078_2_221812434.py_proc#10#35,61839078/61839078_2_original.py_proc#10#34,61839078/61839078_2_221811781.py_proc#10#34,39721556/39721556_2_recent.py_animate#152#201,39721556/39721556_2_163016524.py_animate#152#201,39721556/39721556_2_130170139.py_animate#152#201
/Users/chaiyong/Downloads/matcha/python_repos/bmw-cardata-ha/.venv/lib/python3.9/site-packages/pip/_vendor/distlib/util.py_writerow#1646#1654,52035759/52035759_4_recent.py_writerow#1#9,52035759/52035759_4_original.py_writerow#1#9,52035759/52035759_4_180543180.py_writerow#1#9
/Users/chaiyong/Downloads/matcha/python_repos/bmw-cardata-ha/.venv/lib/python3.9/site-packages/pip/_vendor/distlib/database.py__md5#1011#1017,36129681/36129681_4_recent.py___readEitFile#192#213,36129681/36129681_4_234527746.py___readEitFile#192#213,36129681/36129681_4_113741546.py___readEitFile#192#213,36129681/36129681_4_original.py___readEitFile#192#213,36129681/36129681_4_113740749.py___readEitFile#192#213
/Users/chaiyong/Downloads/matcha/python_repos/bmw-cardata-ha/.venv/lib/python3.9/site-packages/pip/_vendor/cachecontrol/filewrapper.py___is_fp_closed#33#48,11098206/11098206_2_original.py_in_shell#2#14,11098206/11098206_2_25719943.py_in_shell#2#14,52437925/52437925_2_recent.py_finder#3#17,52437925/52437925_2_182212380.py_finder#3#17,17015303/17015303_2_recent.py___getattribute__#1#9,17015303/17015303_2_original.py___getattribute__#1#9,17015303/17015303_2_41917093.py___getattribute__#1#9,17015303/17015303_2_41916984.py___getattribute__#1#9,45594250/45594250_8_recent.py_is_pure#2#21,45594250/45594250_8_153590677.py_is_pure#2#21,45594250/45594250_8_original.py_is_pure#2#32,45594250/45594250_6_153585708.py_is_pure#2#33,45594250/45594250_6_153585237.py_is_pure#2#32
/Users/chaiyong/Downloads/matcha/python_repos/bmw-cardata-ha/.venv/lib/python3.9/site-packages/pip/_vendor/requests/sessions.py_merge_setting#50#78,59813647/59813647_2_recent.py_merge_setting#45#67,59813647/59813647_2_original.py_merge_setting#45#67,59813647/59813647_2_213259249.py_merge_setting#45#67,59813647/59813647_2_213258665.py_merge_setting#45#67,59813647/59813647_2_213257591.py_merge_setting#45#67
/Users/chaiyong/Downloads/matcha/python_repos/bmw-cardata-ha/.venv/lib/python3.9/site-packages/pip/_vendor/requests/models.py_json#881#910,51412438/51412438_2_recent.py_json#1#23,51412438/51412438_2_original.py_json#1#23,51412438/51412438_2_177946448.py_json#1#23,51412438/51412438_2_177945744.py_json#1#23,51412438/51412438_2_177945537.py_json#1#23,51412438/51412438_2_177945387.py_json#1#23
/Users/chaiyong/Downloads/matcha/python_repos/bmw-cardata-ha/.venv/lib/python3.9/site-packages/pip/_vendor/requests/utils.py_proxy_bypass#93#102,58777086/58777086_2_original.py_proxy_bypass#20#32,58777086/58777086_2_208873861.py_proxy_bypass#20#32,58777086/58777086_2_recent.py_proxy_bypass#18#29,58777086/58777086_2_208959579.py_proxy_bypass#18#29,58777086/58777086_2_208874349.py_proxy_bypass#19#30
/Users/chaiyong/Downloads/matcha/python_repos/bmw-cardata-ha/.venv/lib/python3.9/site-packages/pip/_vendor/html5lib/html5parser.py___new__#76#82,11350487/11350487_8_recent.py___new__#10#17,11350487/11350487_8_224225040.py___new__#10#17,11350487/11350487_8_218133818.py___new__#10#17,11350487/11350487_8_178351256.py___new__#10#17,11350487/11350487_4_125535499.py___new__#9#16,11350487/11350487_4_118848839.py___new__#9#16,11350487/11350487_2_recent.py___new__#9#16,11350487/11350487_2_224225040.py___new__#9#16,11350487/11350487_2_218133818.py___new__#9#16,11350487/11350487_2_178351256.py___new__#9#16,11350487/11350487_2_125535499.py___new__#9#16,11350487/11350487_2_118848839.py___new__#9#16,11350487/11350487_8_original.py___new__#9#16,11350487/11350487_4_83574053.py___new__#9#16,11350487/11350487_4_78931559.py___new__#9#16,11350487/11350487_4_78931245.py___new__#9#16,11350487/11350487_4_78919517.py___new__#9#16,11350487/11350487_4_115831852.py___new__#9#16,11350487/11350487_4_107906861.py___new__#9#16,11350487/11350487_2_original.py___new__#8#14,11350487/11350487_2_83574053.py___new__#9#16,11350487/11350487_2_78931559.py___new__#8#15,11350487/11350487_2_78931245.py___new__#8#15,11350487/11350487_2_78919517.py___new__#8#15,11350487/11350487_2_78860711.py___new__#8#15,11350487/11350487_2_26379260.py___new__#8#14,11350487/11350487_2_115831852.py___new__#9#16,11350487/11350487_2_107906861.py___new__#9#16,10518325/10518325_6_recent.py___new__#5#23,10518325/10518325_6_original.py___new__#5#23,10518325/10518325_6_24227434.py___new__#5#23,10518325/10518325_6_24227258.py___new__#5#23
/Users/chaiyong/Downloads/matcha/python_repos/bmw-cardata-ha/.venv/lib/python3.9/site-packages/pip/_vendor/html5lib/_utils.py_memoize#150#159,50866968/50866968_6_recent.py_wrap#2#13,50866968/50866968_6_original.py_wrap#2#12,50866968/50866968_6_175617842.py_wrap#2#13,50866968/50866968_6_175617707.py_wrap#2#12,50866968/50866968_6_175617455.py_wrap#2#12,13507034/13507034_2_recent.py_memoize#3#15,13507034/13507034_2_original.py_memoize#3#15,13507034/13507034_2_32310633.py_memoize#3#15,13507034/13507034_2_32198541.py_memoize#3#15,13507034/13507034_2_32172336.py_memoize#3#15,13507034/13507034_2_32172041.py_memoize#3#15,13507034/13507034_2_32171713.py_memoize#3#15,11794964/11794964_2_original.py_memoize#2#10,11794964/11794964_2_27554594.py_memoize#2#10,11794964/11794964_2_27554059.py_memoize#2#10,11794964/11794964_2_27553553.py_memoize#2#10,48035673/48035673_6_recent.py_decorator#3#11,48035673/48035673_6_original.py_decorator#3#11,48035673/48035673_6_163738219.py_decorator#3#11,40190938/40190938_4_recent.py_cache_gcd#2#12,40190938/40190938_4_original.py_cache_gcd#1#11,40190938/40190938_4_180956508.py_cache_gcd#2#12,40190938/40190938_4_180956062.py_cache_gcd#2#12,40190938/40190938_4_180955349.py_cache_gcd#2#12,40190938/40190938_4_165437335.py_cache_gcd#2#12,40190938/40190938_4_130083113.py_cache_gcd#2#12,40190938/40190938_4_129884210.py_cache_gcd#2#12,40190938/40190938_4_129883343.py_cache_gcd#1#11,11794964/11794964_2_recent.py_memoize#2#14,11794964/11794964_2_27590350.py_memoize#2#14,55728581/55728581_4_recent.py_recur_cache#1#8,55728581/55728581_4_original.py_recur_cache#1#8,55728581/55728581_4_222632962.py_recur_cache#1#8,55728581/55728581_2_recent.py_recur_cache#1#7,55728581/55728581_2_original.py_recur_cache#1#7,55728581/55728581_2_222632962.py_recur_cache#1#7,55728581/55728581_2_195998191.py_recur_cache#1#7,64641905/64641905_2_recent.py_memoize#3#15,64641905/64641905_2_original.py_memoize#3#15,64641905/64641905_2_234070080.py_memoize#3#15,64641905/64641905_2_234069550.py_memoize#3#15,64641905/64641905_2_234069073.py_memoize#3#15,31930694/31930694_4_recent.py_memoize#1#9,31930694/31930694_4_original.py_memoize#1#9,31930694/31930694_4_97783022.py_memoize#1#9,31930694/31930694_4_97128898.py_memoize#1#9,10259411/10259411_8_recent.py_memoize#2#10,10259411/10259411_8_original.py_memoize#2#10,10259411/10259411_8_23545614.py_memoize#2#10,10259411/10259411_8_23545440.py_memoize#2#10,10259411/10259411_8_23542574.py_memoize#2#10,10259411/10259411_8_23542404.py_memoize#2#10,22886154/22886154_2_recent.py_memo#1#7,22886154/22886154_2_original.py_memo#1#7,22886154/22886154_2_62188621.py_memo#1#7,22886154/22886154_2_62188267.py_memo#1#7,22886154/22886154_2_62187874.py_memo#1#7,25122110/25122110_4_recent.py_wrapped#5#28,25122110/25122110_4_70755094.py_wrapped#5#28,25122110/25122110_4_70752625.py_wrapped#5#28,25122110/25122110_4_original.py_wrapped#6#30,25122110/25122110_4_70751807.py_wrapped#6#30,25122110/25122110_4_70752174.py_wrapped#6#31
/Users/chaiyong/Downloads/matcha/python_repos/bmw-cardata-ha/.venv/lib/python3.9/site-packages/pip/_vendor/six.py_load_module#205#217,43700205/43700205_2_recent.py_load_module#1#35,43700205/43700205_2_original.py_load_module#1#35,43700205/43700205_2_146639998.py_load_module#1#35,43700205/43700205_2_144292301.py_load_module#1#35
/Users/chaiyong/Downloads/matcha/python_repos/bmw-cardata-ha/.venv/lib/python3.9/site-packages/pip/_vendor/six.py_reraise#713#722,34463112/34463112_2_recent.py_reraise#3#8,34463112/34463112_2_original.py_reraise#3#8,34463112/34463112_2_107134236.py_reraise#3#8,34463112/34463112_2_107134051.py_reraise#3#8
/Users/chaiyong/Downloads/matcha/python_repos/bmw-cardata-ha/.venv/lib/python3.9/site-packages/pip/_vendor/six.py_exec_#725#735,34463112/34463112_2_original.py_exec_#11#21,34463112/34463112_2_107134051.py_exec_#11#21
/Users/chaiyong/Downloads/matcha/python_repos/bmw-cardata-ha/.venv/lib/python3.9/site-packages/pip/_vendor/six.py__update_wrapper#830#843,50453891/50453891_2_recent.py_update_wrapper#4#28,50453891/50453891_2_original.py_update_wrapper#4#28,50453891/50453891_2_173890768.py_update_wrapper#4#28,50453891/50453891_2_173890433.py_update_wrapper#4#28
/Users/chaiyong/Downloads/matcha/python_repos/bmw-cardata-ha/.venv/lib/python3.9/site-packages/pip/_vendor/six.py_with_metaclass#856#877,18513858/18513858_6_recent.py_with_metaclass#1#14,18513858/18513858_6_203780898.py_with_metaclass#1#14,18513858/18513858_6_203765334.py_with_metaclass#1#14,34819686/34819686_8_recent.py_as_metaclass#7#19,34819686/34819686_8_original.py_as_metaclass#7#19,34819686/34819686_8_108572620.py_as_metaclass#7#19,34819686/34819686_8_108551472.py_as_metaclass#7#19,34819686/34819686_8_108550245.py_as_metaclass#7#19,34819686/34819686_4_recent.py_as_metaclass#5#17,34819686/34819686_4_original.py_as_metaclass#5#17,34819686/34819686_4_108572620.py_as_metaclass#5#17,34819686/34819686_4_108551472.py_as_metaclass#5#17,34819686/34819686_4_108550245.py_as_metaclass#5#17
/Users/chaiyong/Downloads/matcha/python_repos/bmw-cardata-ha/.venv/lib/python3.9/site-packages/pip/_vendor/six.py_add_metaclass#880#895,39392754/39392754_6_recent.py_ensure_cli_documentation#5#31,39392754/39392754_6_original.py_ensure_cli_documentation#5#31,39392754/39392754_6_126699922.py_ensure_cli_documentation#5#31,39392754/39392754_6_126688995.py_ensure_cli_documentation#5#31,39392754/39392754_6_126685364.py_ensure_cli_documentation#5#31,39392754/39392754_2_recent.py_ensure_cli_documentation#1#27,39392754/39392754_2_original.py_ensure_cli_documentation#1#27,39392754/39392754_2_126699922.py_ensure_cli_documentation#1#27,39392754/39392754_2_126688995.py_ensure_cli_documentation#1#27,39392754/39392754_2_126685364.py_ensure_cli_documentation#1#27
/Users/chaiyong/Downloads/matcha/python_repos/bmw-cardata-ha/.venv/lib/python3.9/site-packages/pip/_vendor/six.py_python_2_unicode_compatible#958#973,52079498/52079498_2_recent.py_python_2_unicode_compatible#1#15,52079498/52079498_2_original.py_python_2_unicode_compatible#1#15,52079498/52079498_2_180724208.py_python_2_unicode_compatible#1#15,52079498/52079498_2_180723851.py_python_2_unicode_compatible#1#15,52079498/52079498_2_180719531.py_python_2_unicode_compatible#1#15
/Users/chaiyong/Downloads/matcha/python_repos/bmw-cardata-ha/.venv/lib/python3.9/site-packages/pip/_vendor/urllib3/contrib/securetransport.py_options#820#827,9960793/9960793_4_recent.py_initCommands#20#26,9960793/9960793_4_original.py_initCommands#20#26,9960793/9960793_4_22803061.py_initCommands#20#26,9960793/9960793_4_22796718.py_initCommands#20#26,9960793/9960793_4_22796542.py_initCommands#20#26,9960793/9960793_4_146156239.py_initCommands#20#26,17152310/17152310_2_original.py_select_input#9#15,17152310/17152310_2_42296271.py_select_input#9#15,17152310/17152310_2_42296033.py_select_input#9#15,17152310/17152310_2_recent.py_select_input#9#15,17152310/17152310_2_42296381.py_select_input#9#15
/Users/chaiyong/Downloads/matcha/python_repos/bmw-cardata-ha/.venv/lib/python3.9/site-packages/pip/_vendor/urllib3/contrib/socks.py__new_conn#84#140,22614367/22614367_2_149183410.py_patched_new_conn#5#27
/Users/chaiyong/Downloads/matcha/python_repos/bmw-cardata-ha/.venv/lib/python3.9/site-packages/pip/_vendor/urllib3/connection.py__new_conn#156#185,22614367/22614367_2_149183410.py_patched_new_conn#5#27,41267971/41267971_2_recent.py_patched_new_conn#22#45,41267971/41267971_2_original.py_patched_new_conn#22#45,41267971/41267971_2_147457604.py_patched_new_conn#22#45,41267971/41267971_2_134352205.py_patched_new_conn#22#45
/Users/chaiyong/Downloads/matcha/python_repos/bmw-cardata-ha/.venv/lib/python3.9/site-packages/pip/_vendor/urllib3/packages/six.py_load_module#201#213,43700205/43700205_2_recent.py_load_module#1#35,43700205/43700205_2_original.py_load_module#1#35,43700205/43700205_2_146639998.py_load_module#1#35,43700205/43700205_2_144292301.py_load_module#1#35
/Users/chaiyong/Downloads/matcha/python_repos/bmw-cardata-ha/.venv/lib/python3.9/site-packages/pip/_vendor/urllib3/packages/six.py_reraise#764#773,34463112/34463112_2_recent.py_reraise#3#8,34463112/34463112_2_original.py_reraise#3#8,34463112/34463112_2_107134236.py_reraise#3#8,34463112/34463112_2_107134051.py_reraise#3#8
/Users/chaiyong/Downloads/matcha/python_repos/bmw-cardata-ha/.venv/lib/python3.9/site-packages/pip/_vendor/urllib3/packages/six.py_exec_#778#788,34463112/34463112_2_original.py_exec_#11#21,34463112/34463112_2_107134051.py_exec_#11#21
/Users/chaiyong/Downloads/matcha/python_repos/bmw-cardata-ha/.venv/lib/python3.9/site-packages/pip/_vendor/urllib3/packages/six.py__update_wrapper#895#911,50453891/50453891_2_recent.py_update_wrapper#4#28,50453891/50453891_2_original.py_update_wrapper#4#28,50453891/50453891_2_173890768.py_update_wrapper#4#28,50453891/50453891_2_173890433.py_update_wrapper#4#28
/Users/chaiyong/Downloads/matcha/python_repos/bmw-cardata-ha/.venv/lib/python3.9/site-packages/pip/_vendor/urllib3/packages/six.py_with_metaclass#930#951,18513858/18513858_6_recent.py_with_metaclass#1#14,18513858/18513858_6_203780898.py_with_metaclass#1#14,18513858/18513858_6_203765334.py_with_metaclass#1#14,34819686/34819686_8_recent.py_as_metaclass#7#19,34819686/34819686_8_original.py_as_metaclass#7#19,34819686/34819686_8_108572620.py_as_metaclass#7#19,34819686/34819686_8_108551472.py_as_metaclass#7#19,34819686/34819686_8_108550245.py_as_metaclass#7#19,34819686/34819686_4_recent.py_as_metaclass#5#17,34819686/34819686_4_original.py_as_metaclass#5#17,34819686/34819686_4_108572620.py_as_metaclass#5#17,34819686/34819686_4_108551472.py_as_metaclass#5#17,34819686/34819686_4_108550245.py_as_metaclass#5#17
/Users/chaiyong/Downloads/matcha/python_repos/bmw-cardata-ha/.venv/lib/python3.9/site-packages/pip/_vendor/urllib3/packages/six.py_add_metaclass#954#971,39392754/39392754_6_recent.py_ensure_cli_documentation#5#31,39392754/39392754_6_original.py_ensure_cli_documentation#5#31,39392754/39392754_6_126699922.py_ensure_cli_documentation#5#31,39392754/39392754_6_126688995.py_ensure_cli_documentation#5#31,39392754/39392754_6_126685364.py_ensure_cli_documentation#5#31,39392754/39392754_2_recent.py_ensure_cli_documentation#1#27,39392754/39392754_2_original.py_ensure_cli_documentation#1#27,39392754/39392754_2_126699922.py_ensure_cli_documentation#1#27,39392754/39392754_2_126688995.py_ensure_cli_documentation#1#27,39392754/39392754_2_126685364.py_ensure_cli_documentation#1#27
/Users/chaiyong/Downloads/matcha/python_repos/bmw-cardata-ha/.venv/lib/python3.9/site-packages/pip/_vendor/urllib3/packages/six.py_python_2_unicode_compatible#1034#1050,52079498/52079498_2_recent.py_python_2_unicode_compatible#1#15,52079498/52079498_2_original.py_python_2_unicode_compatible#1#15,52079498/52079498_2_180724208.py_python_2_unicode_compatible#1#15,52079498/52079498_2_180723851.py_python_2_unicode_compatible#1#15,52079498/52079498_2_180719531.py_python_2_unicode_compatible#1#15
/Users/chaiyong/Downloads/matcha/python_repos/bmw-cardata-ha/.venv/lib/python3.9/site-packages/pip/_vendor/pyparsing.py___getitem__#593#600,19996332/19996332_4_recent.py___getattr__#1#11,19996332/19996332_4_original.py___getattr__#1#11,19996332/19996332_4_51531416.py___getattr__#1#11,19996332/19996332_4_51531164.py___getattr__#1#11
/Users/chaiyong/Downloads/matcha/python_repos/bmw-cardata-ha/.venv/lib/python3.9/site-packages/pip/_vendor/pyparsing.py_toItem#935#942,7050000/7050000_2_recent.py__traverse#61#74,7050000/7050000_2_original.py__traverse#61#74,7050000/7050000_2_15468055.py__traverse#61#74,7050000/7050000_2_111669922.py__traverse#61#74
/Users/chaiyong/Downloads/matcha/python_repos/bmw-cardata-ha/.venv/lib/python3.9/site-packages/setuptools/_vendor/packaging/_compat.py_with_metaclass#25#38,18513858/18513858_6_recent.py_with_metaclass#1#14,18513858/18513858_6_203780898.py_with_metaclass#1#14,18513858/18513858_6_203765334.py_with_metaclass#1#14,34819686/34819686_8_recent.py_as_metaclass#7#19,34819686/34819686_8_original.py_as_metaclass#7#19,34819686/34819686_8_108572620.py_as_metaclass#7#19,34819686/34819686_8_108551472.py_as_metaclass#7#19,34819686/34819686_8_108550245.py_as_metaclass#7#19,34819686/34819686_4_recent.py_as_metaclass#5#17,34819686/34819686_4_original.py_as_metaclass#5#17,34819686/34819686_4_108572620.py_as_metaclass#5#17,34819686/34819686_4_108551472.py_as_metaclass#5#17,34819686/34819686_4_108550245.py_as_metaclass#5#17
/Users/chaiyong/Downloads/matcha/python_repos/bmw-cardata-ha/.venv/lib/python3.9/site-packages/setuptools/_vendor/packaging/specifiers.py__require_version_compare#319#330,36904904/36904904_4_recent.py_doublefunc#1#11,36904904/36904904_4_original.py_doublefunc#3#16,36904904/36904904_4_116807333.py_doublefunc#1#11,36904904/36904904_2_116806493.py_doublefunc#3#31,36904904/36904904_2_116806050.py_doublefunc#3#16,33272070/33272070_2_recent.py_decorator#28#35,33272070/33272070_2_original.py_decorator#17#24,33272070/33272070_2_102576962.py_decorator#28#35,33272070/33272070_2_102576420.py_decorator#28#35,33272070/33272070_2_102563025.py_decorator#19#28,33272070/33272070_2_102376274.py_decorator#17#24,22464078/22464078_2_recent.py_decorate#4#11,22464078/22464078_2_original.py_decorate#13#19,22464078/22464078_2_60615362.py_decorate#4#11,22464078/22464078_2_60614908.py_decorate#2#9,22464078/22464078_2_60614524.py_decorate#4#10,22464078/22464078_2_60612234.py_decorate#13#19,22464078/22464078_2_60609747.py_decorate#13#19,16650992/16650992_4_recent.py___testWrapper#6#13,16650992/16650992_4_original.py___testWrapper#6#13,16650992/16650992_4_40903907.py___testWrapper#6#13,14528175/14528175_2_recent.py_save_if_allowed#3#11,14528175/14528175_2_original.py_save_if_allowed#3#11,14528175/14528175_2_35008763.py_save_if_allowed#3#11,14528175/14528175_2_35008285.py_save_if_allowed#3#11,14528175/14528175_2_35008038.py_save_if_allowed#3#11,14528175/14528175_2_35007751.py_save_if_allowed#3#11,12175320/12175320_2_recent.py_threads_over_lists#1#6,12175320/12175320_2_original.py_threads_over_lists#1#6,12175320/12175320_2_28557415.py_threads_over_lists#1#6,12175320/12175320_2_28557025.py_threads_over_lists#1#6,12175320/12175320_2_146490876.py_threads_over_lists#1#6,11660717/11660717_2_recent.py_if_extractable#1#10,11660717/11660717_2_27200420.py_if_extractable#1#10,48035673/48035673_6_recent.py_decorator#3#11,48035673/48035673_6_original.py_decorator#3#11,48035673/48035673_6_163738219.py_decorator#3#11,8859168/8859168_4_recent.py_func_logger#2#10,8859168/8859168_4_20003525.py_func_logger#2#10,8505074/8505074_2_recent.py_applyTopping2#8#13,8505074/8505074_2_recent.py_applyTopping1#1#6,8505074/8505074_2_original.py_applyTopping2#8#13,8505074/8505074_2_original.py_applyTopping1#1#6,8505074/8505074_2_19096018.py_applyTopping2#8#13,8505074/8505074_2_19096018.py_applyTopping1#1#6,65061633/65061633_8_recent.py_compose#4#10,65061633/65061633_8_original.py_compose#4#10,65061633/65061633_8_235900301.py_compose#4#10,65061633/65061633_8_235899747.py_compose#4#10,65061633/65061633_8_235899094.py_compose#4#10,65061633/65061633_8_235898642.py_compose#4#10,65061633/65061633_8_235898208.py_compose#4#10,64632553/64632553_4_recent.py_mydecorator#4#12,64632553/64632553_4_original.py_mydecorator#4#12,64632553/64632553_4_234034137.py_mydecorator#4#12,64632553/64632553_4_234033341.py_mydecorator#4#12,64632553/64632553_4_234031526.py_mydecorator#4#12,6356992/6356992_2_recent.py_counted#2#10,6356992/6356992_2_original.py_counted#2#10,6356992/6356992_2_13820127.py_counted#2#10,6356992/6356992_2_13819722.py_counted#2#10,62941009/62941009_2_recent.py_decorator#150#159,62941009/62941009_2_original.py_decorator#150#159,62941009/62941009_2_226783599.py_decorator#150#159,62941009/62941009_2_226779441.py_decorator#150#159,60819813/60819813_2_recent.py_use_slow#7#16,60819813/60819813_2_recent.py_use_fast#19#26,60819813/60819813_2_217602687.py_use_slow#7#16,60819813/60819813_2_217602687.py_use_fast#19#26,60819813/60819813_2_217600818.py_use_slow#7#16,60819813/60819813_2_217600818.py_use_fast#19#26,5974391/5974391_4_recent.py_wrapper#4#11,5974391/5974391_4_original.py_wrapper#4#11,5974391/5974391_4_145348636.py_wrapper#4#11,5974391/5974391_4_138640819.py_wrapper#4#11,5974391/5974391_4_13108634.py_wrapper#4#11,57669119/57669119_2_recent.py_decorator#2#10,57669119/57669119_2_recent.py_decorator#61#67,57669119/57669119_2_original.py_decorator#2#10,57669119/57669119_2_204229226.py_decorator#2#10,57669119/57669119_2_204229226.py_decorator#61#67,57669119/57669119_2_204228163.py_decorator#2#10,57211297/57211297_2_recent.py_repl_only#27#37,57211297/57211297_2_202292704.py_repl_only#27#37,57211297/57211297_2_202283682.py_repl_only#27#37,57211297/57211297_2_202283471.py_repl_only#25#34,54825044/54825044_4_recent.py_tf_custom_gradient_method#4#12,54825044/54825044_4_original.py_tf_custom_gradient_method#4#12,54825044/54825044_4_192197301.py_tf_custom_gradient_method#4#12,5481729/5481729_2_recent.py_log#2#12,5481729/5481729_2_original.py_log#3#13,5481729/5481729_2_195913378.py_log#2#12,5481729/5481729_2_195912958.py_log#2#12,5481729/5481729_2_11749295.py_log#3#13,54657250/54657250_2_recent.py_short_circuit#7#15,54657250/54657250_2_original.py_short_circuit#7#15,54657250/54657250_2_191500331.py_short_circuit#7#15,54657250/54657250_2_191500232.py_short_circuit#7#15,52921532/52921532_2_recent.py_log_entry_exit#4#10,52921532/52921532_2_original.py_log_entry_exit#4#10
/Users/chaiyong/Downloads/matcha/python_repos/bmw-cardata-ha/.venv/lib/python3.9/site-packages/setuptools/_vendor/more_itertools/more.py_interleave#990#1001,60164919/60164919_2_recent.py_interleave_longest#21#31,60164919/60164919_2_original.py_interleave_longest#21#31,60164919/60164919_2_214731884.py_interleave_longest#21#31,60164919/60164919_2_214730975.py_interleave_longest#21#31
/Users/chaiyong/Downloads/matcha/python_repos/bmw-cardata-ha/.venv/lib/python3.9/site-packages/setuptools/_vendor/more_itertools/more.py_interleave_longest#1004#1017,60164919/60164919_2_original.py_interleave_longest#21#31,60164919/60164919_2_214730975.py_interleave_longest#21#31,60164919/60164919_2_recent.py_interleave_longest#21#31,60164919/60164919_2_214731884.py_interleave_longest#21#31
/Users/chaiyong/Downloads/matcha/python_repos/bmw-cardata-ha/.venv/lib/python3.9/site-packages/setuptools/_vendor/more_itertools/more.py_getter#1681#1694,57499702/57499702_2_recent.py___next__#14#20,57499702/57499702_2_203506937.py___next__#14#20,60171347/60171347_4_recent.py___next__#14#22,60171347/60171347_4_214757396.py___next__#14#22,64055527/64055527_2_recent.py___next__#30#35,64055527/64055527_2_original.py___next__#31#36,64055527/64055527_2_235793273.py___next__#30#35,64055527/64055527_2_235789909.py___next__#30#35,64055527/64055527_2_231554380.py___next__#30#35,64055527/64055527_2_231518243.py___next__#30#35,64055527/64055527_2_231516601.py___next__#31#36,57499702/57499702_2_recent.py___next__#33#39,57499702/57499702_2_203506937.py___next__#33#39,32000357/32000357_2_recent.py___next__#7#15,32000357/32000357_2_original.py___next__#7#15,32000357/32000357_2_97371818.py___next__#7#15,32000357/32000357_2_97371390.py___next__#7#15,4844442/4844442_6_recent.py_next#7#12,4844442/4844442_6_original.py_next#6#11,4844442/4844442_6_10266421.py_next#7#12,4844442/4844442_6_10266336.py_next#7#12,4844442/4844442_6_10266102.py_next#6#11,4844442/4844442_6_10265999.py_next#6#11,4844442/4844442_10_recent.py_next#9#14,4844442/4844442_10_original.py_next#9#14,4844442/4844442_10_10266421.py_next#9#14,4844442/4844442_10_10266336.py_next#9#14,4844442/4844442_10_10266102.py_next#9#14,2777223/2777223_4_recent.py_next#5#11,2777223/2777223_4_original.py_next#5#11,2777223/2777223_4_5709513.py_next#5#11,25668367/25668367_4_recent.py_next#6#12,25668367/25668367_4_original.py___next__#6#12,25668367/25668367_4_72845339.py_next#6#12,25668367/25668367_4_72844427.py_next#6#12,25668367/25668367_4_72843259.py___next__#6#12,15826610/15826610_8_recent.py_pop#13#19,15826610/15826610_8_original.py_pop#13#19,15826610/15826610_8_38635104.py_pop#13#19,15826610/15826610_8_38632333.py_pop#13#19,15826610/15826610_8_38609245.py_pop#13#19,15826610/15826610_8_146571336.py_pop#13#19,55381187/55381187_2_recent.py___next__#16#22,55381187/55381187_2_original.py___next__#16#22,55381187/55381187_2_194549136.py___next__#16#22,55381187/55381187_2_194548337.py___next__#16#22,55381187/55381187_2_194547520.py___next__#16#22,55381187/55381187_2_194546815.py___next__#16#22,55381187/55381187_2_194546299.py___next__#16#22,55381187/55381187_2_194545847.py___next__#16#22,55381187/55381187_2_194543777.py___next__#16#22,55381187/55381187_2_194542724.py___next__#16#22,55381187/55381187_2_194542514.py___next__#16#22,55381187/55381187_2_194542110.py___next__#16#22,55381187/55381187_2_194541175.py___next__#16#22,55381187/55381187_2_194540681.py___next__#16#22,30396816/30396816_4_original.py_iter_from_middle#1#12,30396816/30396816_4_91089796.py_iter_from_middle#1#12,30396816/30396816_4_recent.py_iter_from_middle#1#10,30396816/30396816_4_91095635.py_iter_from_middle#1#10,30396816/30396816_4_91094498.py_iter_from_middle#1#10,39452294/39452294_2_126931280.py_iter_couples#7#14,61658447/61658447_2_original.py___next__#1#7,61658447/61658447_2_221053794.py___next__#1#7,61658447/61658447_2_221052712.py___next__#1#7,61658447/61658447_2_recent.py___next__#1#7,61658447/61658447_2_221057285.py___next__#1#7,37929989/37929989_4_recent.py___next__#9#18,37929989/37929989_4_120869145.py___next__#9#18,37929989/37929989_4_120868779.py___next__#9#18,53135389/53135389_4_recent.py__iterlist#27#33,53135389/53135389_4_185118429.py__iterlist#27#33,62063907/62063907_2_recent.py___next__#9#16,62063907/62063907_2_original.py___next__#9#16,62063907/62063907_2_222746377.py___next__#9#16,62063907/62063907_2_222746029.py___next__#9#16,17384325/17384325_4_recent.py_next#10#18,17384325/17384325_4_original.py_next#10#18,17384325/17384325_4_42939354.py_next#10#18,17384325/17384325_4_146520333.py_next#10#18,38360350/38360350_2_original.py_advance#54#89,38360350/38360350_2_122575880.py_advance#54#89,38360350/38360350_2_155791019.py_advance#54#92,40255361/40255361_2_recent.py___next__#7#13,40255361/40255361_2_140633065.py___next__#7#13,40255361/40255361_2_130143477.py___next__#7#13,40255361/40255361_2_130143444.py___next__#7#13,39452294/39452294_2_126933213.py_iter_couples_cycle#8#17,38360350/38360350_2_recent.py_advance#64#105,38360350/38360350_2_166882579.py_advance#64#105,38360350/38360350_2_155799360.py_advance#64#105,38360350/38360350_2_155798518.py_advance#64#105,38360350/38360350_2_155791567.py_advance#64#105,45946409/45946409_2_recent.py___next__#9#21,45946409/45946409_2_original.py___next__#9#21,45946409/45946409_2_155033026.py___next__#9#21,45946409/45946409_2_155032617.py___next__#9#21,27696471/27696471_2_recent.py__scan_once#14#30,27696471/27696471_2_original.py__scan_once#14#30,27696471/27696471_2_80675390.py__scan_once#14#30
/Users/chaiyong/Downloads/matcha/python_repos/bmw-cardata-ha/.venv/lib/python3.9/site-packages/setuptools/_vendor/more_itertools/more.py_itemgetter#1680#1696,14287995/14287995_1_recent.py_make_generic_getter#1#10,14287995/14287995_1_original.py_make_generic_getter#1#10,14287995/14287995_1_41434587.py_make_generic_getter#1#10,14287995/14287995_1_34451979.py_make_generic_getter#1#10,14287995/14287995_1_34349356.py_make_generic_getter#1#10,14287995/14287995_1_34349230.py_make_generic_getter#1#10,46655413/46655413_2_recent.py_my_itemgetter#4#19,46655413/46655413_2_original.py_my_itemgetter#4#19,46655413/46655413_2_157971997.py_my_itemgetter#4#19,46655413/46655413_2_157971392.py_my_itemgetter#4#19,9904511/9904511_2_recent.py_outer_join_accessor_factory#1#8,9904511/9904511_2_original.py_outer_join_accessor_factory#1#8,9904511/9904511_2_22656117.py_outer_join_accessor_factory#1#8,6009495/6009495_2_recent.py_multimethod#22#33,6009495/6009495_2_original.py_multimethod#23#34,6009495/6009495_2_12994832.py_multimethod#22#33,6009495/6009495_2_12992030.py_multimethod#23#34,55952095/55952095_8_original.py_wrapper#3#9,55952095/55952095_6_196941987.py_wrapper#3#9
/Users/chaiyong/Downloads/matcha/python_repos/bmw-cardata-ha/.venv/lib/python3.9/site-packages/setuptools/_vendor/more_itertools/more.py_outer_wrapper#2811#2818,50567397/50567397_2_214446614.py_wrapper#6#11,50567397/50567397_2_174394259.py_wrapper#6#11,49332400/49332400_2_recent.py_wrapper#3#8,49332400/49332400_2_169173407.py_wrapper#3#8,49332400/49332400_2_169172371.py_wrapper#3#8,49332400/49332400_2_169172293.py_wrapper#3#8,49211813/49211813_8_recent.py_wrapper#2#7,49211813/49211813_8_original.py_wrapper#2#7,49211813/49211813_8_168664852.py_wrapper#2#7,49211813/49211813_8_168664633.py_wrapper#2#7,49211813/49211813_6_168664261.py_wrapper#2#7,54930846/54930846_4_recent.py_outer_wrapper#2#17,54930846/54930846_4_original.py_outer_wrapper#2#17,54930846/54930846_4_192639553.py_outer_wrapper#2#17,54930846/54930846_4_192637928.py_outer_wrapper#2#17
/Users/chaiyong/Downloads/matcha/python_repos/bmw-cardata-ha/.venv/lib/python3.9/site-packages/setuptools/_vendor/ordered_set.py_copy#101#113,46428568/46428568_4_recent.py_unsqueeze#1#223,46428568/46428568_4_157115588.py_unsqueeze#1#223,46428568/46428568_4_157111156.py_unsqueeze#1#221,33074227/33074227_2_101603268.py_histogram#1#160
/Users/chaiyong/Downloads/matcha/python_repos/bmw-cardata-ha/.venv/lib/python3.9/site-packages/setuptools/_vendor/pyparsing.py___getitem__#411#418,19996332/19996332_4_recent.py___getattr__#1#11,19996332/19996332_4_original.py___getattr__#1#11,19996332/19996332_4_51531416.py___getattr__#1#11,19996332/19996332_4_51531164.py___getattr__#1#11
/Users/chaiyong/Downloads/matcha/python_repos/bmw-cardata-ha/.venv/lib/python3.9/site-packages/setuptools/_vendor/pyparsing.py___getattr__#644#656,19996332/19996332_4_recent.py___getattr__#1#11,19996332/19996332_4_original.py___getattr__#1#11,19996332/19996332_4_51531416.py___getattr__#1#11,19996332/19996332_4_51531164.py___getattr__#1#11
/Users/chaiyong/Downloads/matcha/python_repos/bmw-cardata-ha/.venv/lib/python3.9/site-packages/setuptools/_vendor/pyparsing.py_toItem#744#751,7050000/7050000_2_recent.py__traverse#61#74,7050000/7050000_2_original.py__traverse#61#74,7050000/7050000_2_15468055.py__traverse#61#74,7050000/7050000_2_111669922.py__traverse#61#74
/Users/chaiyong/Downloads/matcha/python_repos/bmw-cardata-ha/.venv/lib/python3.9/site-packages/setuptools/_vendor/pyparsing.py_matchOnlyAtCol#4787#4795,41477859/41477859_6_recent.py_matchOnlyInRightHalf#1#12,41477859/41477859_6_original.py_matchOnlyInRightHalf#1#12,41477859/41477859_6_135261675.py_matchOnlyInRightHalf#1#12
/Users/chaiyong/Downloads/matcha/python_repos/bmw-cardata-ha/.venv/lib/python3.9/site-packages/setuptools/sandbox.py_pushd#87#93,48364639/48364639_6_recent.py_temporary_work_dir#3#10,48364639/48364639_6_original.py_temporary_work_dir#3#10,48364639/48364639_6_165117689.py_temporary_work_dir#3#10,53090706/53090706_2_recent.py_temp_chdir#2#8,53090706/53090706_2_original.py_temp_chdir#2#8,53090706/53090706_2_184924724.py_temp_chdir#2#8,53090706/53090706_2_184924440.py_temp_chdir#2#8,37996250/37996250_2_recent.py_cwd#4#10,37996250/37996250_2_original.py_cwd#4#10,37996250/37996250_2_121126979.py_cwd#4#10,37996250/37996250_2_121126260.py_cwd#4#10,3012921/3012921_2_recent.py_working_directory#4#10,3012921/3012921_2_original.py_working_directory#4#10,3012921/3012921_2_9622790.py_working_directory#4#10,3012921/3012921_2_6225475.py_working_directory#4#10,3012921/3012921_2_6225395.py_working_directory#4#10,24469659/24469659_6_recent.py_cd#5#11,24469659/24469659_6_original.py_cd#5#11,24469659/24469659_6_68256706.py_cd#5#11,24469659/24469659_6_68256521.py_cd#5#11
/Users/chaiyong/Downloads/matcha/python_repos/bmw-cardata-ha/.venv/lib/python3.9/site-packages/setuptools/command/easy_install.py__tmpdir#630#636,7099564/7099564_2_recent.py_hasfunction#3#31,7099564/7099564_2_original.py_hasfunction#3#31,7099564/7099564_2_15588878.py_hasfunction#3#31,7099564/7099564_2_15588692.py_hasfunction#3#31
/Users/chaiyong/Downloads/matcha/python_repos/bmw-cardata-ha/.venv/lib/python3.9/site-packages/pkg_resources/_vendor/packaging/_compat.py_with_metaclass#25#38,18513858/18513858_6_recent.py_with_metaclass#1#14,18513858/18513858_6_203780898.py_with_metaclass#1#14,18513858/18513858_6_203765334.py_with_metaclass#1#14,34819686/34819686_8_recent.py_as_metaclass#7#19,34819686/34819686_8_original.py_as_metaclass#7#19,34819686/34819686_8_108572620.py_as_metaclass#7#19,34819686/34819686_8_108551472.py_as_metaclass#7#19,34819686/34819686_8_108550245.py_as_metaclass#7#19,34819686/34819686_4_recent.py_as_metaclass#5#17,34819686/34819686_4_original.py_as_metaclass#5#17,34819686/34819686_4_108572620.py_as_metaclass#5#17,34819686/34819686_4_108551472.py_as_metaclass#5#17,34819686/34819686_4_108550245.py_as_metaclass#5#17
/Users/chaiyong/Downloads/matcha/python_repos/bmw-cardata-ha/.venv/lib/python3.9/site-packages/pkg_resources/_vendor/packaging/specifiers.py__require_version_compare#319#330,36904904/36904904_4_recent.py_doublefunc#1#11,36904904/36904904_4_original.py_doublefunc#3#16,36904904/36904904_4_116807333.py_doublefunc#1#11,36904904/36904904_2_116806493.py_doublefunc#3#31,36904904/36904904_2_116806050.py_doublefunc#3#16,33272070/33272070_2_recent.py_decorator#28#35,33272070/33272070_2_original.py_decorator#17#24,33272070/33272070_2_102576962.py_decorator#28#35,33272070/33272070_2_102576420.py_decorator#28#35,33272070/33272070_2_102563025.py_decorator#19#28,33272070/33272070_2_102376274.py_decorator#17#24,22464078/22464078_2_recent.py_decorate#4#11,22464078/22464078_2_original.py_decorate#13#19,22464078/22464078_2_60615362.py_decorate#4#11,22464078/22464078_2_60614908.py_decorate#2#9,22464078/22464078_2_60614524.py_decorate#4#10,22464078/22464078_2_60612234.py_decorate#13#19,22464078/22464078_2_60609747.py_decorate#13#19,16650992/16650992_4_recent.py___testWrapper#6#13,16650992/16650992_4_original.py___testWrapper#6#13,16650992/16650992_4_40903907.py___testWrapper#6#13,14528175/14528175_2_recent.py_save_if_allowed#3#11,14528175/14528175_2_original.py_save_if_allowed#3#11,14528175/14528175_2_35008763.py_save_if_allowed#3#11,14528175/14528175_2_35008285.py_save_if_allowed#3#11,14528175/14528175_2_35008038.py_save_if_allowed#3#11,14528175/14528175_2_35007751.py_save_if_allowed#3#11,12175320/12175320_2_recent.py_threads_over_lists#1#6,12175320/12175320_2_original.py_threads_over_lists#1#6,12175320/12175320_2_28557415.py_threads_over_lists#1#6,12175320/12175320_2_28557025.py_threads_over_lists#1#6,12175320/12175320_2_146490876.py_threads_over_lists#1#6,11660717/11660717_2_recent.py_if_extractable#1#10,11660717/11660717_2_27200420.py_if_extractable#1#10,48035673/48035673_6_recent.py_decorator#3#11,48035673/48035673_6_original.py_decorator#3#11,48035673/48035673_6_163738219.py_decorator#3#11,8859168/8859168_4_recent.py_func_logger#2#10,8859168/8859168_4_20003525.py_func_logger#2#10,8505074/8505074_2_recent.py_applyTopping2#8#13,8505074/8505074_2_recent.py_applyTopping1#1#6,8505074/8505074_2_original.py_applyTopping2#8#13,8505074/8505074_2_original.py_applyTopping1#1#6,8505074/8505074_2_19096018.py_applyTopping2#8#13,8505074/8505074_2_19096018.py_applyTopping1#1#6,65061633/65061633_8_recent.py_compose#4#10,65061633/65061633_8_original.py_compose#4#10,65061633/65061633_8_235900301.py_compose#4#10,65061633/65061633_8_235899747.py_compose#4#10,65061633/65061633_8_235899094.py_compose#4#10,65061633/65061633_8_235898642.py_compose#4#10,65061633/65061633_8_235898208.py_compose#4#10,64632553/64632553_4_recent.py_mydecorator#4#12,64632553/64632553_4_original.py_mydecorator#4#12,64632553/64632553_4_234034137.py_mydecorator#4#12,64632553/64632553_4_234033341.py_mydecorator#4#12,64632553/64632553_4_234031526.py_mydecorator#4#12,6356992/6356992_2_recent.py_counted#2#10,6356992/6356992_2_original.py_counted#2#10,6356992/6356992_2_13820127.py_counted#2#10,6356992/6356992_2_13819722.py_counted#2#10,62941009/62941009_2_recent.py_decorator#150#159,62941009/62941009_2_original.py_decorator#150#159,62941009/62941009_2_226783599.py_decorator#150#159,62941009/62941009_2_226779441.py_decorator#150#159,60819813/60819813_2_recent.py_use_slow#7#16,60819813/60819813_2_recent.py_use_fast#19#26,60819813/60819813_2_217602687.py_use_slow#7#16,60819813/60819813_2_217602687.py_use_fast#19#26,60819813/60819813_2_217600818.py_use_slow#7#16,60819813/60819813_2_217600818.py_use_fast#19#26,5974391/5974391_4_recent.py_wrapper#4#11,5974391/5974391_4_original.py_wrapper#4#11,5974391/5974391_4_145348636.py_wrapper#4#11,5974391/5974391_4_138640819.py_wrapper#4#11,5974391/5974391_4_13108634.py_wrapper#4#11,57669119/57669119_2_recent.py_decorator#2#10,57669119/57669119_2_recent.py_decorator#61#67,57669119/57669119_2_original.py_decorator#2#10,57669119/57669119_2_204229226.py_decorator#2#10,57669119/57669119_2_204229226.py_decorator#61#67,57669119/57669119_2_204228163.py_decorator#2#10,57211297/57211297_2_recent.py_repl_only#27#37,57211297/57211297_2_202292704.py_repl_only#27#37,57211297/57211297_2_202283682.py_repl_only#27#37,57211297/57211297_2_202283471.py_repl_only#25#34,54825044/54825044_4_recent.py_tf_custom_gradient_method#4#12,54825044/54825044_4_original.py_tf_custom_gradient_method#4#12,54825044/54825044_4_192197301.py_tf_custom_gradient_method#4#12,5481729/5481729_2_recent.py_log#2#12,5481729/5481729_2_original.py_log#3#13,5481729/5481729_2_195913378.py_log#2#12,5481729/5481729_2_195912958.py_log#2#12,5481729/5481729_2_11749295.py_log#3#13,54657250/54657250_2_recent.py_short_circuit#7#15,54657250/54657250_2_original.py_short_circuit#7#15,54657250/54657250_2_191500331.py_short_circuit#7#15,54657250/54657250_2_191500232.py_short_circuit#7#15,52921532/52921532_2_recent.py_log_entry_exit#4#10,52921532/52921532_2_original.py_log_entry_exit#4#10
/Users/chaiyong/Downloads/matcha/python_repos/bmw-cardata-ha/.venv/lib/python3.9/site-packages/pkg_resources/_vendor/pyparsing.py___getitem__#411#418,19996332/19996332_4_recent.py___getattr__#1#11,19996332/19996332_4_original.py___getattr__#1#11,19996332/19996332_4_51531416.py___getattr__#1#11,19996332/19996332_4_51531164.py___getattr__#1#11
/Users/chaiyong/Downloads/matcha/python_repos/bmw-cardata-ha/.venv/lib/python3.9/site-packages/pkg_resources/_vendor/pyparsing.py___getattr__#644#656,19996332/19996332_4_recent.py___getattr__#1#11,19996332/19996332_4_original.py___getattr__#1#11,19996332/19996332_4_51531416.py___getattr__#1#11,19996332/19996332_4_51531164.py___getattr__#1#11
/Users/chaiyong/Downloads/matcha/python_repos/bmw-cardata-ha/.venv/lib/python3.9/site-packages/pkg_resources/_vendor/pyparsing.py_toItem#744#751,7050000/7050000_2_recent.py__traverse#61#74,7050000/7050000_2_original.py__traverse#61#74,7050000/7050000_2_15468055.py__traverse#61#74,7050000/7050000_2_111669922.py__traverse#61#74
/Users/chaiyong/Downloads/matcha/python_repos/bmw-cardata-ha/.venv/lib/python3.9/site-packages/pkg_resources/_vendor/pyparsing.py_matchOnlyAtCol#4787#4795,41477859/41477859_6_recent.py_matchOnlyInRightHalf#1#12,41477859/41477859_6_original.py_matchOnlyInRightHalf#1#12,41477859/41477859_6_135261675.py_matchOnlyInRightHalf#1#12
