/Users/chaiyong/Downloads/matcha/python_repos/ComfyUI/comfy/patcher_extension.py_copy_nested_dicts#137#144,37678030/37678030_2_recent.py_encode_dict#1#27,37678030/37678030_2_original.py_encode_dict#1#27,37678030/37678030_2_119864098.py_encode_dict#1#27,37678030/37678030_2_119863639.py_encode_dict#1#27
/Users/chaiyong/Downloads/matcha/python_repos/ComfyUI/comfy/ldm/genmo/joint_model/layers.py__ntuple#17#23,37312115/37312115_2_118412931.py_make_parser#4#11,37312115/37312115_2_118412759.py_make_parser#4#11,37312115/37312115_2_118412552.py_make_parser#4#11,36399676/36399676_8_recent.py_my_parse#4#11,36399676/36399676_8_original.py_my_parse#4#11,36399676/36399676_8_114824015.py_my_parse#4#11,37068146/37068146_4_recent.py_sort_key#5#12,37068146/37068146_4_original.py_sort_key#5#12,37068146/37068146_4_146137022.py_sort_key#5#12,37068146/37068146_4_117456949.py_sort_key#5#12,9314325/9314325_2_original.py_parse#11#59,9314325/9314325_2_21149291.py_parse#11#59,9314325/9314325_2_recent.py_parse#11#57,9314325/9314325_2_21153266.py_parse#11#57,63456210/63456210_2_recent.py_to_proper_timezone#11#18,63456210/63456210_2_228967686.py_to_proper_timezone#11#18,4915359/4915359_8_recent.py_make_parser#17#26,4915359/4915359_8_82740284.py_make_parser#17#26,4915359/4915359_8_58155993.py_make_parser#17#26,4915359/4915359_8_58155806.py_make_parser#17#26,4915359/4915359_8_51542387.py_make_parser#13#22,4915359/4915359_8_227959309.py_make_parser#17#26,4915359/4915359_8_227538636.py_make_parser#17#26,4915359/4915359_8_205193216.py_make_parser#17#26,4915359/4915359_8_124134343.py_make_parser#17#26,35585031/35585031_1_original.py_parse#27#53,35585031/35585031_1_111575419.py_parse#27#53
/Users/chaiyong/Downloads/matcha/python_repos/ComfyUI/comfy/ldm/audio/autoencoder.py_forward#116#122,60524132/60524132_2_recent.py_forward#6#11,60524132/60524132_2_original.py_forward#6#11,60524132/60524132_2_216266681.py_forward#6#11,59822536/59822536_2_recent.py_forward#10#15,59822536/59822536_2_original.py_forward#10#15,59822536/59822536_2_213295302.py_forward#10#15,59822536/59822536_2_213294650.py_forward#10#15,64264237/64264237_6_recent.py_forward#11#18,64264237/64264237_6_original.py_forward#11#18,64264237/64264237_6_232415491.py_forward#11#18,64264237/64264237_6_232415019.py_forward#11#18,52327469/52327469_1_recent.py_forward#11#26,52327469/52327469_1_original.py_forward#11#26,52327469/52327469_1_181755170.py_forward#11#26,52327469/52327469_1_181751462.py_forward#11#26,47268059/47268059_2_recent.py_forward#7#13,47268059/47268059_2_original.py_forward#7#13,47268059/47268059_2_160509293.py_forward#7#13,47268059/47268059_2_160508480.py_forward#7#13,64972192/64972192_2_recent.py_forward#13#18,64972192/64972192_2_235508054.py_forward#13#18,63049425/63049425_2_recent.py_forward#19#24,63049425/63049425_2_original.py_forward#20#25,63049425/63049425_2_227256290.py_forward#19#24,63049425/63049425_2_227256062.py_forward#19#24,63049425/63049425_2_227239302.py_forward#20#25,65030156/65030156_2_recent.py_forward#9#15,65030156/65030156_2_original.py_forward#9#15,65030156/65030156_2_235752177.py_forward#9#15,65030156/65030156_2_235751993.py_forward#9#15,62895206/62895206_2_recent.py_forward#76#94,62895206/62895206_2_228401211.py_forward#76#94,64989409/64989409_2_recent.py_forward#1#8,64989409/64989409_2_original.py_forward#1#8,64989409/64989409_2_235580083.py_forward#1#8,64989409/64989409_2_235579579.py_forward#1#8,64989409/64989409_2_235579530.py_forward#1#8,64989409/64989409_2_235579334.py_forward#1#8,52484974/52484974_2_recent.py_forward#18#26,52484974/52484974_2_original.py_forward#18#26,52484974/52484974_2_182416489.py_forward#18#26,52484974/52484974_2_182415076.py_forward#18#26,58668693/58668693_8_recent.py_forward#22#32,58668693/58668693_8_original.py_forward#24#34,58668693/58668693_8_208455237.py_forward#22#32,58668693/58668693_8_208449389.py_forward#22#32,58668693/58668693_8_208419156.py_forward#22#32,58668693/58668693_8_208419010.py_forward#22#32,58668693/58668693_8_208417196.py_forward#22#32,58668693/58668693_8_208417051.py_forward#24#34,58668693/58668693_8_208416862.py_forward#24#34,58668693/58668693_8_208416416.py_forward#24#34,58668693/58668693_4_recent.py_forward#52#63,58668693/58668693_4_original.py_forward#52#63,58668693/58668693_4_208455237.py_forward#52#63,58668693/58668693_4_208449389.py_forward#52#63,58668693/58668693_4_208419156.py_forward#52#63,58668693/58668693_4_208419010.py_forward#52#63,58668693/58668693_4_208417196.py_forward#52#63,58668693/58668693_4_208417051.py_forward#53#64,58668693/58668693_4_208416862.py_forward#53#64,58668693/58668693_4_208416416.py_forward#52#63
/Users/chaiyong/Downloads/matcha/python_repos/ComfyUI/comfy/ldm/modules/attention.py_wrap_attn#166#182,9112590/9112590_2_recent.py_logging#2#7,9112590/9112590_2_original.py_logging#1#6,9112590/9112590_2_20681129.py_logging#2#7,9112590/9112590_2_20680678.py_logging#2#7,9112590/9112590_2_20653898.py_logging#2#7,9112590/9112590_2_20653122.py_logging#2#7,9112590/9112590_2_20652828.py_logging#2#7,9112590/9112590_2_20650278.py_logging#2#7,9112590/9112590_2_20647203.py_logging#2#7,9112590/9112590_2_20647007.py_logging#1#6,9112590/9112590_2_146200279.py_logging#2#7,8198226/8198226_2_recent.py_validecorator#129#139,8198226/8198226_2_original.py_validecorator#129#139,8198226/8198226_2_54253413.py_validecorator#129#139,8198226/8198226_2_18300966.py_validecorator#129#139,7056374/7056374_2_recent.py_autorender#4#9,7056374/7056374_2_original.py_autorender#4#9,7056374/7056374_2_15484087.py_autorender#4#9,7056374/7056374_2_147111250.py_autorender#4#9,7004565/7004565_4_recent.py_decorator#20#26,7004565/7004565_4_original.py_decorator#20#26,7004565/7004565_4_15359552.py_decorator#20#26,7004565/7004565_2_15359442.py_decorator#20#26,7004565/7004565_2_15359329.py_decorator#20#26,7004565/7004565_2_15359285.py_decorator#20#26,64751188/64751188_2_recent.py_validate_max#3#13,64751188/64751188_2_recent.py_validate_max#16#21,64751188/64751188_2_original.py_validate_max#3#13,64751188/64751188_2_234545194.py_validate_max#3#13,64751188/64751188_2_234545194.py_validate_max#16#21,64751188/64751188_2_234544695.py_validate_max#3#13,64729759/64729759_6_recent.py_my_decorator#1#6,64729759/64729759_6_original.py_my_decorator#1#6,64729759/64729759_6_234452990.py_my_decorator#1#6,64729759/64729759_6_234451967.py_my_decorator#1#6,64680223/64680223_2_recent.py_with_printing#2#8,64680223/64680223_2_234232326.py_with_printing#2#8,64216534/64216534_2_recent.py_deco#13#18,64216534/64216534_2_232214098.py_deco#13#18,64216534/64216534_2_232213823.py_deco#13#18,63792624/63792624_2_recent.py_validated_content#2#10,63792624/63792624_2_original.py_validated_content#2#10,63792624/63792624_2_230400303.py_validated_content#2#10,63792624/63792624_2_230390645.py_validated_content#2#10,63104367/63104367_4_recent.py_timer#1#13,63104367/63104367_4_original.py_timer#1#13,63104367/63104367_4_227478233.py_timer#1#13,63104367/63104367_4_227477969.py_timer#1#13,63104367/63104367_4_227477748.py_timer#1#13,63104367/63104367_2_227477497.py_timer#1#13,62437650/62437650_2_recent.py_timed#5#13,62437650/62437650_2_original.py_timed#5#13,62437650/62437650_2_224457255.py_timed#5#13,62437650/62437650_2_224313515.py_timed#5#13,62189019/62189019_2_recent.py_selfy#3#17,62189019/62189019_2_original.py_selfy#3#14,62189019/62189019_2_223293093.py_selfy#3#17,62189019/62189019_2_223290034.py_selfy#3#16,62189019/62189019_2_223279414.py_selfy#3#16,62189019/62189019_2_223278888.py_selfy#3#14,61790791/61790791_4_recent.py_counter#1#7,61790791/61790791_4_original.py_counter#1#7,61790791/61790791_4_221606803.py_counter#1#7,61790791/61790791_4_221606466.py_counter#1#7,61790791/61790791_4_221606083.py_counter#1#7,61696640/61696640_4_recent.py_uppercase#3#9,61696640/61696640_4_original.py_uppercase#3#9,61696640/61696640_4_221224748.py_uppercase#3#9,61696640/61696640_4_221223425.py_uppercase#3#9,61648262/61648262_2_recent.py_time_func#3#9,61648262/61648262_2_original.py_time_func#2#8,61648262/61648262_2_221012015.py_time_func#3#9,61648262/61648262_2_221011429.py_time_func#2#8,61612995/61612995_2_recent.py_throttle#7#19,61612995/61612995_2_original.py_throttle#7#17,61612995/61612995_2_220870974.py_throttle#7#19,61612995/61612995_2_220868233.py_throttle#7#17,61532391/61532391_2_recent.py_decorator#8#21,61532391/61532391_2_220531634.py_decorator#8#21,61083295/61083295_2_recent.py_inspect#2#13,61083295/61083295_2_original.py_inspect#2#13,61083295/61083295_2_218650959.py_inspect#2#13,61083295/61083295_2_218650454.py_inspect#2#13,61083295/61083295_2_218650056.py_inspect#2#13,61062457/61062457_2_recent.py_time_this#11#19,61062457/61062457_2_original.py_time_this#12#21,61062457/61062457_2_218581149.py_time_this#11#19,61062457/61062457_2_218574314.py_time_this#11#19,61062457/61062457_2_218573919.py_time_this#11#19,61062457/61062457_2_218563499.py_time_this#12#21,60974965/60974965_4_recent.py_decorator#2#8,60974965/60974965_4_original.py_decorator#2#8,60974965/60974965_4_218188831.py_decorator#2#8,60974965/60974965_2_recent.py_mock_registration#1#7,60974965/60974965_2_original.py_mock_registration#1#8,60974965/60974965_2_218188831.py_mock_registration#1#7,60974965/60974965_2_218188206.py_mock_registration#1#8,60740375/60740375_4_original.py_decorator#3#11,60740375/60740375_2_217177425.py_decorator#3#11,60740375/60740375_2_217172776.py_decorator#3#11
/Users/chaiyong/Downloads/matcha/python_repos/ComfyUI/comfy/ldm/modules/diffusionmodules/mmdit.py_forward#48#55,52327469/52327469_1_recent.py_forward#11#26,52327469/52327469_1_original.py_forward#11#26,52327469/52327469_1_181755170.py_forward#11#26,52327469/52327469_1_181751462.py_forward#11#26,63049425/63049425_2_recent.py_forward#19#24,63049425/63049425_2_original.py_forward#20#25,63049425/63049425_2_227256290.py_forward#19#24,63049425/63049425_2_227256062.py_forward#19#24,63049425/63049425_2_227239302.py_forward#20#25,65030156/65030156_2_recent.py_forward#9#15,65030156/65030156_2_original.py_forward#9#15,65030156/65030156_2_235752177.py_forward#9#15,65030156/65030156_2_235751993.py_forward#9#15,52484974/52484974_2_recent.py_forward#18#26,52484974/52484974_2_original.py_forward#18#26,52484974/52484974_2_182416489.py_forward#18#26,52484974/52484974_2_182415076.py_forward#18#26,64989409/64989409_2_recent.py_forward#1#8,64989409/64989409_2_original.py_forward#1#8,64989409/64989409_2_235580083.py_forward#1#8,64989409/64989409_2_235579579.py_forward#1#8,64989409/64989409_2_235579530.py_forward#1#8,64989409/64989409_2_235579334.py_forward#1#8,58668693/58668693_8_recent.py_forward#22#32,58668693/58668693_8_original.py_forward#24#34,58668693/58668693_8_208455237.py_forward#22#32,58668693/58668693_8_208449389.py_forward#22#32,58668693/58668693_8_208419156.py_forward#22#32,58668693/58668693_8_208419010.py_forward#22#32,58668693/58668693_8_208417196.py_forward#22#32,58668693/58668693_8_208417051.py_forward#24#34,58668693/58668693_8_208416862.py_forward#24#34,58668693/58668693_8_208416416.py_forward#24#34,58668693/58668693_4_recent.py_forward#52#63,58668693/58668693_4_original.py_forward#52#63,58668693/58668693_4_208455237.py_forward#52#63,58668693/58668693_4_208449389.py_forward#52#63,58668693/58668693_4_208419156.py_forward#52#63,58668693/58668693_4_208419010.py_forward#52#63,58668693/58668693_4_208417196.py_forward#52#63,58668693/58668693_4_208417051.py_forward#53#64,58668693/58668693_4_208416862.py_forward#53#64,58668693/58668693_4_208416416.py_forward#52#63
/Users/chaiyong/Downloads/matcha/python_repos/ComfyUI/app/assets/api/routes.py__require_assets_feature_enabled#51#62,9620326/9620326_2_recent.py_protected#2#8,9620326/9620326_2_original.py_protected#2#8,9620326/9620326_2_21912375.py_protected#2#8,9620326/9620326_2_21912041.py_protected#2#8,9112590/9112590_2_recent.py_logging#2#7,9112590/9112590_2_original.py_logging#1#6,9112590/9112590_2_20681129.py_logging#2#7,9112590/9112590_2_20680678.py_logging#2#7,9112590/9112590_2_20653898.py_logging#2#7,9112590/9112590_2_20653122.py_logging#2#7,9112590/9112590_2_20652828.py_logging#2#7,9112590/9112590_2_20650278.py_logging#2#7,9112590/9112590_2_20647203.py_logging#2#7,9112590/9112590_2_20647007.py_logging#1#6,9112590/9112590_2_146200279.py_logging#2#7,845424/845424_4_recent.py_opener#3#8,845424/845424_4_original.py_opener#3#8,845424/845424_4_1633309.py_opener#3#8,8198226/8198226_2_recent.py_validecorator#129#139,8198226/8198226_2_original.py_validecorator#129#139,8198226/8198226_2_54253413.py_validecorator#129#139,8198226/8198226_2_18300966.py_validecorator#129#139,7899238/7899238_2_recent.py_jsonify#3#8,7899238/7899238_2_original.py_jsonify#3#8,7899238/7899238_2_17562202.py_jsonify#3#8,7899238/7899238_2_17556035.py_jsonify#3#8,7056374/7056374_2_recent.py_autorender#4#9,7056374/7056374_2_original.py_autorender#4#9,7056374/7056374_2_15484087.py_autorender#4#9,7056374/7056374_2_147111250.py_autorender#4#9,7004565/7004565_4_recent.py_decorator#20#26,7004565/7004565_4_original.py_decorator#20#26,7004565/7004565_4_15359552.py_decorator#20#26,7004565/7004565_2_15359442.py_decorator#20#26,7004565/7004565_2_15359329.py_decorator#20#26,7004565/7004565_2_15359285.py_decorator#20#26,64859066/64859066_2_recent.py_decorator#2#8,64859066/64859066_2_235019042.py_decorator#2#8,64820952/64820952_6_recent.py_authenticated#1#7,64820952/64820952_6_original.py_authenticated#1#7,64820952/64820952_6_234842046.py_authenticated#1#7,64820952/64820952_6_234841644.py_authenticated#1#7,64820952/64820952_2_recent.py_authenticated#1#7,64820952/64820952_2_original.py_authenticated#1#7,64820952/64820952_2_234842046.py_authenticated#1#7,64820952/64820952_2_234841644.py_authenticated#1#7,64751188/64751188_2_recent.py_validate_max#3#13,64751188/64751188_2_recent.py_validate_max#16#21,64751188/64751188_2_original.py_validate_max#3#13,64751188/64751188_2_234545194.py_validate_max#3#13,64751188/64751188_2_234545194.py_validate_max#16#21,64751188/64751188_2_234544695.py_validate_max#3#13,64729759/64729759_6_recent.py_my_decorator#1#6,64729759/64729759_6_original.py_my_decorator#1#6,64729759/64729759_6_234452990.py_my_decorator#1#6,64729759/64729759_6_234451967.py_my_decorator#1#6,64680223/64680223_2_recent.py_with_printing#2#8,64680223/64680223_2_234232326.py_with_printing#2#8,64489923/64489923_2_recent.py_not_all_none#2#11,64489923/64489923_2_original.py_not_all_none#1#9,64489923/64489923_2_233398288.py_not_all_none#2#11,64489923/64489923_2_233397987.py_not_all_none#1#9,64216534/64216534_2_recent.py_deco#13#18,64216534/64216534_2_232214098.py_deco#13#18,64216534/64216534_2_232213823.py_deco#13#18,63792624/63792624_2_recent.py_validated_content#2#10,63792624/63792624_2_original.py_validated_content#2#10,63792624/63792624_2_230400303.py_validated_content#2#10,63792624/63792624_2_230390645.py_validated_content#2#10,63772308/63772308_2_recent.py_print_name2#3#8,63772308/63772308_2_230312527.py_print_name2#3#8,63104367/63104367_4_recent.py_timer#1#13,63104367/63104367_4_original.py_timer#1#13,63104367/63104367_4_227478233.py_timer#1#13,63104367/63104367_4_227477969.py_timer#1#13,63104367/63104367_4_227477748.py_timer#1#13,63104367/63104367_2_227477497.py_timer#1#13,62931600/62931600_4_recent.py_timer#4#10,62931600/62931600_4_original.py_timer#4#10,62931600/62931600_4_226742850.py_timer#4#10,62437650/62437650_2_recent.py_timed#5#13,62437650/62437650_2_original.py_timed#5#13,62437650/62437650_2_224457255.py_timed#5#13,62437650/62437650_2_224313515.py_timed#5#13,6241505/6241505_2_recent.py_t_access#5#10,6241505/6241505_2_13555112.py_t_access#5#10,62353563/62353563_2_recent.py_debug_log#5#15,62353563/62353563_2_original.py_debug_log#5#14,62353563/62353563_2_223958323.py_debug_log#5#15,62353563/62353563_2_223957360.py_debug_log#5#14,62353563/62353563_2_223957175.py_debug_log#5#14,62189019/62189019_2_recent.py_selfy#3#17,62189019/62189019_2_original.py_selfy#3#14,62189019/62189019_2_223293093.py_selfy#3#17,62189019/62189019_2_223290034.py_selfy#3#16,62189019/62189019_2_223279414.py_selfy#3#16,62189019/62189019_2_223278888.py_selfy#3#14,61790791/61790791_4_recent.py_counter#1#7,61790791/61790791_4_original.py_counter#1#7,61790791/61790791_4_221606803.py_counter#1#7
/Users/chaiyong/Downloads/matcha/python_repos/ComfyUI/app/assets/api/routes.py_stream_file_chunks#343#350,39276476/39276476_2_recent.py_get_MD5#4#18,39276476/39276476_2_original.py_get_MD5#4#18,39276476/39276476_2_126220499.py_get_MD5#4#18,39276476/39276476_2_126218548.py_get_MD5#4#18,39276476/39276476_2_126218240.py_get_MD5#4#18
/Users/chaiyong/Downloads/matcha/python_repos/ComfyUI/tests/execution/testing_nodes/testing-pack/tools.py_VariantSupport#15#52,52335449/52335449_2_recent.py_check_ip#4#14,52335449/52335449_2_original.py_check_ip#10#19,52335449/52335449_2_181791883.py_check_ip#4#14,52335449/52335449_2_181784518.py_check_ip#10#20,52335449/52335449_2_181783993.py_check_ip#10#19,48035673/48035673_6_recent.py_lru_cache#1#12,48035673/48035673_6_original.py_lru_cache#1#12,48035673/48035673_6_163738219.py_lru_cache#1#12,47926195/47926195_12_recent.py_mock_decorator#4#10,47926195/47926195_12_original.py_mock_decorator#4#10,47926195/47926195_12_163269737.py_mock_decorator#4#10,47926195/47926195_12_163266520.py_mock_decorator#4#10,47926195/47926195_10_recent.py_mock_decorator#4#10,47926195/47926195_10_original.py_mock_decorator#4#10,47926195/47926195_10_163269737.py_mock_decorator#4#10,47926195/47926195_10_163266520.py_mock_decorator#4#10,42124332/42124332_2_recent.py_require_csrf#1#9,42124332/42124332_2_138080674.py_require_csrf#1#9,18920432/18920432_2_recent.py_workaround_func#1#8,18920432/18920432_2_original.py_workaround_func#1#8,18920432/18920432_2_47696112.py_workaround_func#1#8,18920432/18920432_2_230986930.py_workaround_func#1#8,11943372/11943372_4_recent.py_special_sauce_indeed#1#7,11943372/11943372_4_original.py_special_sauce_indeed#1#7,11943372/11943372_4_27946800.py_special_sauce_indeed#1#7,11943372/11943372_4_27946057.py_special_sauce_indeed#1#7,9397717/9397717_4_recent.py_foo_decorator#1#6,9397717/9397717_4_original.py_foo_decorator#1#6,9397717/9397717_4_21357598.py_foo_decorator#1#6,9397717/9397717_4_21357246.py_foo_decorator#1#6,9397717/9397717_4_102221142.py_foo_decorator#1#6,9397717/9397717_2_recent.py_foo_decorator#1#6,9397717/9397717_2_original.py_foo_decorator#1#6,9397717/9397717_2_21357598.py_foo_decorator#1#6,9397717/9397717_2_21357246.py_foo_decorator#1#6,9397717/9397717_2_102221142.py_foo_decorator#1#6,7004565/7004565_4_recent.py_log_and_call#19#27,7004565/7004565_4_original.py_log_and_call#19#27,7004565/7004565_4_15359552.py_log_and_call#19#27,7004565/7004565_2_15359442.py_log_and_call#19#27,7004565/7004565_2_15359329.py_log_and_call#19#27,7004565/7004565_2_15359285.py_log_and_call#19#27,660751/660751_2_original.py_cacheable#1#11,660751/660751_2_1137528.py_cacheable#1#11,63151753/63151753_2_recent.py__is_connected_decorator#2#9,63151753/63151753_2_original.py__is_connected_decorator#2#9,63151753/63151753_2_227677153.py__is_connected_decorator#2#9,63151753/63151753_2_227676577.py__is_connected_decorator#2#9,60408967/60408967_2_215767732.py_register#64#69,5929165/5929165_2_recent.py_decorator_factory#1#10,5929165/5929165_2_207475962.py_decorator_factory#1#10,5929165/5929165_2_202510010.py_decorator_factory#1#10,5929165/5929165_2_193108246.py_decorator_factory#1#10,59116118/59116118_1_recent.py_cooldown#1#16,59116118/59116118_1_original.py_cooldown#1#16,59116118/59116118_1_210284476.py_cooldown#1#16,59116118/59116118_1_210284268.py_cooldown#1#16,58598851/58598851_2_recent.py_save_result#7#21,58598851/58598851_2_original.py_save_result#7#21,58598851/58598851_2_208124976.py_save_result#7#21,58598851/58598851_2_208124393.py_save_result#7#21,58598851/58598851_2_208124019.py_save_result#7#21,57930081/57930081_1_recent.py_customauth#1#8,57930081/57930081_1_original.py_customauth#1#8,57930081/57930081_1_205321115.py_customauth#1#8,57930081/57930081_1_205320876.py_customauth#1#8,5764955/5764955_8_recent.py_argument_decorator#1#6,5764955/5764955_8_original.py_argument_decorator#1#6,5764955/5764955_8_12412355.py_argument_decorator#1#6,5764955/5764955_8_12412295.py_argument_decorator#1#6,56785098/56785098_2_recent.py_execute_in#4#11,56785098/56785098_2_original.py_execute_in#4#11,56785098/56785098_2_200469104.py_execute_in#4#11,56785098/56785098_2_200467024.py_execute_in#4#11,56151358/56151358_2_recent.py_some_decorator_with_arg#2#7,56151358/56151358_2_original.py_some_decorator_with_arg#2#7,56151358/56151358_2_197832465.py_some_decorator_with_arg#2#7,56151358/56151358_2_197786755.py_some_decorator_with_arg#2#7,55550684/55550684_2_recent.py_input_wrap_decorator#1#6,55550684/55550684_2_original.py_input_wrap_decorator#1#6,55550684/55550684_2_195253240.py_input_wrap_decorator#1#6,55550684/55550684_2_195250906.py_input_wrap_decorator#1#6,55224751/55224751_6_recent.py_call_after#1#7,55224751/55224751_6_original.py_call_after#1#7,55224751/55224751_6_193891081.py_call_after#1#7,55224751/55224751_6_193890726.py_call_after#1#7,55208788/55208788_4_recent.py_outter_decorator#2#8,55208788/55208788_4_194053520.py_outter_decorator#2#8,55208788/55208788_4_193816721.py_outter_decorator#2#8,55208788/55208788_2_original.py_deco_with_args#1#6,55208788/55208788_2_193815277.py_deco_with_args#1#6,54514410/54514410_6_recent.py_raise_if_outside_context#1#6,54514410/54514410_6_original.py_raise_if_outside_context#1#6,54514410/54514410_6_191075183.py_raise_if_outside_context#1#6,54514410/54514410_6_190909071.py_raise_if_outside_context#1#6,54437096/54437096_2_recent.py_create_data#2#13,54437096/54437096_2_original.py_create_data#2#13,54437096/54437096_2_190673529.py_create_data#2#13,54437096/54437096_2_190584558.py_create_data#2#13,54040916/54040916_2_recent.py_bind#6#12
/Users/chaiyong/Downloads/matcha/python_repos/ComfyUI/comfy_api_nodes/util/download_helpers.py__monitor#88#95,59331749/59331749_2_recent.py_count#6#12,59331749/59331749_2_original.py_count#6#12,59331749/59331749_2_211220785.py_count#6#12,59331749/59331749_2_211191448.py_count#6#12,48478856/48478856_4_original.py_report#1#7,48478856/48478856_4_165594723.py_report#1#7,48478856/48478856_4_165594414.py_report#1#7,48478856/48478856_4_165594126.py_report#1#7,35034115/35034115_6_recent.py_control#1#9,35034115/35034115_6_109763449.py_control#1#9,35034115/35034115_6_109744356.py_control#1#9,52938384/52938384_2_original.py_apply#13#40,52938384/52938384_2_184301511.py_apply#13#40,52938384/52938384_2_recent.py_apply#13#41,52938384/52938384_2_184426832.py_apply#13#41,52938384/52938384_2_184344018.py_apply#13#45,52938384/52938384_2_184330233.py_apply#13#45,52938384/52938384_2_184324035.py_apply#13#45
/Users/chaiyong/Downloads/matcha/python_repos/ComfyUI/comfy_extras/nodes_photomaker.py_forward#35#43,52327469/52327469_1_recent.py_forward#11#26,52327469/52327469_1_original.py_forward#11#26,52327469/52327469_1_181755170.py_forward#11#26,52327469/52327469_1_181751462.py_forward#11#26
/Users/chaiyong/Downloads/matcha/python_repos/ComfyUI/tests-unit/utils/extra_config_test.py_mock_expandvars_appdata#50#62,62360735/62360735_2_recent.py_test_f#5#18,62360735/62360735_2_224056787.py_test_f#5#18
/Users/chaiyong/Downloads/matcha/python_repos/ComfyUI/tests-unit/comfy_quant/test_mixed_precision.py_forward#29#35,63427964/63427964_2_recent.py_forward#5#11,63427964/63427964_2_original.py_forward#5#11,63427964/63427964_2_228845355.py_forward#5#11,63427964/63427964_2_228845086.py_forward#5#11
