/Users/chaiyong/Downloads/matcha/python_repos/langflow/src/lfx/tests/unit/components/models_and_agents/test_a2a_agent.py_do_GET#236#247,40594112/40594112_4_recent.py_wrapper#3#13,40594112/40594112_4_132635649.py_wrapper#3#13,3979708/3979708_2_recent.py_do_GET#4#19,3979708/3979708_2_original.py_do_GET#4#19,3979708/3979708_2_8362879.py_do_GET#4#19,3979708/3979708_2_8362005.py_do_GET#4#19,3291220/3291220_4_recent.py_do_GET#4#19,3291220/3291220_4_original.py_do_GET#4#19,3291220/3291220_4_7906628.py_do_GET#4#19,3291220/3291220_4_6834924.py_do_GET#4#19,28780062/28780062_4_recent.py_do_GET#1#34,28780062/28780062_4_original.py_do_GET#1#34,28780062/28780062_4_84818307.py_do_GET#1#34,28780062/28780062_4_84797635.py_do_GET#1#34,59477387/59477387_2_211826556.py_do_GET#12#49
/Users/chaiyong/Downloads/matcha/python_repos/langflow/src/lfx/src/lfx/utils/async_helpers.py_run_in_new_loop#38#44,55595696/55595696_2_recent.py_run#2#15,55595696/55595696_2_235810732.py_run#2#15
/Users/chaiyong/Downloads/matcha/python_repos/langflow/src/lfx/src/lfx/utils/concurrency.py_lock#24#30,6898329/6898329_4_15109027.py_locked#2#7,31120212/31120212_6_recent.py_f#17#24,31120212/31120212_6_93945976.py_f#17#24,31120212/31120212_6_93945735.py_f#17#24,10566458/10566458_2_recent.py_RealAppending#1#10,10566458/10566458_2_original.py_RealAppending#1#10,10566458/10566458_2_24342495.py_RealAppending#1#10,10566458/10566458_2_24342361.py_RealAppending#1#10,63425191/63425191_2_recent.py_async_lock#11#17,63425191/63425191_2_228855477.py_async_lock#11#17,63425191/63425191_2_228839472.py_async_lock#11#18,63425191/63425191_2_228839225.py_async_lock#10#17,63425191/63425191_2_228839006.py_async_lock#10#16,58725291/58725291_2_recent.py_worker_no_with#6#11,58725291/58725291_2_original.py_worker_no_with#6#11,58725291/58725291_2_208653373.py_worker_no_with#6#11,47492680/47492680_2_recent.py_some_function#2#7,47492680/47492680_2_original.py_some_function#8#13,47492680/47492680_2_224786035.py_some_function#2#7,47492680/47492680_2_161445000.py_some_function#8#13,40113774/40113774_2_recent.py_hello#8#18,40113774/40113774_2_original.py_hello#8#18,40113774/40113774_2_129594185.py_hello#8#18,40113774/40113774_2_129577404.py_hello#8#18,40113774/40113774_2_129575968.py_hello#8#18,41064737/41064737_1_recent.py_work#40#53,41064737/41064737_1_133498422.py_work#40#53,37317589/37317589_2_recent.py_main#25#59,37317589/37317589_2_original.py_main#25#59,37317589/37317589_2_120040732.py_main#25#59,37317589/37317589_2_118433758.py_main#25#59
/Users/chaiyong/Downloads/matcha/python_repos/langflow/src/lfx/src/lfx/utils/schemas.py___contains__#154#160,63887260/63887260_2_recent.py_correct#4#14,63887260/63887260_2_230893694.py_correct#4#14,61797304/61797304_4_recent.py___contains__#4#10,61797304/61797304_4_original.py___contains__#4#10,61797304/61797304_4_221633862.py___contains__#4#10,61797304/61797304_4_221632173.py___contains__#4#10,47308969/47308969_4_original.py_can_typecast#1#7,47308969/47308969_4_160674980.py_can_typecast#1#7,47308969/47308969_4_160674647.py_can_typecast#1#7,36676564/36676564_6_recent.py_isdigit#1#8,36676564/36676564_6_original.py_isdigit#1#8,36676564/36676564_6_115928125.py_isdigit#1#8,15357477/15357477_1_original.py_isfloat#1#7,15357477/15357477_1_37309187.py_isfloat#1#7,47308969/47308969_2_original.py_can_typecast#1#7,47308969/47308969_2_160674980.py_can_typecast#1#7,47308969/47308969_2_160674647.py_can_typecast#1#7,55778947/55778947_2_original.py_correct#5#12,55778947/55778947_2_196217056.py_correct#5#12,11859306/11859306_2_27725113.py_is_closed#1#8,52607108/52607108_2_recent.py_onValidate#17#57,52607108/52607108_2_original.py_onValidate#17#57,52607108/52607108_2_183057540.py_onValidate#17#57,52607108/52607108_2_183050014.py_onValidate#17#57,52607108/52607108_2_183031590.py_onValidate#17#57,52607108/52607108_2_182924147.py_onValidate#17#57,52607108/52607108_2_182921791.py_onValidate#17#57,37023136/37023136_6_recent.py_take_a_guess#1#20,37023136/37023136_6_original.py_take_a_guess#1#20,37023136/37023136_6_117273346.py_take_a_guess#1#20,62362618/62362618_2_recent.py_setData#58#73,62362618/62362618_2_recent.py_setData#181#196,62362618/62362618_2_original.py_setData#58#73,62362618/62362618_2_224052501.py_setData#58#73,62362618/62362618_2_224052501.py_setData#181#196,62362618/62362618_2_224005542.py_setData#58#73,62362618/62362618_2_224005257.py_setData#58#73,52607108/52607108_4_original.py_onValidate#16#112,52607108/52607108_4_183031590.py_onValidate#16#112,52607108/52607108_4_recent.py_onValidate_Float#16#126,52607108/52607108_4_183057540.py_onValidate_Float#16#126,52607108/52607108_4_183050014.py_onValidate_Numeric#16#126
/Users/chaiyong/Downloads/matcha/python_repos/langflow/src/lfx/src/lfx/components/processing/operations.py_remove_keys_recursive#853#862,39376926/39376926_2_recent.py_recursively_prune_dict_keys#8#14,39376926/39376926_2_original.py_recursively_prune_dict_keys#8#14,39376926/39376926_2_126624056.py_recursively_prune_dict_keys#8#14,39376926/39376926_2_126623264.py_recursively_prune_dict_keys#8#14
/Users/chaiyong/Downloads/matcha/python_repos/langflow/src/lfx/src/lfx/components/processing/data_operations.py_remove_keys_recursive#102#111,39376926/39376926_2_recent.py_recursively_prune_dict_keys#8#14,39376926/39376926_2_original.py_recursively_prune_dict_keys#8#14,39376926/39376926_2_126624056.py_recursively_prune_dict_keys#8#14,39376926/39376926_2_126623264.py_recursively_prune_dict_keys#8#14
/Users/chaiyong/Downloads/matcha/python_repos/langflow/src/lfx/src/lfx/base/data/docling_utils.py__unwrap_secrets#170#177,45151832/45151832_2_151798974.py_replace_keys#2#9,63455796/63455796_2_recent.py__preprocess_date#10#17,63455796/63455796_2_original.py__preprocess_date#10#17,63455796/63455796_2_229007111.py__preprocess_date#10#17,63455796/63455796_2_228962771.py__preprocess_date#10#17
/Users/chaiyong/Downloads/matcha/python_repos/langflow/src/lfx/src/lfx/services/cache/utils.py_create_cache_folder#29#39,9112590/9112590_2_recent.py_logging#2#7,9112590/9112590_2_original.py_logging#1#6,9112590/9112590_2_20681129.py_logging#2#7,9112590/9112590_2_20680678.py_logging#2#7,9112590/9112590_2_20653898.py_logging#2#7,9112590/9112590_2_20653122.py_logging#2#7,9112590/9112590_2_20652828.py_logging#2#7,9112590/9112590_2_20650278.py_logging#2#7,9112590/9112590_2_20647203.py_logging#2#7,9112590/9112590_2_20647007.py_logging#1#6,9112590/9112590_2_146200279.py_logging#2#7,8198226/8198226_2_recent.py_validecorator#129#139,8198226/8198226_2_original.py_validecorator#129#139,8198226/8198226_2_54253413.py_validecorator#129#139,8198226/8198226_2_18300966.py_validecorator#129#139,7056374/7056374_2_recent.py_autorender#4#9,7056374/7056374_2_original.py_autorender#4#9,7056374/7056374_2_15484087.py_autorender#4#9,7056374/7056374_2_147111250.py_autorender#4#9,7004565/7004565_4_recent.py_decorator#20#26,7004565/7004565_4_original.py_decorator#20#26,7004565/7004565_4_15359552.py_decorator#20#26,7004565/7004565_2_15359442.py_decorator#20#26,7004565/7004565_2_15359329.py_decorator#20#26,7004565/7004565_2_15359285.py_decorator#20#26,64751188/64751188_2_recent.py_validate_max#3#13,64751188/64751188_2_recent.py_validate_max#16#21,64751188/64751188_2_original.py_validate_max#3#13,64751188/64751188_2_234545194.py_validate_max#3#13,64751188/64751188_2_234545194.py_validate_max#16#21,64751188/64751188_2_234544695.py_validate_max#3#13,64729759/64729759_6_recent.py_my_decorator#1#6,64729759/64729759_6_original.py_my_decorator#1#6,64729759/64729759_6_234452990.py_my_decorator#1#6,64729759/64729759_6_234451967.py_my_decorator#1#6,64680223/64680223_2_recent.py_with_printing#2#8,64680223/64680223_2_234232326.py_with_printing#2#8,64216534/64216534_2_recent.py_deco#13#18,64216534/64216534_2_232214098.py_deco#13#18,64216534/64216534_2_232213823.py_deco#13#18,63792624/63792624_2_recent.py_validated_content#2#10,63792624/63792624_2_original.py_validated_content#2#10,63792624/63792624_2_230400303.py_validated_content#2#10,63792624/63792624_2_230390645.py_validated_content#2#10,63104367/63104367_4_recent.py_timer#1#13,63104367/63104367_4_original.py_timer#1#13,63104367/63104367_4_227478233.py_timer#1#13,63104367/63104367_4_227477969.py_timer#1#13,63104367/63104367_4_227477748.py_timer#1#13,63104367/63104367_2_227477497.py_timer#1#13,62437650/62437650_2_recent.py_timed#5#13,62437650/62437650_2_original.py_timed#5#13,62437650/62437650_2_224457255.py_timed#5#13,62437650/62437650_2_224313515.py_timed#5#13,62189019/62189019_2_recent.py_selfy#3#17,62189019/62189019_2_original.py_selfy#3#14,62189019/62189019_2_223293093.py_selfy#3#17,62189019/62189019_2_223290034.py_selfy#3#16,62189019/62189019_2_223279414.py_selfy#3#16,62189019/62189019_2_223278888.py_selfy#3#14,61790791/61790791_4_recent.py_counter#1#7,61790791/61790791_4_original.py_counter#1#7,61790791/61790791_4_221606803.py_counter#1#7,61790791/61790791_4_221606466.py_counter#1#7,61790791/61790791_4_221606083.py_counter#1#7,61696640/61696640_4_recent.py_uppercase#3#9,61696640/61696640_4_original.py_uppercase#3#9,61696640/61696640_4_221224748.py_uppercase#3#9,61696640/61696640_4_221223425.py_uppercase#3#9,61648262/61648262_2_recent.py_time_func#3#9,61648262/61648262_2_original.py_time_func#2#8,61648262/61648262_2_221012015.py_time_func#3#9,61648262/61648262_2_221011429.py_time_func#2#8,61612995/61612995_2_recent.py_throttle#7#19,61612995/61612995_2_original.py_throttle#7#17,61612995/61612995_2_220870974.py_throttle#7#19,61612995/61612995_2_220868233.py_throttle#7#17,61532391/61532391_2_recent.py_decorator#8#21,61532391/61532391_2_220531634.py_decorator#8#21,61083295/61083295_2_recent.py_inspect#2#13,61083295/61083295_2_original.py_inspect#2#13,61083295/61083295_2_218650959.py_inspect#2#13,61083295/61083295_2_218650454.py_inspect#2#13,61083295/61083295_2_218650056.py_inspect#2#13,61062457/61062457_2_recent.py_time_this#11#19,61062457/61062457_2_original.py_time_this#12#21,61062457/61062457_2_218581149.py_time_this#11#19,61062457/61062457_2_218574314.py_time_this#11#19,61062457/61062457_2_218573919.py_time_this#11#19,61062457/61062457_2_218563499.py_time_this#12#21,60974965/60974965_4_recent.py_decorator#2#8,60974965/60974965_4_original.py_decorator#2#8,60974965/60974965_4_218188831.py_decorator#2#8,60974965/60974965_2_recent.py_mock_registration#1#7,60974965/60974965_2_original.py_mock_registration#1#8,60974965/60974965_2_218188831.py_mock_registration#1#7,60974965/60974965_2_218188206.py_mock_registration#1#8,60740375/60740375_4_original.py_decorator#3#11,60740375/60740375_2_217177425.py_decorator#3#11,60740375/60740375_2_217172776.py_decorator#3#11
/Users/chaiyong/Downloads/matcha/python_repos/langflow/src/backend/tests/unit/test_redis_job_queue_service.py__internal_work#2001#2007,59436418/59436418_2_recent.py_infinite#5#24,59436418/59436418_2_original.py_infinite#5#24,59436418/59436418_2_211656883.py_infinite#5#24,59436418/59436418_2_211651104.py_infinite#5#24
/Users/chaiyong/Downloads/matcha/python_repos/langflow/src/backend/tests/unit/test_redis_job_queue_service.py__build#2561#2567,53724990/53724990_4_recent.py_worker#33#51,53724990/53724990_4_original.py_worker#33#51,53724990/53724990_4_187604155.py_worker#33#51,53724990/53724990_4_187603538.py_worker#34#52,53724990/53724990_4_187603004.py_worker#33#51,53724990/53724990_4_recent.py_saver#53#71,53724990/53724990_4_original.py_saver#54#72,53724990/53724990_4_187604155.py_saver#53#71,53724990/53724990_4_187603538.py_saver#54#72,53724990/53724990_4_187603004.py_saver#54#72
/Users/chaiyong/Downloads/matcha/python_repos/langflow/src/backend/tests/unit/test_redis_job_queue_service.py__build#2858#2864,53724990/53724990_4_recent.py_worker#33#51,53724990/53724990_4_original.py_worker#33#51,53724990/53724990_4_187604155.py_worker#33#51,53724990/53724990_4_187603538.py_worker#34#52,53724990/53724990_4_187603004.py_worker#33#51,53724990/53724990_4_recent.py_saver#53#71,53724990/53724990_4_original.py_saver#54#72,53724990/53724990_4_187604155.py_saver#53#71,53724990/53724990_4_187603538.py_saver#54#72,53724990/53724990_4_187603004.py_saver#54#72
/Users/chaiyong/Downloads/matcha/python_repos/langflow/src/backend/tests/unit/services/background_execution/test_executor.py_work#54#60,62301096/62301096_2_recent.py_body#26#34,62301096/62301096_2_original.py_body#26#34,62301096/62301096_2_223799448.py_body#26#34,54005822/54005822_2_189023916.py_work#12#19,59436418/59436418_2_recent.py_infinite#5#24,59436418/59436418_2_original.py_infinite#5#24,59436418/59436418_2_211656883.py_infinite#5#24,59436418/59436418_2_211651104.py_infinite#5#24,53724990/53724990_4_recent.py_worker#33#51,53724990/53724990_4_original.py_worker#33#51,53724990/53724990_4_187604155.py_worker#33#51,53724990/53724990_4_187603538.py_worker#34#52,53724990/53724990_4_187603004.py_worker#33#51,53724990/53724990_4_recent.py_saver#53#71,53724990/53724990_4_original.py_saver#54#72,53724990/53724990_4_187604155.py_saver#53#71,53724990/53724990_4_187603538.py_saver#54#72,53724990/53724990_4_187603004.py_saver#54#72
/Users/chaiyong/Downloads/matcha/python_repos/langflow/src/backend/tests/unit/test_messages.py_rollback#194#200,59436418/59436418_2_recent.py_infinite#5#24,59436418/59436418_2_original.py_infinite#5#24,59436418/59436418_2_211656883.py_infinite#5#24,59436418/59436418_2_211651104.py_infinite#5#24
/Users/chaiyong/Downloads/matcha/python_repos/langflow/src/backend/base/langflow/utils/schemas.py___contains__#131#137,63887260/63887260_2_recent.py_correct#4#14,63887260/63887260_2_230893694.py_correct#4#14,61797304/61797304_4_recent.py___contains__#4#10,61797304/61797304_4_original.py___contains__#4#10,61797304/61797304_4_221633862.py___contains__#4#10,61797304/61797304_4_221632173.py___contains__#4#10,47308969/47308969_4_original.py_can_typecast#1#7,47308969/47308969_4_160674980.py_can_typecast#1#7,47308969/47308969_4_160674647.py_can_typecast#1#7,36676564/36676564_6_recent.py_isdigit#1#8,36676564/36676564_6_original.py_isdigit#1#8,36676564/36676564_6_115928125.py_isdigit#1#8,15357477/15357477_1_original.py_isfloat#1#7,15357477/15357477_1_37309187.py_isfloat#1#7,47308969/47308969_2_original.py_can_typecast#1#7,47308969/47308969_2_160674980.py_can_typecast#1#7,47308969/47308969_2_160674647.py_can_typecast#1#7,55778947/55778947_2_original.py_correct#5#12,55778947/55778947_2_196217056.py_correct#5#12,11859306/11859306_2_27725113.py_is_closed#1#8,52607108/52607108_2_recent.py_onValidate#17#57,52607108/52607108_2_original.py_onValidate#17#57,52607108/52607108_2_183057540.py_onValidate#17#57,52607108/52607108_2_183050014.py_onValidate#17#57,52607108/52607108_2_183031590.py_onValidate#17#57,52607108/52607108_2_182924147.py_onValidate#17#57,52607108/52607108_2_182921791.py_onValidate#17#57,37023136/37023136_6_recent.py_take_a_guess#1#20,37023136/37023136_6_original.py_take_a_guess#1#20,37023136/37023136_6_117273346.py_take_a_guess#1#20,62362618/62362618_2_recent.py_setData#58#73,62362618/62362618_2_recent.py_setData#181#196,62362618/62362618_2_original.py_setData#58#73,62362618/62362618_2_224052501.py_setData#58#73,62362618/62362618_2_224052501.py_setData#181#196,62362618/62362618_2_224005542.py_setData#58#73,62362618/62362618_2_224005257.py_setData#58#73,52607108/52607108_4_original.py_onValidate#16#112,52607108/52607108_4_183031590.py_onValidate#16#112,52607108/52607108_4_recent.py_onValidate_Float#16#126,52607108/52607108_4_183057540.py_onValidate_Float#16#126,52607108/52607108_4_183050014.py_onValidate_Numeric#16#126
/Users/chaiyong/Downloads/matcha/python_repos/langflow/src/backend/base/langflow/alembic/versions/c3e7a1b9d2f4_normalize_legacy_uppercase_span_enum_labels.py_downgrade#134#140,62577297/62577297_4_recent.py_bug_repr#3#9,62577297/62577297_4_original.py_bug_repr#3#9,62577297/62577297_4_228136542.py_bug_repr#3#9,62577297/62577297_4_225231259.py_bug_repr#3#9,62577297/62577297_2_recent.py_bug_repr#3#9,62577297/62577297_2_original.py_bug_repr#3#9,62577297/62577297_2_228136542.py_bug_repr#3#9,62577297/62577297_2_225231259.py_bug_repr#3#9,55880927/55880927_2_recent.py_close#101#110,55880927/55880927_2_196697698.py_close#101#110,55880927/55880927_2_196683865.py_close#105#114,55880927/55880927_2_196648440.py_close#117#126,55880927/55880927_2_196647709.py_close#117#126,55880927/55880927_2_196647253.py_close#117#126,55880927/55880927_2_196646469.py_close#117#126,55880927/55880927_2_196646095.py_close#117#126,53818255/53818255_2_187993046.py__traverse_html#6#15,53818255/53818255_2_187992084.py__traverse_html#6#15,53818255/53818255_2_original.py__traverse_html#6#14,53818255/53818255_2_187991714.py__traverse_html#6#14,53818255/53818255_2_recent.py__traverse_html#7#18,53818255/53818255_2_187996377.py__traverse_html#7#18,45502319/45502319_2_185456188.py_acquire#53#78,45502319/45502319_2_recent.py_acquire#53#79,45502319/45502319_2_210304682.py_acquire#53#79,45502319/45502319_2_185456765.py_acquire#53#79,45502319/45502319_2_185456385.py_acquire#53#79
/Users/chaiyong/Downloads/matcha/python_repos/langflow/src/backend/base/langflow/services/cache/utils.py_create_cache_folder#21#31,9112590/9112590_2_recent.py_logging#2#7,9112590/9112590_2_original.py_logging#1#6,9112590/9112590_2_20681129.py_logging#2#7,9112590/9112590_2_20680678.py_logging#2#7,9112590/9112590_2_20653898.py_logging#2#7,9112590/9112590_2_20653122.py_logging#2#7,9112590/9112590_2_20652828.py_logging#2#7,9112590/9112590_2_20650278.py_logging#2#7,9112590/9112590_2_20647203.py_logging#2#7,9112590/9112590_2_20647007.py_logging#1#6,9112590/9112590_2_146200279.py_logging#2#7,8198226/8198226_2_recent.py_validecorator#129#139,8198226/8198226_2_original.py_validecorator#129#139,8198226/8198226_2_54253413.py_validecorator#129#139,8198226/8198226_2_18300966.py_validecorator#129#139,7056374/7056374_2_recent.py_autorender#4#9,7056374/7056374_2_original.py_autorender#4#9,7056374/7056374_2_15484087.py_autorender#4#9,7056374/7056374_2_147111250.py_autorender#4#9,7004565/7004565_4_recent.py_decorator#20#26,7004565/7004565_4_original.py_decorator#20#26,7004565/7004565_4_15359552.py_decorator#20#26,7004565/7004565_2_15359442.py_decorator#20#26,7004565/7004565_2_15359329.py_decorator#20#26,7004565/7004565_2_15359285.py_decorator#20#26,64751188/64751188_2_recent.py_validate_max#3#13,64751188/64751188_2_recent.py_validate_max#16#21,64751188/64751188_2_original.py_validate_max#3#13,64751188/64751188_2_234545194.py_validate_max#3#13,64751188/64751188_2_234545194.py_validate_max#16#21,64751188/64751188_2_234544695.py_validate_max#3#13,64729759/64729759_6_recent.py_my_decorator#1#6,64729759/64729759_6_original.py_my_decorator#1#6,64729759/64729759_6_234452990.py_my_decorator#1#6,64729759/64729759_6_234451967.py_my_decorator#1#6,64680223/64680223_2_recent.py_with_printing#2#8,64680223/64680223_2_234232326.py_with_printing#2#8,64216534/64216534_2_recent.py_deco#13#18,64216534/64216534_2_232214098.py_deco#13#18,64216534/64216534_2_232213823.py_deco#13#18,63792624/63792624_2_recent.py_validated_content#2#10,63792624/63792624_2_original.py_validated_content#2#10,63792624/63792624_2_230400303.py_validated_content#2#10,63792624/63792624_2_230390645.py_validated_content#2#10,63104367/63104367_4_recent.py_timer#1#13,63104367/63104367_4_original.py_timer#1#13,63104367/63104367_4_227478233.py_timer#1#13,63104367/63104367_4_227477969.py_timer#1#13,63104367/63104367_4_227477748.py_timer#1#13,63104367/63104367_2_227477497.py_timer#1#13,62437650/62437650_2_recent.py_timed#5#13,62437650/62437650_2_original.py_timed#5#13,62437650/62437650_2_224457255.py_timed#5#13,62437650/62437650_2_224313515.py_timed#5#13,62189019/62189019_2_recent.py_selfy#3#17,62189019/62189019_2_original.py_selfy#3#14,62189019/62189019_2_223293093.py_selfy#3#17,62189019/62189019_2_223290034.py_selfy#3#16,62189019/62189019_2_223279414.py_selfy#3#16,62189019/62189019_2_223278888.py_selfy#3#14,61790791/61790791_4_recent.py_counter#1#7,61790791/61790791_4_original.py_counter#1#7,61790791/61790791_4_221606803.py_counter#1#7,61790791/61790791_4_221606466.py_counter#1#7,61790791/61790791_4_221606083.py_counter#1#7,61696640/61696640_4_recent.py_uppercase#3#9,61696640/61696640_4_original.py_uppercase#3#9,61696640/61696640_4_221224748.py_uppercase#3#9,61696640/61696640_4_221223425.py_uppercase#3#9,61648262/61648262_2_recent.py_time_func#3#9,61648262/61648262_2_original.py_time_func#2#8,61648262/61648262_2_221012015.py_time_func#3#9,61648262/61648262_2_221011429.py_time_func#2#8,61612995/61612995_2_recent.py_throttle#7#19,61612995/61612995_2_original.py_throttle#7#17,61612995/61612995_2_220870974.py_throttle#7#19,61612995/61612995_2_220868233.py_throttle#7#17,61532391/61532391_2_recent.py_decorator#8#21,61532391/61532391_2_220531634.py_decorator#8#21,61083295/61083295_2_recent.py_inspect#2#13,61083295/61083295_2_original.py_inspect#2#13,61083295/61083295_2_218650959.py_inspect#2#13,61083295/61083295_2_218650454.py_inspect#2#13,61083295/61083295_2_218650056.py_inspect#2#13,61062457/61062457_2_recent.py_time_this#11#19,61062457/61062457_2_original.py_time_this#12#21,61062457/61062457_2_218581149.py_time_this#11#19,61062457/61062457_2_218574314.py_time_this#11#19,61062457/61062457_2_218573919.py_time_this#11#19,61062457/61062457_2_218563499.py_time_this#12#21,60974965/60974965_4_recent.py_decorator#2#8,60974965/60974965_4_original.py_decorator#2#8,60974965/60974965_4_218188831.py_decorator#2#8,60974965/60974965_2_recent.py_mock_registration#1#7,60974965/60974965_2_original.py_mock_registration#1#8,60974965/60974965_2_218188831.py_mock_registration#1#7,60974965/60974965_2_218188206.py_mock_registration#1#8,60740375/60740375_4_original.py_decorator#3#11,60740375/60740375_2_217177425.py_decorator#3#11,60740375/60740375_2_217172776.py_decorator#3#11
/Users/chaiyong/Downloads/matcha/python_repos/langflow/src/bundles/oracle/src/lfx_oracle/components/oracle/oraclevs.py_normalize_search_result#33#42,39235373/39235373_2_recent.py_unpack#10#20,39235373/39235373_2_original.py_unpack#10#20,39235373/39235373_2_156336828.py_unpack#10#20,39235373/39235373_2_146320905.py_unpack#10#20,39235373/39235373_2_144352446.py_unpack#10#20,39235373/39235373_2_126204150.py_unpack#10#20,39235373/39235373_2_126203426.py_unpack#10#20,39235373/39235373_2_126202442.py_unpack#10#20,39235373/39235373_2_126073418.py_unpack#10#20,39235373/39235373_2_126057190.py_unpack#10#20
/Users/chaiyong/Downloads/matcha/python_repos/langflow/src/bundles/lfx-bundles/src/lfx_bundles/apify/apify_actor.py_items#316#322,38853421/38853421_2_recent.py_items#5#11,38853421/38853421_2_original.py_items#5#11,38853421/38853421_2_143047563.py_items#5#11,38853421/38853421_2_124535006.py_items#5#11,14616927/14616927_2_recent.py_items#14#20,14616927/14616927_2_original.py_items#11#17,14616927/14616927_2_35721100.py_items#14#20,14616927/14616927_2_35262022.py_items#14#20,14616927/14616927_2_35261906.py_items#11#17,14616927/14616927_2_35261687.py_items#11#17,14616927/14616927_2_35261506.py_items#11#17
