/Users/chaiyong/Downloads/matcha/python_repos/transformers/tests/test_tokenization_common.py_use_cache_if_possible#88#118,9112590/9112590_2_recent.py_logging#2#7,9112590/9112590_2_original.py_logging#1#6,9112590/9112590_2_20681129.py_logging#2#7,9112590/9112590_2_20680678.py_logging#2#7,9112590/9112590_2_20653898.py_logging#2#7,9112590/9112590_2_20653122.py_logging#2#7,9112590/9112590_2_20652828.py_logging#2#7,9112590/9112590_2_20650278.py_logging#2#7,9112590/9112590_2_20647203.py_logging#2#7,9112590/9112590_2_20647007.py_logging#1#6,9112590/9112590_2_146200279.py_logging#2#7,8198226/8198226_2_recent.py_validecorator#129#139,8198226/8198226_2_original.py_validecorator#129#139,8198226/8198226_2_54253413.py_validecorator#129#139,8198226/8198226_2_18300966.py_validecorator#129#139,7056374/7056374_2_recent.py_autorender#4#9,7056374/7056374_2_original.py_autorender#4#9,7056374/7056374_2_15484087.py_autorender#4#9,7056374/7056374_2_147111250.py_autorender#4#9,7004565/7004565_4_recent.py_decorator#20#26,7004565/7004565_4_original.py_decorator#20#26,7004565/7004565_4_15359552.py_decorator#20#26,7004565/7004565_2_15359442.py_decorator#20#26,7004565/7004565_2_15359329.py_decorator#20#26,7004565/7004565_2_15359285.py_decorator#20#26,64751188/64751188_2_recent.py_validate_max#3#13,64751188/64751188_2_recent.py_validate_max#16#21,64751188/64751188_2_original.py_validate_max#3#13,64751188/64751188_2_234545194.py_validate_max#3#13,64751188/64751188_2_234545194.py_validate_max#16#21,64751188/64751188_2_234544695.py_validate_max#3#13,64729759/64729759_6_recent.py_my_decorator#1#6,64729759/64729759_6_original.py_my_decorator#1#6,64729759/64729759_6_234452990.py_my_decorator#1#6,64729759/64729759_6_234451967.py_my_decorator#1#6,64680223/64680223_2_recent.py_with_printing#2#8,64680223/64680223_2_234232326.py_with_printing#2#8,64216534/64216534_2_recent.py_deco#13#18,64216534/64216534_2_232214098.py_deco#13#18,64216534/64216534_2_232213823.py_deco#13#18,63792624/63792624_2_recent.py_validated_content#2#10,63792624/63792624_2_original.py_validated_content#2#10,63792624/63792624_2_230400303.py_validated_content#2#10,63792624/63792624_2_230390645.py_validated_content#2#10,63104367/63104367_4_recent.py_timer#1#13,63104367/63104367_4_original.py_timer#1#13,63104367/63104367_4_227478233.py_timer#1#13,63104367/63104367_4_227477969.py_timer#1#13,63104367/63104367_4_227477748.py_timer#1#13,63104367/63104367_2_227477497.py_timer#1#13,62437650/62437650_2_recent.py_timed#5#13,62437650/62437650_2_original.py_timed#5#13,62437650/62437650_2_224457255.py_timed#5#13,62437650/62437650_2_224313515.py_timed#5#13,62189019/62189019_2_recent.py_selfy#3#17,62189019/62189019_2_original.py_selfy#3#14,62189019/62189019_2_223293093.py_selfy#3#17,62189019/62189019_2_223290034.py_selfy#3#16,62189019/62189019_2_223279414.py_selfy#3#16,62189019/62189019_2_223278888.py_selfy#3#14,61790791/61790791_4_recent.py_counter#1#7,61790791/61790791_4_original.py_counter#1#7,61790791/61790791_4_221606803.py_counter#1#7,61790791/61790791_4_221606466.py_counter#1#7,61790791/61790791_4_221606083.py_counter#1#7,61696640/61696640_4_recent.py_uppercase#3#9,61696640/61696640_4_original.py_uppercase#3#9,61696640/61696640_4_221224748.py_uppercase#3#9,61696640/61696640_4_221223425.py_uppercase#3#9,61648262/61648262_2_recent.py_time_func#3#9,61648262/61648262_2_original.py_time_func#2#8,61648262/61648262_2_221012015.py_time_func#3#9,61648262/61648262_2_221011429.py_time_func#2#8,61612995/61612995_2_recent.py_throttle#7#19,61612995/61612995_2_original.py_throttle#7#17,61612995/61612995_2_220870974.py_throttle#7#19,61612995/61612995_2_220868233.py_throttle#7#17,61532391/61532391_2_recent.py_decorator#8#21,61532391/61532391_2_220531634.py_decorator#8#21,61083295/61083295_2_recent.py_inspect#2#13,61083295/61083295_2_original.py_inspect#2#13,61083295/61083295_2_218650959.py_inspect#2#13,61083295/61083295_2_218650454.py_inspect#2#13,61083295/61083295_2_218650056.py_inspect#2#13,61062457/61062457_2_recent.py_time_this#11#19,61062457/61062457_2_original.py_time_this#12#21,61062457/61062457_2_218581149.py_time_this#11#19,61062457/61062457_2_218574314.py_time_this#11#19,61062457/61062457_2_218573919.py_time_this#11#19,61062457/61062457_2_218563499.py_time_this#12#21,60974965/60974965_4_recent.py_decorator#2#8,60974965/60974965_4_original.py_decorator#2#8,60974965/60974965_4_218188831.py_decorator#2#8,60974965/60974965_2_recent.py_mock_registration#1#7,60974965/60974965_2_original.py_mock_registration#1#8,60974965/60974965_2_218188831.py_mock_registration#1#7,60974965/60974965_2_218188206.py_mock_registration#1#8,60740375/60740375_4_original.py_decorator#3#11,60740375/60740375_2_217177425.py_decorator#3#11,60740375/60740375_2_217172776.py_decorator#3#11
/Users/chaiyong/Downloads/matcha/python_repos/transformers/tests/test_tensor_parallel_mixin.py__init_distributed_inner#123#137,9112590/9112590_2_recent.py_logging#2#7,9112590/9112590_2_original.py_logging#1#6,9112590/9112590_2_20681129.py_logging#2#7,9112590/9112590_2_20680678.py_logging#2#7,9112590/9112590_2_20653898.py_logging#2#7,9112590/9112590_2_20653122.py_logging#2#7,9112590/9112590_2_20652828.py_logging#2#7,9112590/9112590_2_20650278.py_logging#2#7,9112590/9112590_2_20647203.py_logging#2#7,9112590/9112590_2_20647007.py_logging#1#6,9112590/9112590_2_146200279.py_logging#2#7,8198226/8198226_2_recent.py_validecorator#129#139,8198226/8198226_2_original.py_validecorator#129#139,8198226/8198226_2_54253413.py_validecorator#129#139,8198226/8198226_2_18300966.py_validecorator#129#139,7056374/7056374_2_recent.py_autorender#4#9,7056374/7056374_2_original.py_autorender#4#9,7056374/7056374_2_15484087.py_autorender#4#9,7056374/7056374_2_147111250.py_autorender#4#9,7004565/7004565_4_recent.py_decorator#20#26,7004565/7004565_4_original.py_decorator#20#26,7004565/7004565_4_15359552.py_decorator#20#26,7004565/7004565_2_15359442.py_decorator#20#26,7004565/7004565_2_15359329.py_decorator#20#26,7004565/7004565_2_15359285.py_decorator#20#26,64751188/64751188_2_recent.py_validate_max#3#13,64751188/64751188_2_recent.py_validate_max#16#21,64751188/64751188_2_original.py_validate_max#3#13,64751188/64751188_2_234545194.py_validate_max#3#13,64751188/64751188_2_234545194.py_validate_max#16#21,64751188/64751188_2_234544695.py_validate_max#3#13,64729759/64729759_6_recent.py_my_decorator#1#6,64729759/64729759_6_original.py_my_decorator#1#6,64729759/64729759_6_234452990.py_my_decorator#1#6,64729759/64729759_6_234451967.py_my_decorator#1#6,64680223/64680223_2_recent.py_with_printing#2#8,64680223/64680223_2_234232326.py_with_printing#2#8,64216534/64216534_2_recent.py_deco#13#18,64216534/64216534_2_232214098.py_deco#13#18,64216534/64216534_2_232213823.py_deco#13#18,63792624/63792624_2_recent.py_validated_content#2#10,63792624/63792624_2_original.py_validated_content#2#10,63792624/63792624_2_230400303.py_validated_content#2#10,63792624/63792624_2_230390645.py_validated_content#2#10,63104367/63104367_4_recent.py_timer#1#13,63104367/63104367_4_original.py_timer#1#13,63104367/63104367_4_227478233.py_timer#1#13,63104367/63104367_4_227477969.py_timer#1#13,63104367/63104367_4_227477748.py_timer#1#13,63104367/63104367_2_227477497.py_timer#1#13,62437650/62437650_2_recent.py_timed#5#13,62437650/62437650_2_original.py_timed#5#13,62437650/62437650_2_224457255.py_timed#5#13,62437650/62437650_2_224313515.py_timed#5#13,62189019/62189019_2_recent.py_selfy#3#17,62189019/62189019_2_original.py_selfy#3#14,62189019/62189019_2_223293093.py_selfy#3#17,62189019/62189019_2_223290034.py_selfy#3#16,62189019/62189019_2_223279414.py_selfy#3#16,62189019/62189019_2_223278888.py_selfy#3#14,61790791/61790791_4_recent.py_counter#1#7,61790791/61790791_4_original.py_counter#1#7,61790791/61790791_4_221606803.py_counter#1#7,61790791/61790791_4_221606466.py_counter#1#7,61790791/61790791_4_221606083.py_counter#1#7,61696640/61696640_4_recent.py_uppercase#3#9,61696640/61696640_4_original.py_uppercase#3#9,61696640/61696640_4_221224748.py_uppercase#3#9,61696640/61696640_4_221223425.py_uppercase#3#9,61648262/61648262_2_recent.py_time_func#3#9,61648262/61648262_2_original.py_time_func#2#8,61648262/61648262_2_221012015.py_time_func#3#9,61648262/61648262_2_221011429.py_time_func#2#8,61612995/61612995_2_recent.py_throttle#7#19,61612995/61612995_2_original.py_throttle#7#17,61612995/61612995_2_220870974.py_throttle#7#19,61612995/61612995_2_220868233.py_throttle#7#17,61532391/61532391_2_recent.py_decorator#8#21,61532391/61532391_2_220531634.py_decorator#8#21,61083295/61083295_2_recent.py_inspect#2#13,61083295/61083295_2_original.py_inspect#2#13,61083295/61083295_2_218650959.py_inspect#2#13,61083295/61083295_2_218650454.py_inspect#2#13,61083295/61083295_2_218650056.py_inspect#2#13,61062457/61062457_2_recent.py_time_this#11#19,61062457/61062457_2_original.py_time_this#12#21,61062457/61062457_2_218581149.py_time_this#11#19,61062457/61062457_2_218574314.py_time_this#11#19,61062457/61062457_2_218573919.py_time_this#11#19,61062457/61062457_2_218563499.py_time_this#12#21,60974965/60974965_4_recent.py_decorator#2#8,60974965/60974965_4_original.py_decorator#2#8,60974965/60974965_4_218188831.py_decorator#2#8,60974965/60974965_2_recent.py_mock_registration#1#7,60974965/60974965_2_original.py_mock_registration#1#8,60974965/60974965_2_218188831.py_mock_registration#1#7,60974965/60974965_2_218188206.py_mock_registration#1#8,60740375/60740375_4_original.py_decorator#3#11,60740375/60740375_2_217177425.py_decorator#3#11,60740375/60740375_2_217172776.py_decorator#3#11
/Users/chaiyong/Downloads/matcha/python_repos/transformers/tests/utils/test_chat_template_utils.py_fn#60#67,62124742/62124742_4_recent.py_legend_elements#1#119,62124742/62124742_4_original.py_legend_elements#1#119,62124742/62124742_4_223007180.py_legend_elements#1#119,62124742/62124742_4_223006430.py_legend_elements#1#119,62124742/62124742_4_223005645.py_legend_elements#1#119
/Users/chaiyong/Downloads/matcha/python_repos/transformers/tests/utils/test_chat_template_utils.py_test_missing_param_docstring#212#220,55944051/55944051_4_197481160.py_test_error_add_done_callback#462#474,55944051/55944051_4_197414546.py_test_error_add_done_callback#428#440,55944051/55944051_4_196942697.py_test_error_add_done_callback#401#413,55944051/55944051_4_196908567.py_test_error_add_done_callback#402#414
/Users/chaiyong/Downloads/matcha/python_repos/transformers/tests/utils/test_chat_template_utils.py_fn#223#230,40426645/40426645_2_recent.py_our_function#7#17,40426645/40426645_2_130846848.py_our_function#7#17,62124742/62124742_4_recent.py_legend_elements#1#119,62124742/62124742_4_original.py_legend_elements#1#119,62124742/62124742_4_223007180.py_legend_elements#1#119,62124742/62124742_4_223006430.py_legend_elements#1#119,62124742/62124742_4_223005645.py_legend_elements#1#119,46428568/46428568_4_recent.py_unsqueeze#1#223,46428568/46428568_4_157115588.py_unsqueeze#1#223,46428568/46428568_4_157111156.py_unsqueeze#1#221
/Users/chaiyong/Downloads/matcha/python_repos/transformers/tests/utils/test_chat_template_utils.py_test_missing_type_hint#222#233,55944051/55944051_4_197481160.py_test_error_add_done_callback#462#474,55944051/55944051_4_197414546.py_test_error_add_done_callback#428#440,55944051/55944051_4_196942697.py_test_error_add_done_callback#401#413,55944051/55944051_4_196908567.py_test_error_add_done_callback#402#414
/Users/chaiyong/Downloads/matcha/python_repos/transformers/tests/utils/test_chat_template_utils.py_fn#259#270,64989620/64989620_2_recent.py_clean_text#38#47,64989620/64989620_2_235629540.py_clean_text#38#47
/Users/chaiyong/Downloads/matcha/python_repos/transformers/tests/utils/test_chat_template_utils.py_fn#318#329,46428568/46428568_4_recent.py_unsqueeze#1#223,46428568/46428568_4_157115588.py_unsqueeze#1#223,46428568/46428568_4_157111156.py_unsqueeze#1#221
/Users/chaiyong/Downloads/matcha/python_repos/transformers/tests/utils/test_chat_template_utils.py_test_single_element_tuple_fails#317#333,55944051/55944051_4_197481160.py_test_error_add_done_callback#462#474,55944051/55944051_4_197414546.py_test_error_add_done_callback#428#440,55944051/55944051_4_196942697.py_test_error_add_done_callback#401#413,55944051/55944051_4_196908567.py_test_error_add_done_callback#402#414
/Users/chaiyong/Downloads/matcha/python_repos/transformers/tests/utils/test_chat_template_utils.py_test_ellipsis_type_fails#335#351,55944051/55944051_4_197481160.py_test_error_add_done_callback#462#474,55944051/55944051_4_197414546.py_test_error_add_done_callback#428#440,55944051/55944051_4_196942697.py_test_error_add_done_callback#401#413,55944051/55944051_4_196908567.py_test_error_add_done_callback#402#414
/Users/chaiyong/Downloads/matcha/python_repos/transformers/tests/utils/test_network_logging.py_do_GET#32#38,40594112/40594112_4_recent.py_wrapper#3#13,40594112/40594112_4_132635649.py_wrapper#3#13,18371466/18371466_2_recent.py_do_POST#8#16,18371466/18371466_2_original.py_do_POST#8#16,18371466/18371466_2_45746049.py_do_POST#8#16,18371466/18371466_2_146240355.py_do_POST#8#16,3979708/3979708_2_recent.py_do_GET#4#19,3979708/3979708_2_original.py_do_GET#4#19,3979708/3979708_2_8362879.py_do_GET#4#19,3979708/3979708_2_8362005.py_do_GET#4#19
/Users/chaiyong/Downloads/matcha/python_repos/transformers/tests/utils/test_modeling_utils.py_test_hub_retry#440#450,2749117/2749117_4_recent.py_test_can_write#2#12,2749117/2749117_4_original.py_test_can_write#2#12,2749117/2749117_4_5647059.py_test_can_write#2#12,2749117/2749117_4_12127813.py_test_can_write#2#12,55944051/55944051_4_197481160.py_test_set_running_or_notify_cancel#476#482,55944051/55944051_4_197414546.py_test_set_running_or_notify_cancel#442#448,55944051/55944051_4_196942697.py_test_set_running_or_notify_cancel#415#421,55944051/55944051_4_196908567.py_test_set_running_or_notify_cancel#416#422,13207785/13207785_4_recent.py_test_username_eq#21#29,13207785/13207785_4_original.py_test_username_eq#21#29,13207785/13207785_4_31349299.py_test_username_eq#21#29,13207785/13207785_4_31347144.py_test_username_eq#21#29,55944051/55944051_4_197481160.py_test_done#355#365,55944051/55944051_4_197414546.py_test_done#321#331,55944051/55944051_4_196942697.py_test_done#294#304,55944051/55944051_4_196908567.py_test_done#295#305,30070576/30070576_2_recent.py_test_active#17#29,30070576/30070576_2_original.py_test_active#15#27,30070576/30070576_2_89809052.py_test_active#17#29,30070576/30070576_2_89808550.py_test_active#17#29,30070576/30070576_2_89808080.py_test_active#15#27,31045515/31045515_2_recent.py_test_that_all_inputs_have_name_attr#1#14,31045515/31045515_2_original.py_test_that_all_inputs_have_name_attr#1#14,31045515/31045515_2_93827818.py_test_that_all_inputs_have_name_attr#1#14,31045515/31045515_2_93636571.py_test_that_all_inputs_have_name_attr#1#14,55944051/55944051_4_197481160.py_test_cancelled#323#337,55944051/55944051_4_197414546.py_test_cancelled#289#303,55944051/55944051_4_196942697.py_test_cancelled#262#276,55944051/55944051_4_196908567.py_test_cancelled#263#277,55944051/55944051_4_197481160.py_test_running#339#353,55944051/55944051_4_197414546.py_test_running#305#319,55944051/55944051_4_196942697.py_test_running#278#292,55944051/55944051_4_196908567.py_test_running#279#293,55944051/55944051_4_197481160.py_test_cancel#308#321,55944051/55944051_4_197414546.py_test_cancel#274#287,55944051/55944051_4_196942697.py_test_cancel#247#260,55944051/55944051_4_196908567.py_test_cancel#248#261,24531897/24531897_2_recent.py_test_patient_add_ok#2#14,24531897/24531897_2_123289232.py_test_patient_add_ok#2#14
/Users/chaiyong/Downloads/matcha/python_repos/transformers/tests/models/voxtral_realtime/test_modeling_voxtral_realtime.py_decorator#136#145,10176276/10176276_4_23334835.py_actualDecorator#2#8,7004565/7004565_4_recent.py_decorator#20#26,7004565/7004565_4_original.py_decorator#20#26,7004565/7004565_4_15359552.py_decorator#20#26,7004565/7004565_2_15359442.py_decorator#20#26,7004565/7004565_2_15359329.py_decorator#20#26,7004565/7004565_2_15359285.py_decorator#20#26,64859066/64859066_2_recent.py_decorator#2#8,64859066/64859066_2_235019042.py_decorator#2#8,61666235/61666235_4_recent.py_decorator#1#6,61666235/61666235_4_original.py_decorator#1#6,61666235/61666235_4_221109354.py_decorator#1#6,61666235/61666235_4_221087952.py_decorator#1#6,61666235/61666235_4_221084853.py_decorator#1#6,61666235/61666235_4_221084447.py_decorator#1#6,61532391/61532391_2_recent.py_decorator#8#21,61532391/61532391_2_220531634.py_decorator#8#21,60974965/60974965_4_recent.py_decorator#2#8,60974965/60974965_4_original.py_decorator#2#8,60974965/60974965_4_218188831.py_decorator#2#8,60740375/60740375_4_original.py_decorator#3#11,60740375/60740375_2_217177425.py_decorator#3#11,60740375/60740375_2_217172776.py_decorator#3#11,5929165/5929165_2_recent.py_decorator#2#9,5929165/5929165_2_207475962.py_decorator#2#9,5929165/5929165_2_202510010.py_decorator#2#9,5929165/5929165_2_193108246.py_decorator#2#9,58647788/58647788_2_recent.py_enable_direct#4#12,58647788/58647788_2_208331459.py_enable_direct#4#12,58598851/58598851_2_recent.py_decorator#8#19,58598851/58598851_2_original.py_decorator#8#19,58598851/58598851_2_208124976.py_decorator#8#19,58598851/58598851_2_208124393.py_decorator#8#19,58598851/58598851_2_208124019.py_decorator#8#19,57930081/57930081_1_recent.py_decorator#2#7,57930081/57930081_1_original.py_decorator#2#7,57930081/57930081_1_205321115.py_decorator#2#7,57930081/57930081_1_205320876.py_decorator#2#7,57691285/57691285_2_recent.py_decorator#2#7,57691285/57691285_2_recent.py_decorator#19#25,57691285/57691285_2_original.py_decorator#2#7,57691285/57691285_2_original.py_decorator#19#25,57691285/57691285_2_204323360.py_decorator#2#7,57691285/57691285_2_204323360.py_decorator#19#25,57691285/57691285_2_204320136.py_decorator#2#7,57691285/57691285_2_204320136.py_decorator#19#25,57691285/57691285_2_204319009.py_decorator#2#7,57691285/57691285_2_204319009.py_decorator#19#25,57691285/57691285_2_204318580.py_decorator#2#7,57691285/57691285_2_204318580.py_decorator#19#25,57528363/57528363_2_recent.py_decorator#8#13,57528363/57528363_2_203620296.py_decorator#8#13,56785098/56785098_2_recent.py_decorator#5#10,56785098/56785098_2_original.py_decorator#5#10,56785098/56785098_2_200469104.py_decorator#5#10,56785098/56785098_2_200467024.py_decorator#5#10,54353889/54353889_6_recent.py_decorator#1#6,54353889/54353889_6_original.py_decorator#1#6,54353889/54353889_6_190239109.py_decorator#1#6,54353889/54353889_6_190238850.py_decorator#1#6,54353889/54353889_4_190238086.py_decorator#1#6,54353889/54353889_4_190237704.py_decorator#1#6,54099965/54099965_6_recent.py_decorator#3#8,54099965/54099965_6_original.py_decorator#3#8,54099965/54099965_6_189225857.py_decorator#3#8,52913084/52913084_2_recent.py_decorator#2#7,52913084/52913084_2_original.py_decorator#2#7,52913084/52913084_2_184197452.py_decorator#2#7,52913084/52913084_2_184197339.py_decorator#2#7,51633273/51633273_2_recent.py_decorator#9#21,51633273/51633273_2_original.py_decorator#9#21,51633273/51633273_2_178868016.py_decorator#9#21,48706074/48706074_6_recent.py_decorator#5#17,48706074/48706074_6_original.py_decorator#5#17,48706074/48706074_6_166539373.py_decorator#5#17,48706074/48706074_6_166538144.py_decorator#5#17,47018456/47018456_2_recent.py_decorator#2#11,47018456/47018456_2_original.py_decorator#2#11,47018456/47018456_2_159491577.py_decorator#2#11,47018456/47018456_2_159474511.py_decorator#2#11,46474800/46474800_2_recent.py_decorator#2#7,46474800/46474800_2_original.py_decorator#2#7,46474800/46474800_2_157226064.py_decorator#2#7,46474800/46474800_2_157220555.py_decorator#2#7,45140086/45140086_2_recent.py_decorator#21#46,45140086/45140086_2_original.py_decorator#16#41,45140086/45140086_2_151752166.py_decorator#21#46,45140086/45140086_2_151750972.py_decorator#16#41,44660648/44660648_2_recent.py_decorator#5#14,44660648/44660648_2_original.py_decorator#5#14,44660648/44660648_2_149815040.py_decorator#5#14,44660648/44660648_2_149814597.py_decorator#5#14,4399246/4399246_1_recent.py_decorator#9#18,4399246/4399246_1_original.py_decorator#5#12,4399246/4399246_1_9284528.py_decorator#5#12,4399246/4399246_1_9278706.py_decorator#5#12,4399246/4399246_1_77693329.py_decorator#9#18,43591426/43591426_2_recent.py_decorator#7#13,43591426/43591426_2_original.py_decorator#7#13,43591426/43591426_2_143862823.py_decorator#7#13
/Users/chaiyong/Downloads/matcha/python_repos/transformers/tests/models/voxtral_realtime/test_modeling_voxtral_realtime.py__with_max_new_tokens#135#147,9397717/9397717_4_recent.py_foo_decorator#1#6,9397717/9397717_4_original.py_foo_decorator#1#6,9397717/9397717_4_21357598.py_foo_decorator#1#6,9397717/9397717_4_21357246.py_foo_decorator#1#6,9397717/9397717_4_102221142.py_foo_decorator#1#6,9397717/9397717_2_recent.py_foo_decorator#1#6,9397717/9397717_2_original.py_foo_decorator#1#6,9397717/9397717_2_21357598.py_foo_decorator#1#6,9397717/9397717_2_21357246.py_foo_decorator#1#6,9397717/9397717_2_102221142.py_foo_decorator#1#6,7004565/7004565_4_recent.py_log_and_call#19#27,7004565/7004565_4_original.py_log_and_call#19#27,7004565/7004565_4_15359552.py_log_and_call#19#27,7004565/7004565_2_15359442.py_log_and_call#19#27,7004565/7004565_2_15359329.py_log_and_call#19#27,7004565/7004565_2_15359285.py_log_and_call#19#27,660751/660751_2_original.py_cacheable#1#11,660751/660751_2_1137528.py_cacheable#1#11,63151753/63151753_2_recent.py__is_connected_decorator#2#9,63151753/63151753_2_original.py__is_connected_decorator#2#9,63151753/63151753_2_227677153.py__is_connected_decorator#2#9,63151753/63151753_2_227676577.py__is_connected_decorator#2#9,60408967/60408967_2_215767732.py_register#64#69,5929165/5929165_2_recent.py_decorator_factory#1#10,5929165/5929165_2_207475962.py_decorator_factory#1#10,5929165/5929165_2_202510010.py_decorator_factory#1#10,5929165/5929165_2_193108246.py_decorator_factory#1#10,59116118/59116118_1_recent.py_cooldown#1#16,59116118/59116118_1_original.py_cooldown#1#16,59116118/59116118_1_210284476.py_cooldown#1#16,59116118/59116118_1_210284268.py_cooldown#1#16,58598851/58598851_2_recent.py_save_result#7#21,58598851/58598851_2_original.py_save_result#7#21,58598851/58598851_2_208124976.py_save_result#7#21,58598851/58598851_2_208124393.py_save_result#7#21,58598851/58598851_2_208124019.py_save_result#7#21,57930081/57930081_1_recent.py_customauth#1#8,57930081/57930081_1_original.py_customauth#1#8,57930081/57930081_1_205321115.py_customauth#1#8,57930081/57930081_1_205320876.py_customauth#1#8,5764955/5764955_8_recent.py_argument_decorator#1#6,5764955/5764955_8_original.py_argument_decorator#1#6,5764955/5764955_8_12412355.py_argument_decorator#1#6,5764955/5764955_8_12412295.py_argument_decorator#1#6,56785098/56785098_2_recent.py_execute_in#4#11,56785098/56785098_2_original.py_execute_in#4#11,56785098/56785098_2_200469104.py_execute_in#4#11,56785098/56785098_2_200467024.py_execute_in#4#11,56151358/56151358_2_recent.py_some_decorator_with_arg#2#7,56151358/56151358_2_original.py_some_decorator_with_arg#2#7,56151358/56151358_2_197832465.py_some_decorator_with_arg#2#7,56151358/56151358_2_197786755.py_some_decorator_with_arg#2#7,55550684/55550684_2_recent.py_input_wrap_decorator#1#6,55550684/55550684_2_original.py_input_wrap_decorator#1#6,55550684/55550684_2_195253240.py_input_wrap_decorator#1#6,55550684/55550684_2_195250906.py_input_wrap_decorator#1#6,55224751/55224751_6_recent.py_call_after#1#7,55224751/55224751_6_original.py_call_after#1#7,55224751/55224751_6_193891081.py_call_after#1#7,55224751/55224751_6_193890726.py_call_after#1#7,55208788/55208788_4_recent.py_outter_decorator#2#8,55208788/55208788_4_194053520.py_outter_decorator#2#8,55208788/55208788_4_193816721.py_outter_decorator#2#8,55208788/55208788_2_original.py_deco_with_args#1#6,55208788/55208788_2_193815277.py_deco_with_args#1#6,54514410/54514410_6_recent.py_raise_if_outside_context#1#6,54514410/54514410_6_original.py_raise_if_outside_context#1#6,54514410/54514410_6_191075183.py_raise_if_outside_context#1#6,54514410/54514410_6_190909071.py_raise_if_outside_context#1#6,54437096/54437096_2_recent.py_create_data#2#13,54437096/54437096_2_original.py_create_data#2#13,54437096/54437096_2_190673529.py_create_data#2#13,54437096/54437096_2_190584558.py_create_data#2#13,54040916/54040916_2_recent.py_bind#6#12,54040916/54040916_2_original.py_bind#6#11,54040916/54040916_2_189154628.py_bind#6#12,54040916/54040916_2_188928366.py_bind#6#12,54040916/54040916_2_188928028.py_bind#6#11,53599950/53599950_6_recent.py_sharedclassvar#1#17,53599950/53599950_6_original.py_sharedclassvar#1#17,53599950/53599950_6_187074060.py_sharedclassvar#1#17,53090706/53090706_4_recent.py_chdir_dec#1#8,53090706/53090706_4_original.py_chdir_dec#1#8,53090706/53090706_4_184924724.py_chdir_dec#1#8,51675874/51675874_6_recent.py_log_view#1#12,51675874/51675874_6_original.py_log_view#1#12,51675874/51675874_6_179091551.py_log_view#1#12,51675874/51675874_6_179039199.py_log_view#1#12,51675874/51675874_4_179037440.py_log_view#1#12,47440645/47440645_2_recent.py_add_to_docstring#1#9,47440645/47440645_2_original.py_add_to_docstring#3#11,47440645/47440645_2_original.py_add_to_docstring#20#28,47440645/47440645_2_161220872.py_add_to_docstring#1#9,47440645/47440645_2_161220523.py_add_to_docstring#3#11,47440645/47440645_2_161220523.py_add_to_docstring#20#28,47018456/47018456_2_recent.py_rediscache#1#12,47018456/47018456_2_original.py_rediscache#1#12,47018456/47018456_2_159491577.py_rediscache#1#12,47018456/47018456_2_159474511.py_rediscache#1#12,42568619/42568619_2_139776859.py_check_abs_param#8#27
/Users/chaiyong/Downloads/matcha/python_repos/transformers/tests/models/whisper/test_tokenization_whisper.py_test_special_tokens_initialization#101#107,4272888/4272888_4_recent.py_pgm2pil#1#6,4272888/4272888_4_original.py_pgm2pil#1#6,4272888/4272888_4_11333567.py_pgm2pil#1#6,13688655/13688655_4_recent.py_edit_bookmark#2#7,13688655/13688655_4_original.py_edit_bookmark#2#7,13688655/13688655_4_32674697.py_edit_bookmark#2#7,57490015/57490015_2_recent.py_setup#3#9,57490015/57490015_2_original.py_setup#3#9,57490015/57490015_2_203467026.py_setup#3#9,57490015/57490015_2_203461056.py_setup#3#9,38860222/38860222_4_recent.py_lite_function1#4#15,38860222/38860222_4_original.py_lite_function1#4#15,38860222/38860222_4_124562306.py_lite_function1#4#15,38860222/38860222_4_124561305.py_lite_function1#4#15,34620368/34620368_2_recent.py_shuffle#54#60,34620368/34620368_2_107827001.py_shuffle#54#60,34620368/34620368_2_107784081.py_shuffle#54#60,35029722/35029722_2_recent.py_function#1#9,35029722/35029722_2_original.py_function#1#9,35029722/35029722_2_109633754.py_function#1#9,35029722/35029722_2_109386018.py_function#1#9,63871784/63871784_10_recent.py_on_read#23#28,63871784/63871784_10_original.py_on_read#23#28,63871784/63871784_10_230754366.py_on_read#23#28,63871784/63871784_10_230754089.py_on_read#23#28,38168154/38168154_2_recent.py_list_animals#3#9,38168154/38168154_2_original.py_list_animals#3#9,38168154/38168154_2_153009683.py_list_animals#3#9,38168154/38168154_2_153007424.py_list_animals#3#9,38168154/38168154_2_152911504.py_list_animals#3#9,38168154/38168154_2_121936169.py_list_animals#3#9,38168154/38168154_2_121879289.py_list_animals#3#9,38168154/38168154_2_121824651.py_list_animals#3#9,38168154/38168154_2_121819269.py_list_animals#3#9,38168154/38168154_2_121816148.py_list_animals#3#9,47619586/47619586_2_162485333.py_end#46#64,41419343/41419343_2_recent.py_on_error#22#29,41419343/41419343_2_original.py_on_error#22#29,41419343/41419343_2_135238451.py_on_error#22#29,38860222/38860222_4_recent.py_lite_function2#6#15,38860222/38860222_4_original.py_lite_function2#6#15,38860222/38860222_4_124562306.py_lite_function2#6#15,38860222/38860222_4_124561305.py_lite_function2#6#15,12510622/12510622_4_recent.py_handle#5#14,12510622/12510622_4_original.py_handle#5#14,12510622/12510622_4_29446476.py_handle#5#14,51633486/51633486_2_original.py_connect#2#8,51633486/51633486_2_178867722.py_connect#2#8,51633486/51633486_2_178866787.py_connect#2#8,8780280/8780280_2_recent.py_connect#14#20,8780280/8780280_2_original.py_connect#12#18,8780280/8780280_2_19805830.py_connect#14#20,8780280/8780280_2_19805245.py_connect#12#18,15764651/15764651_6_original.py_second#15#23,15764651/15764651_2_recent.py_second#15#23,15764651/15764651_2_original.py_second#15#23,15764651/15764651_2_38444001.py_second#15#23,15764651/15764651_2_38442914.py_second#15#23,15764651/15764651_2_38442129.py_second#15#23,49948543/49948543_4_original.py_dynamic_class_creator#1#6,49948543/49948543_4_171754701.py_dynamic_class_creator#1#6,47244641/47244641_6_original.py_get_value#1#15,47244641/47244641_6_160411907.py_get_value#1#15,28076308/28076308_2_recent.py_compute_bill_for_order#6#11,28076308/28076308_2_original.py_compute_bill_for_order#6#11,28076308/28076308_2_82215120.py_compute_bill_for_order#6#11,28076308/28076308_2_82088844.py_compute_bill_for_order#6#11,5102096/5102096_6_recent.py_d_to_polar#17#23,5102096/5102096_6_original.py_d_to_polar#17#23,5102096/5102096_6_86535129.py_d_to_polar#17#23,38602787/38602787_2_recent.py_speed#46#51,38602787/38602787_2_original.py_speed#47#52,38602787/38602787_2_146556487.py_speed#46#51,38602787/38602787_2_123540395.py_speed#46#51,38602787/38602787_2_123540177.py_speed#47#52,23341378/23341378_6_recent.py_a#9#14,23341378/23341378_6_original.py_a#9#14,23341378/23341378_6_63908424.py_a#9#14,23341378/23341378_6_63907421.py_a#9#14,36793997/36793997_8_recent.py_f#1#6,36793997/36793997_8_original.py_f#1#6,36793997/36793997_8_190949295.py_f#1#6,36793997/36793997_8_190948920.py_f#1#6,36793997/36793997_8_116366004.py_f#1#6,36793997/36793997_16_recent.py_g#1#6,36793997/36793997_16_original.py_g#1#6,36793997/36793997_16_190949295.py_g#1#6,36793997/36793997_16_190948920.py_g#1#6,36793997/36793997_16_116366004.py_g#1#6,36793997/36793997_14_recent.py_g#1#6,36793997/36793997_14_original.py_g#1#6,36793997/36793997_14_190949295.py_g#1#6,36793997/36793997_14_190948920.py_g#1#6,36793997/36793997_14_116366004.py_g#1#6,52642575/52642575_4_recent.py_camel_case_to_underscore#1#13,52642575/52642575_4_original.py_camel_case_to_underscore#1#13,52642575/52642575_4_183067191.py_camel_case_to_underscore#1#13,44060734/44060734_4_recent.py_loop_count#20#31,44060734/44060734_4_original.py_loop_count#20#31,44060734/44060734_4_145728579.py_loop_count#20#31
/Users/chaiyong/Downloads/matcha/python_repos/transformers/tests/repo_utils/test_check_auto.py_cwd#33#39,37996250/37996250_2_recent.py_cwd#4#10,37996250/37996250_2_original.py_cwd#4#10,37996250/37996250_2_121126979.py_cwd#4#10,37996250/37996250_2_121126260.py_cwd#4#10,53090706/53090706_2_recent.py_temp_chdir#2#8,53090706/53090706_2_original.py_temp_chdir#2#8,53090706/53090706_2_184924724.py_temp_chdir#2#8,53090706/53090706_2_184924440.py_temp_chdir#2#8,3012921/3012921_2_recent.py_working_directory#4#10,3012921/3012921_2_original.py_working_directory#4#10,3012921/3012921_2_9622790.py_working_directory#4#10,3012921/3012921_2_6225475.py_working_directory#4#10,3012921/3012921_2_6225395.py_working_directory#4#10,24469659/24469659_6_recent.py_cd#5#11,24469659/24469659_6_original.py_cd#5#11,24469659/24469659_6_68256706.py_cd#5#11,24469659/24469659_6_68256521.py_cd#5#11,48364639/48364639_6_recent.py_temporary_work_dir#3#10,48364639/48364639_6_original.py_temporary_work_dir#3#10,48364639/48364639_6_165117689.py_temporary_work_dir#3#10,42441759/42441759_2_recent.py_working_directory#6#13,42441759/42441759_2_167972121.py_working_directory#6#13,42441759/42441759_2_147638315.py_working_directory#5#12,42441759/42441759_2_139255622.py_working_directory#5#12,42441759/42441759_2_139239153.py_working_directory#5#12
/Users/chaiyong/Downloads/matcha/python_repos/transformers/utils/check_docstrings.py_eval_node#514#522,41602407/41602407_4_recent.py_eval_#22#30,41602407/41602407_4_original.py_eval_#22#30,41602407/41602407_4_146837089.py_eval_#22#30,41602407/41602407_4_135780595.py_eval_#22#30,41602407/41602407_4_135780250.py_eval_#22#30,41602407/41602407_4_135779946.py_eval_#22#30,41602407/41602407_4_135779598.py_eval_#22#30
/Users/chaiyong/Downloads/matcha/python_repos/transformers/src/transformers/configuration_utils.py_wrap_init_to_accept_kwargs#97#134,64660909/64660909_2_recent.py_deprecated#3#9,64660909/64660909_2_234190039.py_deprecated#3#9,64660909/64660909_2_234175600.py_deprecated#2#8,64660909/64660909_2_234153329.py_deprecated#2#8,64660909/64660909_2_234152055.py_deprecated#2#8,51565863/51565863_2_recent.py_wrapper#3#14,51565863/51565863_2_original.py_wrapper#2#13,51565863/51565863_2_178729669.py_wrapper#3#14,51565863/51565863_2_178581046.py_wrapper#2#13,51565863/51565863_2_178580606.py_wrapper#2#13,51565863/51565863_2_178580237.py_wrapper#2#13,6191067/6191067_2_recent.py_validatable#1#8,6191067/6191067_2_original.py_validatable#1#8,6191067/6191067_2_14247890.py_validatable#1#8,6191067/6191067_2_13426161.py_validatable#1#8,6191067/6191067_2_13425815.py_validatable#1#8
/Users/chaiyong/Downloads/matcha/python_repos/transformers/src/transformers/testing_utils.py_skip_if_not_implemented#445#453,10176276/10176276_4_23334835.py_actualDecorator#2#8,9620326/9620326_2_recent.py_protected#2#8,9620326/9620326_2_original.py_protected#2#8,9620326/9620326_2_21912375.py_protected#2#8,9620326/9620326_2_21912041.py_protected#2#8,9112590/9112590_2_recent.py_logging#2#7,9112590/9112590_2_original.py_logging#1#6,9112590/9112590_2_20681129.py_logging#2#7,9112590/9112590_2_20680678.py_logging#2#7,9112590/9112590_2_20653898.py_logging#2#7,9112590/9112590_2_20653122.py_logging#2#7,9112590/9112590_2_20652828.py_logging#2#7,9112590/9112590_2_20650278.py_logging#2#7,9112590/9112590_2_20647203.py_logging#2#7,9112590/9112590_2_20647007.py_logging#1#6,9112590/9112590_2_146200279.py_logging#2#7,845424/845424_4_recent.py_opener#3#8,845424/845424_4_original.py_opener#3#8,845424/845424_4_1633309.py_opener#3#8,8198226/8198226_2_recent.py_validecorator#129#139,8198226/8198226_2_original.py_validecorator#129#139,8198226/8198226_2_54253413.py_validecorator#129#139,8198226/8198226_2_18300966.py_validecorator#129#139,7899238/7899238_2_recent.py_jsonify#3#8,7899238/7899238_2_original.py_jsonify#3#8,7899238/7899238_2_17562202.py_jsonify#3#8,7899238/7899238_2_17556035.py_jsonify#3#8,7056374/7056374_2_recent.py_autorender#4#9,7056374/7056374_2_original.py_autorender#4#9,7056374/7056374_2_15484087.py_autorender#4#9,7056374/7056374_2_147111250.py_autorender#4#9,7004565/7004565_4_recent.py_decorator#20#26,7004565/7004565_4_original.py_decorator#20#26,7004565/7004565_4_15359552.py_decorator#20#26,7004565/7004565_2_15359442.py_decorator#20#26,7004565/7004565_2_15359329.py_decorator#20#26,7004565/7004565_2_15359285.py_decorator#20#26,64859066/64859066_2_recent.py_decorator#2#8,64859066/64859066_2_235019042.py_decorator#2#8,64820952/64820952_6_recent.py_authenticated#1#7,64820952/64820952_6_original.py_authenticated#1#7,64820952/64820952_6_234842046.py_authenticated#1#7,64820952/64820952_6_234841644.py_authenticated#1#7,64820952/64820952_2_recent.py_authenticated#1#7,64820952/64820952_2_original.py_authenticated#1#7,64820952/64820952_2_234842046.py_authenticated#1#7,64820952/64820952_2_234841644.py_authenticated#1#7,64751188/64751188_2_recent.py_validate_max#3#13,64751188/64751188_2_recent.py_validate_max#16#21,64751188/64751188_2_original.py_validate_max#3#13,64751188/64751188_2_234545194.py_validate_max#3#13,64751188/64751188_2_234545194.py_validate_max#16#21,64751188/64751188_2_234544695.py_validate_max#3#13,64729759/64729759_6_recent.py_my_decorator#1#6,64729759/64729759_6_original.py_my_decorator#1#6,64729759/64729759_6_234452990.py_my_decorator#1#6,64729759/64729759_6_234451967.py_my_decorator#1#6,64680223/64680223_2_recent.py_with_printing#2#8,64680223/64680223_2_234232326.py_with_printing#2#8,64489923/64489923_2_recent.py_not_all_none#2#11,64489923/64489923_2_original.py_not_all_none#1#9,64489923/64489923_2_233398288.py_not_all_none#2#11,64489923/64489923_2_233397987.py_not_all_none#1#9,64216534/64216534_2_recent.py_deco#13#18,64216534/64216534_2_232214098.py_deco#13#18,64216534/64216534_2_232213823.py_deco#13#18,63792624/63792624_2_recent.py_validated_content#2#10,63792624/63792624_2_original.py_validated_content#2#10,63792624/63792624_2_230400303.py_validated_content#2#10,63792624/63792624_2_230390645.py_validated_content#2#10,63772308/63772308_2_recent.py_print_name2#3#8,63772308/63772308_2_230312527.py_print_name2#3#8,63104367/63104367_4_recent.py_timer#1#13,63104367/63104367_4_original.py_timer#1#13,63104367/63104367_4_227478233.py_timer#1#13,63104367/63104367_4_227477969.py_timer#1#13,63104367/63104367_4_227477748.py_timer#1#13,63104367/63104367_2_227477497.py_timer#1#13,62931600/62931600_4_recent.py_timer#4#10,62931600/62931600_4_original.py_timer#4#10,62931600/62931600_4_226742850.py_timer#4#10,62437650/62437650_2_recent.py_timed#5#13,62437650/62437650_2_original.py_timed#5#13,62437650/62437650_2_224457255.py_timed#5#13,62437650/62437650_2_224313515.py_timed#5#13,6241505/6241505_2_recent.py_t_access#5#10,6241505/6241505_2_13555112.py_t_access#5#10,62353563/62353563_2_recent.py_debug_log#5#15,62353563/62353563_2_original.py_debug_log#5#14,62353563/62353563_2_223958323.py_debug_log#5#15,62353563/62353563_2_223957360.py_debug_log#5#14,62353563/62353563_2_223957175.py_debug_log#5#14,62189019/62189019_2_recent.py_selfy#3#17,62189019/62189019_2_original.py_selfy#3#14,62189019/62189019_2_223293093.py_selfy#3#17,62189019/62189019_2_223290034.py_selfy#3#16,62189019/62189019_2_223279414.py_selfy#3#16,62189019/62189019_2_223278888.py_selfy#3#14,61790791/61790791_4_recent.py_counter#1#7,61790791/61790791_4_original.py_counter#1#7
/Users/chaiyong/Downloads/matcha/python_repos/transformers/src/transformers/testing_utils.py_require_torchao_version_greater_or_equal#1157#1166,9397717/9397717_4_recent.py_foo_decorator#1#6,9397717/9397717_4_original.py_foo_decorator#1#6,9397717/9397717_4_21357598.py_foo_decorator#1#6,9397717/9397717_4_21357246.py_foo_decorator#1#6,9397717/9397717_4_102221142.py_foo_decorator#1#6,9397717/9397717_2_recent.py_foo_decorator#1#6,9397717/9397717_2_original.py_foo_decorator#1#6,9397717/9397717_2_21357598.py_foo_decorator#1#6,9397717/9397717_2_21357246.py_foo_decorator#1#6,9397717/9397717_2_102221142.py_foo_decorator#1#6,7004565/7004565_4_recent.py_log_and_call#19#27,7004565/7004565_4_original.py_log_and_call#19#27,7004565/7004565_4_15359552.py_log_and_call#19#27,7004565/7004565_2_15359442.py_log_and_call#19#27,7004565/7004565_2_15359329.py_log_and_call#19#27,7004565/7004565_2_15359285.py_log_and_call#19#27,660751/660751_2_original.py_cacheable#1#11,660751/660751_2_1137528.py_cacheable#1#11,63151753/63151753_2_recent.py__is_connected_decorator#2#9,63151753/63151753_2_original.py__is_connected_decorator#2#9,63151753/63151753_2_227677153.py__is_connected_decorator#2#9,63151753/63151753_2_227676577.py__is_connected_decorator#2#9,60408967/60408967_2_215767732.py_register#64#69,5929165/5929165_2_recent.py_decorator_factory#1#10,5929165/5929165_2_207475962.py_decorator_factory#1#10,5929165/5929165_2_202510010.py_decorator_factory#1#10,5929165/5929165_2_193108246.py_decorator_factory#1#10,59116118/59116118_1_recent.py_cooldown#1#16,59116118/59116118_1_original.py_cooldown#1#16,59116118/59116118_1_210284476.py_cooldown#1#16,59116118/59116118_1_210284268.py_cooldown#1#16,58598851/58598851_2_recent.py_save_result#7#21,58598851/58598851_2_original.py_save_result#7#21,58598851/58598851_2_208124976.py_save_result#7#21,58598851/58598851_2_208124393.py_save_result#7#21,58598851/58598851_2_208124019.py_save_result#7#21,57930081/57930081_1_recent.py_customauth#1#8,57930081/57930081_1_original.py_customauth#1#8,57930081/57930081_1_205321115.py_customauth#1#8,57930081/57930081_1_205320876.py_customauth#1#8,5764955/5764955_8_recent.py_argument_decorator#1#6,5764955/5764955_8_original.py_argument_decorator#1#6,5764955/5764955_8_12412355.py_argument_decorator#1#6,5764955/5764955_8_12412295.py_argument_decorator#1#6,56785098/56785098_2_recent.py_execute_in#4#11,56785098/56785098_2_original.py_execute_in#4#11,56785098/56785098_2_200469104.py_execute_in#4#11,56785098/56785098_2_200467024.py_execute_in#4#11,56151358/56151358_2_recent.py_some_decorator_with_arg#2#7,56151358/56151358_2_original.py_some_decorator_with_arg#2#7,56151358/56151358_2_197832465.py_some_decorator_with_arg#2#7,56151358/56151358_2_197786755.py_some_decorator_with_arg#2#7,55550684/55550684_2_recent.py_input_wrap_decorator#1#6,55550684/55550684_2_original.py_input_wrap_decorator#1#6,55550684/55550684_2_195253240.py_input_wrap_decorator#1#6,55550684/55550684_2_195250906.py_input_wrap_decorator#1#6,55224751/55224751_6_recent.py_call_after#1#7,55224751/55224751_6_original.py_call_after#1#7,55224751/55224751_6_193891081.py_call_after#1#7,55224751/55224751_6_193890726.py_call_after#1#7,55208788/55208788_4_recent.py_outter_decorator#2#8,55208788/55208788_4_194053520.py_outter_decorator#2#8,55208788/55208788_4_193816721.py_outter_decorator#2#8,55208788/55208788_2_original.py_deco_with_args#1#6,55208788/55208788_2_193815277.py_deco_with_args#1#6,54514410/54514410_6_recent.py_raise_if_outside_context#1#6,54514410/54514410_6_original.py_raise_if_outside_context#1#6,54514410/54514410_6_191075183.py_raise_if_outside_context#1#6,54514410/54514410_6_190909071.py_raise_if_outside_context#1#6,54437096/54437096_2_recent.py_create_data#2#13,54437096/54437096_2_original.py_create_data#2#13,54437096/54437096_2_190673529.py_create_data#2#13,54437096/54437096_2_190584558.py_create_data#2#13,54040916/54040916_2_recent.py_bind#6#12,54040916/54040916_2_original.py_bind#6#11,54040916/54040916_2_189154628.py_bind#6#12,54040916/54040916_2_188928366.py_bind#6#12,54040916/54040916_2_188928028.py_bind#6#11,53599950/53599950_6_recent.py_sharedclassvar#1#17,53599950/53599950_6_original.py_sharedclassvar#1#17,53599950/53599950_6_187074060.py_sharedclassvar#1#17,53090706/53090706_4_recent.py_chdir_dec#1#8,53090706/53090706_4_original.py_chdir_dec#1#8,53090706/53090706_4_184924724.py_chdir_dec#1#8,51675874/51675874_6_recent.py_log_view#1#12,51675874/51675874_6_original.py_log_view#1#12,51675874/51675874_6_179091551.py_log_view#1#12,51675874/51675874_6_179039199.py_log_view#1#12,51675874/51675874_4_179037440.py_log_view#1#12,47440645/47440645_2_recent.py_add_to_docstring#1#9,47440645/47440645_2_original.py_add_to_docstring#3#11,47440645/47440645_2_original.py_add_to_docstring#20#28,47440645/47440645_2_161220872.py_add_to_docstring#1#9,47440645/47440645_2_161220523.py_add_to_docstring#3#11,47440645/47440645_2_161220523.py_add_to_docstring#20#28,47018456/47018456_2_recent.py_rediscache#1#12,47018456/47018456_2_original.py_rediscache#1#12,47018456/47018456_2_159491577.py_rediscache#1#12,47018456/47018456_2_159474511.py_rediscache#1#12,42568619/42568619_2_139776859.py_check_abs_param#8#27
/Users/chaiyong/Downloads/matcha/python_repos/transformers/src/transformers/testing_utils.py_require_deterministic_for_xpu#1270#1283,9620326/9620326_2_recent.py_protected#2#8,9620326/9620326_2_original.py_protected#2#8,9620326/9620326_2_21912375.py_protected#2#8,9620326/9620326_2_21912041.py_protected#2#8,9112590/9112590_2_recent.py_logging#2#7,9112590/9112590_2_original.py_logging#1#6,9112590/9112590_2_20681129.py_logging#2#7,9112590/9112590_2_20680678.py_logging#2#7,9112590/9112590_2_20653898.py_logging#2#7,9112590/9112590_2_20653122.py_logging#2#7,9112590/9112590_2_20652828.py_logging#2#7,9112590/9112590_2_20650278.py_logging#2#7,9112590/9112590_2_20647203.py_logging#2#7,9112590/9112590_2_20647007.py_logging#1#6,9112590/9112590_2_146200279.py_logging#2#7,845424/845424_4_recent.py_opener#3#8,845424/845424_4_original.py_opener#3#8,845424/845424_4_1633309.py_opener#3#8,8198226/8198226_2_recent.py_validecorator#129#139,8198226/8198226_2_original.py_validecorator#129#139,8198226/8198226_2_54253413.py_validecorator#129#139,8198226/8198226_2_18300966.py_validecorator#129#139,7899238/7899238_2_recent.py_jsonify#3#8,7899238/7899238_2_original.py_jsonify#3#8,7899238/7899238_2_17562202.py_jsonify#3#8,7899238/7899238_2_17556035.py_jsonify#3#8,7056374/7056374_2_recent.py_autorender#4#9,7056374/7056374_2_original.py_autorender#4#9,7056374/7056374_2_15484087.py_autorender#4#9,7056374/7056374_2_147111250.py_autorender#4#9,7004565/7004565_4_recent.py_decorator#20#26,7004565/7004565_4_original.py_decorator#20#26,7004565/7004565_4_15359552.py_decorator#20#26,7004565/7004565_2_15359442.py_decorator#20#26,7004565/7004565_2_15359329.py_decorator#20#26,7004565/7004565_2_15359285.py_decorator#20#26,64859066/64859066_2_recent.py_decorator#2#8,64859066/64859066_2_235019042.py_decorator#2#8,64820952/64820952_6_recent.py_authenticated#1#7,64820952/64820952_6_original.py_authenticated#1#7,64820952/64820952_6_234842046.py_authenticated#1#7,64820952/64820952_6_234841644.py_authenticated#1#7,64820952/64820952_2_recent.py_authenticated#1#7,64820952/64820952_2_original.py_authenticated#1#7,64820952/64820952_2_234842046.py_authenticated#1#7,64820952/64820952_2_234841644.py_authenticated#1#7,64751188/64751188_2_recent.py_validate_max#3#13,64751188/64751188_2_recent.py_validate_max#16#21,64751188/64751188_2_original.py_validate_max#3#13,64751188/64751188_2_234545194.py_validate_max#3#13,64751188/64751188_2_234545194.py_validate_max#16#21,64751188/64751188_2_234544695.py_validate_max#3#13,64729759/64729759_6_recent.py_my_decorator#1#6,64729759/64729759_6_original.py_my_decorator#1#6,64729759/64729759_6_234452990.py_my_decorator#1#6,64729759/64729759_6_234451967.py_my_decorator#1#6,64680223/64680223_2_recent.py_with_printing#2#8,64680223/64680223_2_234232326.py_with_printing#2#8,64489923/64489923_2_recent.py_not_all_none#2#11,64489923/64489923_2_original.py_not_all_none#1#9,64489923/64489923_2_233398288.py_not_all_none#2#11,64489923/64489923_2_233397987.py_not_all_none#1#9,64216534/64216534_2_recent.py_deco#13#18,64216534/64216534_2_232214098.py_deco#13#18,64216534/64216534_2_232213823.py_deco#13#18,63792624/63792624_2_recent.py_validated_content#2#10,63792624/63792624_2_original.py_validated_content#2#10,63792624/63792624_2_230400303.py_validated_content#2#10,63792624/63792624_2_230390645.py_validated_content#2#10,63772308/63772308_2_recent.py_print_name2#3#8,63772308/63772308_2_230312527.py_print_name2#3#8,63104367/63104367_4_recent.py_timer#1#13,63104367/63104367_4_original.py_timer#1#13,63104367/63104367_4_227478233.py_timer#1#13,63104367/63104367_4_227477969.py_timer#1#13,63104367/63104367_4_227477748.py_timer#1#13,63104367/63104367_2_227477497.py_timer#1#13,62931600/62931600_4_recent.py_timer#4#10,62931600/62931600_4_original.py_timer#4#10,62931600/62931600_4_226742850.py_timer#4#10,62437650/62437650_2_recent.py_timed#5#13,62437650/62437650_2_original.py_timed#5#13,62437650/62437650_2_224457255.py_timed#5#13,62437650/62437650_2_224313515.py_timed#5#13,6241505/6241505_2_recent.py_t_access#5#10,6241505/6241505_2_13555112.py_t_access#5#10,62353563/62353563_2_recent.py_debug_log#5#15,62353563/62353563_2_original.py_debug_log#5#14,62353563/62353563_2_223958323.py_debug_log#5#15,62353563/62353563_2_223957360.py_debug_log#5#14,62353563/62353563_2_223957175.py_debug_log#5#14,62189019/62189019_2_recent.py_selfy#3#17,62189019/62189019_2_original.py_selfy#3#14,62189019/62189019_2_223293093.py_selfy#3#17,62189019/62189019_2_223290034.py_selfy#3#16,62189019/62189019_2_223279414.py_selfy#3#16,62189019/62189019_2_223278888.py_selfy#3#14,61790791/61790791_4_recent.py_counter#1#7,61790791/61790791_4_original.py_counter#1#7,61790791/61790791_4_221606803.py_counter#1#7
/Users/chaiyong/Downloads/matcha/python_repos/transformers/src/transformers/testing_utils.py__read_stream#2519#2525,57321134/57321134_4_recent.py_read_stream#6#12,57321134/57321134_4_original.py_read_stream#6#12,57321134/57321134_4_202739708.py_read_stream#6#12,57321134/57321134_4_202739230.py_read_stream#6#12,57321134/57321134_4_202735127.py_read_stream#6#12,57321134/57321134_2_recent.py_read_stream#4#10,57321134/57321134_2_original.py_read_stream#4#10,57321134/57321134_2_202739708.py_read_stream#4#10,57321134/57321134_2_202739230.py_read_stream#4#10,57321134/57321134_2_202735127.py_read_stream#4#10,57321134/57321134_2_202733734.py_read_stream#6#12,36477512/36477512_4_recent.py_reader#4#10,36477512/36477512_4_original.py_reader#8#14,36477512/36477512_4_224711424.py_reader#4#10,36477512/36477512_4_189671119.py_reader#8#14,36477512/36477512_4_115133749.py_reader#8#14,17375569/17375569_6_original.py_source#5#12,17375569/17375569_6_42912491.py_source#5#12,29356460/29356460_2_recent.py_listen_on_serial#16#35,29356460/29356460_2_original.py_listen_on_serial#16#35,29356460/29356460_2_87026712.py_listen_on_serial#16#35,29356460/29356460_2_146041479.py_listen_on_serial#16#35,49864869/49864869_4_recent.py_parse#1#15,49864869/49864869_4_171414632.py_parse#1#15,49864869/49864869_4_171413791.py_parse#1#15,49864869/49864869_4_171413434.py_parse#1#15,44159595/44159595_6_original.py_write_to_values#4#34,44159595/44159595_6_147809959.py_write_to_values#4#34,9111710/9111710_2_recent.py__read#3#80,9111710/9111710_2_original.py__read#3#80,9111710/9111710_2_20642838.py__read#3#80,9111710/9111710_2_147525757.py__read#3#80
/Users/chaiyong/Downloads/matcha/python_repos/transformers/src/transformers/modelcard.py__listify#113#119,58104162/58104162_6_original.py_default#3#41,58104162/58104162_6_206048885.py_default#3#41,58104162/58104162_6_recent.py_default#3#38,58104162/58104162_6_206049483.py_default#3#38,58104162/58104162_2_recent.py_default#3#38,58104162/58104162_2_original.py_default#3#38,58104162/58104162_2_206049483.py_default#3#38,58104162/58104162_2_206048885.py_default#3#38
/Users/chaiyong/Downloads/matcha/python_repos/transformers/src/transformers/utils/output_capturing.py_wrapped_fn#230#286,9112590/9112590_2_recent.py_logging#2#7,9112590/9112590_2_original.py_logging#1#6,9112590/9112590_2_20681129.py_logging#2#7,9112590/9112590_2_20680678.py_logging#2#7,9112590/9112590_2_20653898.py_logging#2#7,9112590/9112590_2_20653122.py_logging#2#7,9112590/9112590_2_20652828.py_logging#2#7,9112590/9112590_2_20650278.py_logging#2#7,9112590/9112590_2_20647203.py_logging#2#7,9112590/9112590_2_20647007.py_logging#1#6,9112590/9112590_2_146200279.py_logging#2#7,8198226/8198226_2_recent.py_validecorator#129#139,8198226/8198226_2_original.py_validecorator#129#139,8198226/8198226_2_54253413.py_validecorator#129#139,8198226/8198226_2_18300966.py_validecorator#129#139,7056374/7056374_2_recent.py_autorender#4#9,7056374/7056374_2_original.py_autorender#4#9,7056374/7056374_2_15484087.py_autorender#4#9,7056374/7056374_2_147111250.py_autorender#4#9,7004565/7004565_4_recent.py_decorator#20#26,7004565/7004565_4_original.py_decorator#20#26,7004565/7004565_4_15359552.py_decorator#20#26,7004565/7004565_2_15359442.py_decorator#20#26,7004565/7004565_2_15359329.py_decorator#20#26,7004565/7004565_2_15359285.py_decorator#20#26,64751188/64751188_2_recent.py_validate_max#3#13,64751188/64751188_2_recent.py_validate_max#16#21,64751188/64751188_2_original.py_validate_max#3#13,64751188/64751188_2_234545194.py_validate_max#3#13,64751188/64751188_2_234545194.py_validate_max#16#21,64751188/64751188_2_234544695.py_validate_max#3#13,64729759/64729759_6_recent.py_my_decorator#1#6,64729759/64729759_6_original.py_my_decorator#1#6,64729759/64729759_6_234452990.py_my_decorator#1#6,64729759/64729759_6_234451967.py_my_decorator#1#6,64680223/64680223_2_recent.py_with_printing#2#8,64680223/64680223_2_234232326.py_with_printing#2#8,64216534/64216534_2_recent.py_deco#13#18,64216534/64216534_2_232214098.py_deco#13#18,64216534/64216534_2_232213823.py_deco#13#18,63792624/63792624_2_recent.py_validated_content#2#10,63792624/63792624_2_original.py_validated_content#2#10,63792624/63792624_2_230400303.py_validated_content#2#10,63792624/63792624_2_230390645.py_validated_content#2#10,63104367/63104367_4_recent.py_timer#1#13,63104367/63104367_4_original.py_timer#1#13,63104367/63104367_4_227478233.py_timer#1#13,63104367/63104367_4_227477969.py_timer#1#13,63104367/63104367_4_227477748.py_timer#1#13,63104367/63104367_2_227477497.py_timer#1#13,62437650/62437650_2_recent.py_timed#5#13,62437650/62437650_2_original.py_timed#5#13,62437650/62437650_2_224457255.py_timed#5#13,62437650/62437650_2_224313515.py_timed#5#13,62189019/62189019_2_recent.py_selfy#3#17,62189019/62189019_2_original.py_selfy#3#14,62189019/62189019_2_223293093.py_selfy#3#17,62189019/62189019_2_223290034.py_selfy#3#16,62189019/62189019_2_223279414.py_selfy#3#16,62189019/62189019_2_223278888.py_selfy#3#14,61790791/61790791_4_recent.py_counter#1#7,61790791/61790791_4_original.py_counter#1#7,61790791/61790791_4_221606803.py_counter#1#7,61790791/61790791_4_221606466.py_counter#1#7,61790791/61790791_4_221606083.py_counter#1#7,61696640/61696640_4_recent.py_uppercase#3#9,61696640/61696640_4_original.py_uppercase#3#9,61696640/61696640_4_221224748.py_uppercase#3#9,61696640/61696640_4_221223425.py_uppercase#3#9,61648262/61648262_2_recent.py_time_func#3#9,61648262/61648262_2_original.py_time_func#2#8,61648262/61648262_2_221012015.py_time_func#3#9,61648262/61648262_2_221011429.py_time_func#2#8,61612995/61612995_2_recent.py_throttle#7#19,61612995/61612995_2_original.py_throttle#7#17,61612995/61612995_2_220870974.py_throttle#7#19,61612995/61612995_2_220868233.py_throttle#7#17,61532391/61532391_2_recent.py_decorator#8#21,61532391/61532391_2_220531634.py_decorator#8#21,61083295/61083295_2_recent.py_inspect#2#13,61083295/61083295_2_original.py_inspect#2#13,61083295/61083295_2_218650959.py_inspect#2#13,61083295/61083295_2_218650454.py_inspect#2#13,61083295/61083295_2_218650056.py_inspect#2#13,61062457/61062457_2_recent.py_time_this#11#19,61062457/61062457_2_original.py_time_this#12#21,61062457/61062457_2_218581149.py_time_this#11#19,61062457/61062457_2_218574314.py_time_this#11#19,61062457/61062457_2_218573919.py_time_this#11#19,61062457/61062457_2_218563499.py_time_this#12#21,60974965/60974965_4_recent.py_decorator#2#8,60974965/60974965_4_original.py_decorator#2#8,60974965/60974965_4_218188831.py_decorator#2#8,60974965/60974965_2_recent.py_mock_registration#1#7,60974965/60974965_2_original.py_mock_registration#1#8,60974965/60974965_2_218188831.py_mock_registration#1#7,60974965/60974965_2_218188206.py_mock_registration#1#8,60740375/60740375_4_original.py_decorator#3#11,60740375/60740375_2_217177425.py_decorator#3#11,60740375/60740375_2_217172776.py_decorator#3#11
/Users/chaiyong/Downloads/matcha/python_repos/transformers/src/transformers/utils/generic.py_decorator#1161#1184,7004565/7004565_4_recent.py_decorator#20#26,7004565/7004565_4_original.py_decorator#20#26,7004565/7004565_4_15359552.py_decorator#20#26,7004565/7004565_2_15359442.py_decorator#20#26,7004565/7004565_2_15359329.py_decorator#20#26,7004565/7004565_2_15359285.py_decorator#20#26,61532391/61532391_2_recent.py_decorator#8#21,61532391/61532391_2_220531634.py_decorator#8#21,60974965/60974965_4_recent.py_decorator#2#8,60974965/60974965_4_original.py_decorator#2#8,60974965/60974965_4_218188831.py_decorator#2#8,60740375/60740375_4_original.py_decorator#3#11,60740375/60740375_2_217177425.py_decorator#3#11,60740375/60740375_2_217172776.py_decorator#3#11,58598851/58598851_2_recent.py_decorator#8#19,58598851/58598851_2_original.py_decorator#8#19,58598851/58598851_2_208124976.py_decorator#8#19,58598851/58598851_2_208124393.py_decorator#8#19,58598851/58598851_2_208124019.py_decorator#8#19,57930081/57930081_1_recent.py_decorator#2#7,57930081/57930081_1_original.py_decorator#2#7,57930081/57930081_1_205321115.py_decorator#2#7,57930081/57930081_1_205320876.py_decorator#2#7,57691285/57691285_2_recent.py_decorator#2#7,57691285/57691285_2_recent.py_decorator#19#25,57691285/57691285_2_original.py_decorator#2#7,57691285/57691285_2_original.py_decorator#19#25,57691285/57691285_2_204323360.py_decorator#2#7,57691285/57691285_2_204323360.py_decorator#19#25,57691285/57691285_2_204320136.py_decorator#2#7,57691285/57691285_2_204320136.py_decorator#19#25,57691285/57691285_2_204319009.py_decorator#2#7,57691285/57691285_2_204319009.py_decorator#19#25,57691285/57691285_2_204318580.py_decorator#2#7,57691285/57691285_2_204318580.py_decorator#19#25,57528363/57528363_2_recent.py_decorator#8#13,57528363/57528363_2_203620296.py_decorator#8#13,54099965/54099965_6_recent.py_decorator#3#8,54099965/54099965_6_original.py_decorator#3#8,54099965/54099965_6_189225857.py_decorator#3#8,51633273/51633273_2_recent.py_decorator#9#21,51633273/51633273_2_original.py_decorator#9#21,51633273/51633273_2_178868016.py_decorator#9#21,47018456/47018456_2_recent.py_decorator#2#11,47018456/47018456_2_original.py_decorator#2#11,47018456/47018456_2_159491577.py_decorator#2#11,47018456/47018456_2_159474511.py_decorator#2#11,45140086/45140086_2_recent.py_decorator#21#46,45140086/45140086_2_original.py_decorator#16#41,45140086/45140086_2_151752166.py_decorator#21#46,45140086/45140086_2_151750972.py_decorator#16#41,44660648/44660648_2_recent.py_decorator#5#14,44660648/44660648_2_original.py_decorator#5#14,44660648/44660648_2_149815040.py_decorator#5#14,44660648/44660648_2_149814597.py_decorator#5#14,41591089/41591089_4_recent.py_decorator#21#29,41591089/41591089_4_original.py_decorator#21#29,41591089/41591089_4_135769957.py_decorator#21#29,41591089/41591089_4_135733044.py_decorator#21#29,37488166/37488166_24_recent.py_decorator#4#9,37488166/37488166_24_recent.py_decorator#14#19,37488166/37488166_24_original.py_decorator#4#9,37488166/37488166_24_original.py_decorator#14#19,37488166/37488166_24_119104671.py_decorator#4#9,37488166/37488166_24_119104671.py_decorator#14#19,37488166/37488166_24_119104127.py_decorator#4#9,37488166/37488166_24_119104127.py_decorator#14#19,37488166/37488166_24_119103753.py_decorator#4#9,37488166/37488166_24_119103753.py_decorator#14#19,36052618/36052618_2_recent.py_decorator#7#29,36052618/36052618_2_original.py_decorator#11#26,36052618/36052618_2_113668710.py_decorator#7#29,36052618/36052618_2_113428492.py_decorator#11#26,31822272/31822272_26_96680617.py_decorator#2#14,31822272/31822272_26_96680395.py_decorator#2#16,31822272/31822272_26_192336770.py_decorator#2#14,31822272/31822272_26_125793840.py_decorator#2#14,31822272/31822272_22_96679739.py_decorator#2#16,30810215/30810215_4_recent.py_decorator#3#12,30810215/30810215_4_92710024.py_decorator#3#12,30810215/30810215_4_92709946.py_decorator#3#12,30488940/30488940_2_recent.py_decorator#2#8,30488940/30488940_2_original.py_decorator#2#8,30488940/30488940_2_91501248.py_decorator#2#8,30488940/30488940_2_91501246.py_decorator#2#8,30488940/30488940_2_91452601.py_decorator#2#8,25428961/25428961_2_recent.py_decorator#2#8,25428961/25428961_2_original.py_decorator#2#8,25428961/25428961_2_71928276.py_decorator#2#8,25428961/25428961_2_71926372.py_decorator#2#8,25352441/25352441_2_recent.py_decorator#3#13,25352441/25352441_2_71794984.py_decorator#3#13,25352441/25352441_2_71646888.py_decorator#3#11,24871989/24871989_2_recent.py_decorator#2#7,24871989/24871989_2_original.py_decorator#2#7,24871989/24871989_2_69812835.py_decorator#2#7,24871989/24871989_2_69809613.py_decorator#2#7,24871989/24871989_2_69808760.py_decorator#2#7,24871989/24871989_2_69807976.py_decorator#2#7,24871989/24871989_2_69807429.py_decorator#2#7
/Users/chaiyong/Downloads/matcha/python_repos/transformers/src/transformers/utils/doc.py_copy_func#1085#1091,13503277/13503277_6_120696028.py_copy_func#3#10,13503277/13503277_2_recent.py_copy_func#3#10,13503277/13503277_2_191959531.py_copy_func#3#10
/Users/chaiyong/Downloads/matcha/python_repos/transformers/src/transformers/utils/import_utils.py_torch_only_method#1485#1492,54530577/54530577_2_recent.py_consumer#5#11,54530577/54530577_2_original.py_consumer#5#11,54530577/54530577_2_191219506.py_consumer#5#11,54530577/54530577_2_191005437.py_consumer#5#11,54530577/54530577_2_190997732.py_consumer#5#11,54530577/54530577_2_190974793.py_consumer#5#11,54530577/54530577_2_190974521.py_consumer#5#11,58609072/58609072_2_original.py_enforce_types#4#17,58609072/58609072_2_208170253.py_enforce_types#4#17,58609072/58609072_2_208168432.py_enforce_types#4#17,58609072/58609072_2_208188035.py_enforce_types#6#50,58609072/58609072_2_208184572.py_enforce_types#4#33
/Users/chaiyong/Downloads/matcha/python_repos/transformers/src/transformers/models/bertweet/tokenization_bertweet.py_tokenize#631#654,45431922/45431922_2_recent.py_tokenize#1#24,45431922/45431922_2_original.py_tokenize#1#24,45431922/45431922_2_152918798.py_tokenize#1#24,45431922/45431922_2_152916787.py_tokenize#1#24,45431922/45431922_2_152916319.py_tokenize#1#24,45431922/45431922_2_152915851.py_tokenize#1#24,45431922/45431922_2_152915166.py_tokenize#1#24,45431922/45431922_2_152914634.py_tokenize#1#24,45431922/45431922_2_152914071.py_tokenize#1#24,45431922/45431922_2_152913695.py_tokenize#1#24
/Users/chaiyong/Downloads/matcha/python_repos/transformers/src/transformers/models/mobilevitv2/convert_mlcvnets_to_pytorch.py_flatten_yaml_as_dict#44#52,59424614/59424614_2_recent.py_flatten#3#11,59424614/59424614_2_211619568.py_flatten#3#11,57316455/57316455_2_recent.py_flatten#19#27,57316455/57316455_2_original.py_flatten#19#27,57316455/57316455_2_202716718.py_flatten#19#27,57316455/57316455_2_202714964.py_flatten#19#27,57316455/57316455_2_202714396.py_flatten#19#27,42647980/42647980_22_original.py__flatten_dict#20#29,42647980/42647980_18_140182015.py__flatten_dict#20#29,55295688/55295688_2_recent.py_flatten#3#14,55295688/55295688_2_original.py_flatten#3#14,55295688/55295688_2_194175211.py_flatten#3#14,55295688/55295688_2_194173325.py_flatten#3#14,55295688/55295688_2_194172736.py_flatten#3#14,57334768/57334768_2_recent.py_flatten#43#52,57334768/57334768_2_original.py_flatten#43#52,57334768/57334768_2_202793324.py_flatten#43#52,57334768/57334768_2_202792655.py_flatten#43#52,13119196/13119196_2_recent.py_flatten#2#10,13119196/13119196_2_original.py_flatten#2#10,13119196/13119196_2_31152572.py_flatten#2#10,13119196/13119196_2_31108869.py_flatten#2#10,13119196/13119196_2_146878266.py_flatten#2#10,47602358/47602358_4_recent.py_flatten#1#12,47602358/47602358_4_161894169.py_flatten#1#12,47602358/47602358_4_original.py_flatten#1#12,47602358/47602358_4_161893704.py_flatten#1#12,47602358/47602358_4_161893064.py_flatten#1#12,47602358/47602358_2_161892554.py_flatten#1#12,47673031/47673031_4_recent.py_flatten#3#12,47673031/47673031_4_original.py_flatten#3#12,47673031/47673031_4_162196291.py_flatten#3#12,47673031/47673031_4_162193690.py_flatten#3#12
/Users/chaiyong/Downloads/matcha/python_repos/transformers/src/transformers/models/siglip/convert_siglip_to_hf.py_flatten_nested_dict#368#378,59424614/59424614_2_recent.py_flatten#3#11,59424614/59424614_2_211619568.py_flatten#3#11,57316455/57316455_2_recent.py_flatten#19#27,57316455/57316455_2_original.py_flatten#19#27,57316455/57316455_2_202716718.py_flatten#19#27,57316455/57316455_2_202714964.py_flatten#19#27,57316455/57316455_2_202714396.py_flatten#19#27,42647980/42647980_22_original.py__flatten_dict#20#29,42647980/42647980_18_140182015.py__flatten_dict#20#29,55295688/55295688_2_recent.py_flatten#3#14,55295688/55295688_2_original.py_flatten#3#14,55295688/55295688_2_194175211.py_flatten#3#14,55295688/55295688_2_194173325.py_flatten#3#14,55295688/55295688_2_194172736.py_flatten#3#14,57334768/57334768_2_recent.py_flatten#43#52,57334768/57334768_2_original.py_flatten#43#52,57334768/57334768_2_202793324.py_flatten#43#52,57334768/57334768_2_202792655.py_flatten#43#52,13119196/13119196_2_recent.py_flatten#2#10,13119196/13119196_2_original.py_flatten#2#10,13119196/13119196_2_31152572.py_flatten#2#10,13119196/13119196_2_31108869.py_flatten#2#10,13119196/13119196_2_146878266.py_flatten#2#10,47602358/47602358_4_recent.py_flatten#1#12,47602358/47602358_4_161894169.py_flatten#1#12,47602358/47602358_4_original.py_flatten#1#12,47602358/47602358_4_161893704.py_flatten#1#12,47602358/47602358_4_161893064.py_flatten#1#12,47602358/47602358_2_161892554.py_flatten#1#12
/Users/chaiyong/Downloads/matcha/python_repos/transformers/src/transformers/models/paligemma/convert_paligemma_weights_to_hf.py_flatten_nested_dict#205#216,59424614/59424614_2_recent.py_flatten#3#11,59424614/59424614_2_211619568.py_flatten#3#11,57316455/57316455_2_recent.py_flatten#19#27,57316455/57316455_2_original.py_flatten#19#27,57316455/57316455_2_202716718.py_flatten#19#27,57316455/57316455_2_202714964.py_flatten#19#27,57316455/57316455_2_202714396.py_flatten#19#27,42647980/42647980_22_original.py__flatten_dict#20#29,42647980/42647980_18_140182015.py__flatten_dict#20#29,55295688/55295688_2_recent.py_flatten#3#14,55295688/55295688_2_original.py_flatten#3#14,55295688/55295688_2_194175211.py_flatten#3#14,55295688/55295688_2_194173325.py_flatten#3#14,55295688/55295688_2_194172736.py_flatten#3#14,57334768/57334768_2_recent.py_flatten#43#52,57334768/57334768_2_original.py_flatten#43#52,57334768/57334768_2_202793324.py_flatten#43#52,57334768/57334768_2_202792655.py_flatten#43#52,13119196/13119196_2_recent.py_flatten#2#10,13119196/13119196_2_original.py_flatten#2#10,13119196/13119196_2_31152572.py_flatten#2#10,13119196/13119196_2_31108869.py_flatten#2#10,13119196/13119196_2_146878266.py_flatten#2#10
/Users/chaiyong/Downloads/matcha/python_repos/transformers/src/transformers/models/owlvit/convert_owlvit_original_flax_to_hf.py_flatten_nested_dict#78#88,59424614/59424614_2_recent.py_flatten#3#11,59424614/59424614_2_211619568.py_flatten#3#11,57316455/57316455_2_recent.py_flatten#19#27,57316455/57316455_2_original.py_flatten#19#27,57316455/57316455_2_202716718.py_flatten#19#27,57316455/57316455_2_202714964.py_flatten#19#27,57316455/57316455_2_202714396.py_flatten#19#27,42647980/42647980_22_original.py__flatten_dict#20#29,42647980/42647980_18_140182015.py__flatten_dict#20#29,55295688/55295688_2_recent.py_flatten#3#14,55295688/55295688_2_original.py_flatten#3#14,55295688/55295688_2_194175211.py_flatten#3#14,55295688/55295688_2_194173325.py_flatten#3#14,55295688/55295688_2_194172736.py_flatten#3#14,57334768/57334768_2_recent.py_flatten#43#52,57334768/57334768_2_original.py_flatten#43#52,57334768/57334768_2_202793324.py_flatten#43#52,57334768/57334768_2_202792655.py_flatten#43#52,47602358/47602358_4_recent.py_flatten#1#12,47602358/47602358_4_161894169.py_flatten#1#12,47602358/47602358_4_original.py_flatten#1#12,47602358/47602358_4_161893704.py_flatten#1#12,47602358/47602358_4_161893064.py_flatten#1#12,47602358/47602358_2_161892554.py_flatten#1#12,13119196/13119196_2_recent.py_flatten#2#10,13119196/13119196_2_original.py_flatten#2#10,13119196/13119196_2_31152572.py_flatten#2#10,13119196/13119196_2_31108869.py_flatten#2#10,13119196/13119196_2_146878266.py_flatten#2#10
/Users/chaiyong/Downloads/matcha/python_repos/transformers/src/transformers/models/swiftformer/modeling_swiftformer.py_forward#144#151,52327469/52327469_1_recent.py_forward#11#26,52327469/52327469_1_original.py_forward#11#26,52327469/52327469_1_181755170.py_forward#11#26,52327469/52327469_1_181751462.py_forward#11#26,63049425/63049425_2_recent.py_forward#19#24,63049425/63049425_2_original.py_forward#20#25,63049425/63049425_2_227256290.py_forward#19#24,63049425/63049425_2_227256062.py_forward#19#24,63049425/63049425_2_227239302.py_forward#20#25,65030156/65030156_2_recent.py_forward#9#15,65030156/65030156_2_original.py_forward#9#15,65030156/65030156_2_235752177.py_forward#9#15,65030156/65030156_2_235751993.py_forward#9#15,52484974/52484974_2_recent.py_forward#18#26,52484974/52484974_2_original.py_forward#18#26,52484974/52484974_2_182416489.py_forward#18#26,52484974/52484974_2_182415076.py_forward#18#26,64989409/64989409_2_recent.py_forward#1#8,64989409/64989409_2_original.py_forward#1#8,64989409/64989409_2_235580083.py_forward#1#8,64989409/64989409_2_235579579.py_forward#1#8,64989409/64989409_2_235579530.py_forward#1#8,64989409/64989409_2_235579334.py_forward#1#8,49981498/49981498_2_recent.py_forward#15#23,49981498/49981498_2_original.py_forward#15#23,49981498/49981498_2_171904822.py_forward#15#23,49981498/49981498_2_171904195.py_forward#15#23,58668693/58668693_8_recent.py_forward#22#32,58668693/58668693_8_original.py_forward#24#34,58668693/58668693_8_208455237.py_forward#22#32,58668693/58668693_8_208449389.py_forward#22#32,58668693/58668693_8_208419156.py_forward#22#32,58668693/58668693_8_208419010.py_forward#22#32,58668693/58668693_8_208417196.py_forward#22#32,58668693/58668693_8_208417051.py_forward#24#34,58668693/58668693_8_208416862.py_forward#24#34,58668693/58668693_8_208416416.py_forward#24#34,58668693/58668693_4_recent.py_forward#52#63,58668693/58668693_4_original.py_forward#52#63,58668693/58668693_4_208455237.py_forward#52#63,58668693/58668693_4_208449389.py_forward#52#63,58668693/58668693_4_208419156.py_forward#52#63,58668693/58668693_4_208419010.py_forward#52#63,58668693/58668693_4_208417196.py_forward#52#63,58668693/58668693_4_208417051.py_forward#53#64,58668693/58668693_4_208416862.py_forward#53#64,58668693/58668693_4_208416416.py_forward#52#63
/Users/chaiyong/Downloads/matcha/python_repos/transformers/src/transformers/models/owlv2/convert_owlv2_to_hf.py_flatten_nested_dict#96#106,59424614/59424614_2_recent.py_flatten#3#11,59424614/59424614_2_211619568.py_flatten#3#11,57316455/57316455_2_recent.py_flatten#19#27,57316455/57316455_2_original.py_flatten#19#27,57316455/57316455_2_202716718.py_flatten#19#27,57316455/57316455_2_202714964.py_flatten#19#27,57316455/57316455_2_202714396.py_flatten#19#27,42647980/42647980_22_original.py__flatten_dict#20#29,42647980/42647980_18_140182015.py__flatten_dict#20#29,55295688/55295688_2_recent.py_flatten#3#14,55295688/55295688_2_original.py_flatten#3#14,55295688/55295688_2_194175211.py_flatten#3#14,55295688/55295688_2_194173325.py_flatten#3#14,55295688/55295688_2_194172736.py_flatten#3#14,57334768/57334768_2_recent.py_flatten#43#52,57334768/57334768_2_original.py_flatten#43#52,57334768/57334768_2_202793324.py_flatten#43#52,57334768/57334768_2_202792655.py_flatten#43#52,13119196/13119196_2_recent.py_flatten#2#10,13119196/13119196_2_original.py_flatten#2#10,13119196/13119196_2_31152572.py_flatten#2#10,13119196/13119196_2_31108869.py_flatten#2#10,13119196/13119196_2_146878266.py_flatten#2#10,47602358/47602358_4_recent.py_flatten#1#12,47602358/47602358_4_161894169.py_flatten#1#12,47602358/47602358_4_original.py_flatten#1#12,47602358/47602358_4_161893704.py_flatten#1#12,47602358/47602358_4_161893064.py_flatten#1#12,47602358/47602358_2_161892554.py_flatten#1#12,47673031/47673031_4_recent.py_flatten#3#12,47673031/47673031_4_original.py_flatten#3#12,47673031/47673031_4_162196291.py_flatten#3#12,47673031/47673031_4_162193690.py_flatten#3#12
/Users/chaiyong/Downloads/matcha/python_repos/transformers/src/transformers/integrations/hub_kernels.py_decorator#660#681,64660909/64660909_2_recent.py_deprecated#3#9,64660909/64660909_2_234190039.py_deprecated#3#9,64660909/64660909_2_234175600.py_deprecated#2#8,64660909/64660909_2_234153329.py_deprecated#2#8,64660909/64660909_2_234152055.py_deprecated#2#8,37281388/37281388_6_original.py_DragDropWidget#1#23,37281388/37281388_2_118293162.py_DragDropWidget#1#23,6191067/6191067_2_recent.py_validatable#1#8,6191067/6191067_2_original.py_validatable#1#8,6191067/6191067_2_14247890.py_validatable#1#8,6191067/6191067_2_13426161.py_validatable#1#8,6191067/6191067_2_13425815.py_validatable#1#8,51565863/51565863_2_recent.py_wrapper#3#14,51565863/51565863_2_original.py_wrapper#2#13,51565863/51565863_2_178729669.py_wrapper#3#14,51565863/51565863_2_178581046.py_wrapper#2#13,51565863/51565863_2_178580606.py_wrapper#2#13,51565863/51565863_2_178580237.py_wrapper#2#13,14784986/14784986_2_35722534.py_cls_deco#3#11,55345883/55345883_2_recent.py_singleton#4#23,55345883/55345883_2_original.py_singleton#4#23,55345883/55345883_2_194396722.py_singleton#4#23,55345883/55345883_2_194395121.py_singleton#4#23,55345883/55345883_2_194394811.py_singleton#4#23,15189919/15189919_2_recent.py_trackable#3#31,15189919/15189919_2_original.py_trackable#1#29,15189919/15189919_2_36841416.py_trackable#3#31,15189919/15189919_2_36841268.py_trackable#1#29
/Users/chaiyong/Downloads/matcha/python_repos/transformers/src/transformers/generation/configuration_utils.py_convert_keys_to_string#1213#1219,51223058/51223058_2_recent.py_transform#21#27,51223058/51223058_2_original.py_transform#21#27,51223058/51223058_2_177114037.py_transform#21#27,51223058/51223058_2_177113960.py_transform#21#27,39235373/39235373_2_recent.py_unpack#10#20,39235373/39235373_2_original.py_unpack#10#20,39235373/39235373_2_156336828.py_unpack#10#20,39235373/39235373_2_146320905.py_unpack#10#20,39235373/39235373_2_144352446.py_unpack#10#20,39235373/39235373_2_126204150.py_unpack#10#20,39235373/39235373_2_126203426.py_unpack#10#20,39235373/39235373_2_126202442.py_unpack#10#20,39235373/39235373_2_126073418.py_unpack#10#20,39235373/39235373_2_126057190.py_unpack#10#20,42658558/42658558_2_recent.py_convert#4#11,42658558/42658558_2_original.py_convert#4#11,42658558/42658558_2_140084336.py_convert#4#11,42658558/42658558_2_140084026.py_convert#4#11,45151832/45151832_2_151798974.py_replace_keys#2#9,49088094/49088094_2_recent.py_unwrap_data#1#8,49088094/49088094_2_original.py_unwrap_data#1#8,49088094/49088094_2_168141806.py_unwrap_data#1#8,49088094/49088094_2_168141453.py_unwrap_data#1#8,39376926/39376926_2_recent.py_recursively_prune_dict_keys#8#14,39376926/39376926_2_original.py_recursively_prune_dict_keys#8#14,39376926/39376926_2_126624056.py_recursively_prune_dict_keys#8#14,39376926/39376926_2_126623264.py_recursively_prune_dict_keys#8#14
/Users/chaiyong/Downloads/matcha/python_repos/transformers/src/transformers/generation/configuration_utils.py_convert_dataclass_to_dict#1221#1229,39235373/39235373_2_recent.py_unpack#10#20,39235373/39235373_2_original.py_unpack#10#20,39235373/39235373_2_156336828.py_unpack#10#20,39235373/39235373_2_146320905.py_unpack#10#20,39235373/39235373_2_144352446.py_unpack#10#20,39235373/39235373_2_126204150.py_unpack#10#20,39235373/39235373_2_126203426.py_unpack#10#20,39235373/39235373_2_126202442.py_unpack#10#20,39235373/39235373_2_126073418.py_unpack#10#20,39235373/39235373_2_126057190.py_unpack#10#20,7845321/7845321_2_recent.py_deepcopy#1#6,7845321/7845321_2_17438648.py_deepcopy#1#6
