/Users/chaiyong/Downloads/matcha/python_repos/TRAPO/initial/original_TraPO/trapo/verl/verl/single_controller/ray/base.py_generate_function#395#401,5128997/5128997_2_recent.py_logged_decorator#12#17,5128997/5128997_2_original.py_logged_decorator#12#17,5128997/5128997_2_10927662.py_logged_decorator#12#17,5128997/5128997_2_10927614.py_logged_decorator#12#17,24862647/24862647_2_recent.py_interval_assurer#1#9,24862647/24862647_2_original.py_interval_assurer#1#9,24862647/24862647_2_69773376.py_interval_assurer#1#9,24862647/24862647_2_69770414.py_interval_assurer#1#9,24862647/24862647_2_69769877.py_interval_assurer#1#9,24862647/24862647_2_69768917.py_interval_assurer#1#9,15448769/15448769_2_recent.py_pred_func#1#8,15448769/15448769_2_original.py_pred_func#1#8,15448769/15448769_2_37565474.py_pred_func#1#8,15448769/15448769_2_37565291.py_pred_func#1#8,11420680/11420680_2_recent.py_catch_exception#3#10,11420680/11420680_2_original.py_catch_exception#3#10,11420680/11420680_2_26563591.py_catch_exception#3#10,11420680/11420680_2_26563049.py_catch_exception#3#10,835859/835859_2_recent.py___getattribute__#10#23,835859/835859_2_1614327.py___getattribute__#10#23,47784164/47784164_4_recent.py_decorator#3#8,47784164/47784164_4_original.py_decorator#3#8,47784164/47784164_4_162717125.py_decorator#3#8,47784164/47784164_4_162659947.py_decorator#3#8,25157101/25157101_6_recent.py_memo#1#8,25157101/25157101_6_original.py_memo#1#8,25157101/25157101_6_70896480.py_memo#1#8,25157101/25157101_6_70881590.py_memo#1#8,24659176/24659176_8_recent.py_memoize#1#7,24659176/24659176_8_original.py_memoize#1#7,24659176/24659176_8_68991410.py_memoize#1#7,24659176/24659176_8_68991001.py_memoize#1#7,24659176/24659176_8_146729063.py_memoize#1#7,22886154/22886154_2_recent.py_memo#1#7,22886154/22886154_2_original.py_memo#1#7,22886154/22886154_2_62188621.py_memo#1#7,22886154/22886154_2_62188267.py_memo#1#7,22886154/22886154_2_62187874.py_memo#1#7,835859/835859_2_original.py___getattribute__#10#21,835859/835859_2_1614143.py___getattribute__#10#21,18024448/18024448_2_recent.py_do_all#8#15,18024448/18024448_2_original.py_do_all#7#13,18024448/18024448_2_45172337.py_do_all#8#15,18024448/18024448_2_44747213.py_do_all#8#15,18024448/18024448_2_44746257.py_do_all#7#13,18328036/18328036_2_recent.py_decorator#3#9,18328036/18328036_2_original.py_decorator#3#9,18328036/18328036_2_52911939.py_decorator#3#9,18328036/18328036_2_45627844.py_decorator#3#9,47784164/47784164_8_recent.py___call__#7#12,47784164/47784164_8_original.py___call__#7#12,47784164/47784164_8_162717125.py___call__#7#12,51867441/51867441_10_recent.py_foo#1#6,51867441/51867441_10_original.py_foo#1#6,51867441/51867441_10_179910408.py_foo#1#6,51867441/51867441_10_179849566.py_foo#1#6,51867441/51867441_10_179844989.py_foo#1#6,24862647/24862647_4_recent.py_wrapper#5#14,24862647/24862647_4_original.py_wrapper#5#14,24862647/24862647_4_69773376.py_wrapper#5#14,24862647/24862647_4_69770414.py_wrapper#5#14,24862647/24862647_4_69769877.py_wrapper#5#14,53807313/53807313_2_recent.py_TestCaseFactory#29#36,53807313/53807313_2_original.py_TestCaseFactory#25#32,53807313/53807313_2_188010525.py_TestCaseFactory#29#36,53807313/53807313_2_187960676.py_TestCaseFactory#29#36,53807313/53807313_2_187946750.py_TestCaseFactory#25#32,63210327/63210327_2_recent.py_autoclick#6#13,63210327/63210327_2_227927099.py_autoclick#6#13,18554192/18554192_4_recent.py___getattr__#4#9,18554192/18554192_4_46389958.py___getattr__#4#9,58474385/58474385_2_original.py_get_footer#1#20,58474385/58474385_2_207604094.py_get_footer#1#20,43543405/43543405_6_recent.py_my_dec#1#6,43543405/43543405_6_original.py_my_dec#1#6,43543405/43543405_6_143662757.py_my_dec#1#6,43543405/43543405_6_143662298.py_my_dec#1#6,43543405/43543405_6_143661885.py_my_dec#1#6,43543405/43543405_6_143661286.py_my_dec#1#6,43543405/43543405_4_143660858.py_my_dec#1#6,28532418/28532418_2_original.py___getattr__#14#19,28532418/28532418_2_83849675.py___getattr__#14#19,28532418/28532418_2_83849432.py___getattr__#14#19,28532418/28532418_2_83849273.py___getattr__#14#19,22470534/22470534_2_recent.py_log_with_func#1#23,22470534/22470534_2_original.py_log_with_func#1#23,22470534/22470534_2_60635022.py_log_with_func#1#23,22470534/22470534_2_60634199.py_log_with_func#1#23,45612308/45612308_2_recent.py_make_singlethread#43#52,45612308/45612308_2_original.py_make_singlethread#43#52,45612308/45612308_2_153656751.py_make_singlethread#43#52,45612308/45612308_2_153656361.py_make_singlethread#43#52,22842755/22842755_2_recent.py_ignores_exc_tb#10#24,22842755/22842755_2_original.py_ignores_exc_tb#10#24,22842755/22842755_2_62021150.py_ignores_exc_tb#10#24,22842755/22842755_2_117676002.py_ignores_exc_tb#10#24,56720336/56720336_2_recent.py_desired_decorator#3#17,56720336/56720336_2_original.py_desired_decorator#3#17,56720336/56720336_2_200199470.py_desired_decorator#3#17,56720336/56720336_2_200199376.py_desired_decorator#3#17
/Users/chaiyong/Downloads/matcha/python_repos/TRAPO/initial/original_TraPO/trapo/verl/examples/data_preprocess/hellaswag.py_preprocess#27#33,10337130/10337130_2_recent.py_stripHTMLTags#14#29,10337130/10337130_2_original.py_stripHTMLTags#14#29,10337130/10337130_2_90102950.py_stripHTMLTags#14#29,10337130/10337130_2_23737325.py_stripHTMLTags#14#29,10337130/10337130_2_146341786.py_stripHTMLTags#14#29,63871635/63871635_2_original.py_split_into_sentences#12#40,63871635/63871635_2_230735647.py_split_into_sentences#12#40,63871635/63871635_2_230947452.py_split_into_sentences#3#50,63871635/63871635_2_230884406.py_split_into_sentences#3#48,63871635/63871635_2_230884008.py_split_into_sentences#3#48,63871635/63871635_2_230867150.py_split_into_sentences#3#48,63871635/63871635_2_230850071.py_split_into_sentences#2#48,63871635/63871635_2_230849660.py_split_into_sentences#2#48,63871635/63871635_2_230849092.py_split_into_sentences#14#42,63871635/63871635_2_230848595.py_split_into_sentences#14#42,63871635/63871635_2_230736480.py_split_into_sentences#13#41,63871635/63871635_2_recent.py_split_into_sentences#3#57,63871635/63871635_2_231064400.py_split_into_sentences#3#57
/Users/chaiyong/Downloads/matcha/python_repos/TRAPO/initial/original_TraPO/eval_scripts/generate_vllm.py_wrapper#22#30,8620034/8620034_2_recent.py_new_f#20#30,8620034/8620034_2_47095157.py_new_f#17#27,8620034/8620034_2_40579682.py_new_f#15#25,8620034/8620034_2_221273438.py_new_f#20#30,31822272/31822272_16_96680617.py_wrapper#1#7,31822272/31822272_16_96680395.py_wrapper#1#7,31822272/31822272_16_192336770.py_wrapper#1#7,31822272/31822272_16_125793840.py_wrapper#1#7,31822272/31822272_12_96679739.py_wrapper#1#7,31822272/31822272_12_96678548.py_wrapper#1#7,31822272/31822272_12_96678307.py_wrapper#1#7,31822272/31822272_12_96678183.py_wrapper#1#7,31822272/31822272_26_96680617.py_wrapper#6#13,31822272/31822272_26_96680395.py_wrapper#7#14,31822272/31822272_26_192336770.py_wrapper#6#13,31822272/31822272_26_125793840.py_wrapper#6#13,31822272/31822272_22_96679739.py_wrapper#7#14,2282656/2282656_2_recent.py_wrapper#11#18,2282656/2282656_2_original.py_wrapper#11#18,2282656/2282656_2_4627543.py_wrapper#11#18,2282656/2282656_2_4627472.py_wrapper#11#18,2282656/2282656_2_29626384.py_wrapper#11#18,11901541/11901541_2_recent.py_wrapper#12#19,11901541/11901541_2_original.py_wrapper#12#19,11901541/11901541_2_28467300.py_wrapper#12#19,11901541/11901541_2_27834683.py_wrapper#12#19,11901541/11901541_2_202885425.py_wrapper#12#19,11901541/11901541_2_147260633.py_wrapper#12#19,11901541/11901541_2_128588105.py_wrapper#12#19,11901541/11901541_2_128587632.py_wrapper#12#19,11901541/11901541_2_120823740.py_wrapper#12#19,11901541/11901541_2_103109235.py_wrapper#12#19,35491756/35491756_2_recent.py_new_f#10#23,35491756/35491756_2_original.py_new_f#13#26,35491756/35491756_2_224704710.py_new_f#10#23,35491756/35491756_2_111201864.py_new_f#13#26
/Users/chaiyong/Downloads/matcha/python_repos/TRAPO/initial/original_TraPO/eval_scripts/generate_vllm.py_decorator#19#31,7004565/7004565_4_recent.py_decorator#20#26,7004565/7004565_4_original.py_decorator#20#26,7004565/7004565_4_15359552.py_decorator#20#26,7004565/7004565_2_15359442.py_decorator#20#26,7004565/7004565_2_15359329.py_decorator#20#26,7004565/7004565_2_15359285.py_decorator#20#26,61532391/61532391_2_recent.py_decorator#8#21,61532391/61532391_2_220531634.py_decorator#8#21,60974965/60974965_4_recent.py_decorator#2#8,60974965/60974965_4_original.py_decorator#2#8,60974965/60974965_4_218188831.py_decorator#2#8,60740375/60740375_4_original.py_decorator#3#11,60740375/60740375_2_217177425.py_decorator#3#11,60740375/60740375_2_217172776.py_decorator#3#11,58598851/58598851_2_recent.py_decorator#8#19,58598851/58598851_2_original.py_decorator#8#19,58598851/58598851_2_208124976.py_decorator#8#19,58598851/58598851_2_208124393.py_decorator#8#19,58598851/58598851_2_208124019.py_decorator#8#19,57930081/57930081_1_recent.py_decorator#2#7,57930081/57930081_1_original.py_decorator#2#7,57930081/57930081_1_205321115.py_decorator#2#7,57930081/57930081_1_205320876.py_decorator#2#7,57691285/57691285_2_recent.py_decorator#2#7,57691285/57691285_2_recent.py_decorator#19#25,57691285/57691285_2_original.py_decorator#2#7,57691285/57691285_2_original.py_decorator#19#25,57691285/57691285_2_204323360.py_decorator#2#7,57691285/57691285_2_204323360.py_decorator#19#25,57691285/57691285_2_204320136.py_decorator#2#7,57691285/57691285_2_204320136.py_decorator#19#25,57691285/57691285_2_204319009.py_decorator#2#7,57691285/57691285_2_204319009.py_decorator#19#25,57691285/57691285_2_204318580.py_decorator#2#7,57691285/57691285_2_204318580.py_decorator#19#25,57528363/57528363_2_recent.py_decorator#8#13,57528363/57528363_2_203620296.py_decorator#8#13,54099965/54099965_6_recent.py_decorator#3#8,54099965/54099965_6_original.py_decorator#3#8,54099965/54099965_6_189225857.py_decorator#3#8,51633273/51633273_2_recent.py_decorator#9#21,51633273/51633273_2_original.py_decorator#9#21,51633273/51633273_2_178868016.py_decorator#9#21,47018456/47018456_2_recent.py_decorator#2#11,47018456/47018456_2_original.py_decorator#2#11,47018456/47018456_2_159491577.py_decorator#2#11,47018456/47018456_2_159474511.py_decorator#2#11,45140086/45140086_2_recent.py_decorator#21#46,45140086/45140086_2_original.py_decorator#16#41,45140086/45140086_2_151752166.py_decorator#21#46,45140086/45140086_2_151750972.py_decorator#16#41,44660648/44660648_2_recent.py_decorator#5#14,44660648/44660648_2_original.py_decorator#5#14,44660648/44660648_2_149815040.py_decorator#5#14,44660648/44660648_2_149814597.py_decorator#5#14,41591089/41591089_4_recent.py_decorator#21#29,41591089/41591089_4_original.py_decorator#21#29,41591089/41591089_4_135769957.py_decorator#21#29,41591089/41591089_4_135733044.py_decorator#21#29,37488166/37488166_24_recent.py_decorator#4#9,37488166/37488166_24_recent.py_decorator#14#19,37488166/37488166_24_original.py_decorator#4#9,37488166/37488166_24_original.py_decorator#14#19,37488166/37488166_24_119104671.py_decorator#4#9,37488166/37488166_24_119104671.py_decorator#14#19,37488166/37488166_24_119104127.py_decorator#4#9,37488166/37488166_24_119104127.py_decorator#14#19,37488166/37488166_24_119103753.py_decorator#4#9,37488166/37488166_24_119103753.py_decorator#14#19,36052618/36052618_2_recent.py_decorator#7#29,36052618/36052618_2_original.py_decorator#11#26,36052618/36052618_2_113668710.py_decorator#7#29,36052618/36052618_2_113428492.py_decorator#11#26,31822272/31822272_26_96680617.py_decorator#2#14,31822272/31822272_26_96680395.py_decorator#2#16,31822272/31822272_26_192336770.py_decorator#2#14,31822272/31822272_26_125793840.py_decorator#2#14,31822272/31822272_22_96679739.py_decorator#2#16,30810215/30810215_4_recent.py_decorator#3#12,30810215/30810215_4_92710024.py_decorator#3#12,30810215/30810215_4_92709946.py_decorator#3#12,30488940/30488940_2_recent.py_decorator#2#8,30488940/30488940_2_original.py_decorator#2#8,30488940/30488940_2_91501248.py_decorator#2#8,30488940/30488940_2_91501246.py_decorator#2#8,30488940/30488940_2_91452601.py_decorator#2#8,25428961/25428961_2_recent.py_decorator#2#8,25428961/25428961_2_original.py_decorator#2#8,25428961/25428961_2_71928276.py_decorator#2#8,25428961/25428961_2_71926372.py_decorator#2#8,25352441/25352441_2_recent.py_decorator#3#13,25352441/25352441_2_71794984.py_decorator#3#13,25352441/25352441_2_71646888.py_decorator#3#11,24871989/24871989_2_recent.py_decorator#2#7,24871989/24871989_2_original.py_decorator#2#7,24871989/24871989_2_69812835.py_decorator#2#7,24871989/24871989_2_69809613.py_decorator#2#7,24871989/24871989_2_69808760.py_decorator#2#7,24871989/24871989_2_69807976.py_decorator#2#7,24871989/24871989_2_69807429.py_decorator#2#7
/Users/chaiyong/Downloads/matcha/python_repos/TRAPO/recipe/entropy/reward_score/entropy_math/__init__.py_wrapper#48#57,8620034/8620034_2_recent.py_new_f#20#30,8620034/8620034_2_47095157.py_new_f#17#27,8620034/8620034_2_40579682.py_new_f#15#25,8620034/8620034_2_221273438.py_new_f#20#30,31822272/31822272_16_96680617.py_wrapper#1#7,31822272/31822272_16_96680395.py_wrapper#1#7,31822272/31822272_16_192336770.py_wrapper#1#7,31822272/31822272_16_125793840.py_wrapper#1#7,31822272/31822272_12_96679739.py_wrapper#1#7,31822272/31822272_12_96678548.py_wrapper#1#7,31822272/31822272_12_96678307.py_wrapper#1#7,31822272/31822272_12_96678183.py_wrapper#1#7,31822272/31822272_26_96680617.py_wrapper#6#13,31822272/31822272_26_96680395.py_wrapper#7#14,31822272/31822272_26_192336770.py_wrapper#6#13,31822272/31822272_26_125793840.py_wrapper#6#13,31822272/31822272_22_96679739.py_wrapper#7#14,2282656/2282656_2_recent.py_wrapper#11#18,2282656/2282656_2_original.py_wrapper#11#18,2282656/2282656_2_4627543.py_wrapper#11#18,2282656/2282656_2_4627472.py_wrapper#11#18,2282656/2282656_2_29626384.py_wrapper#11#18,11901541/11901541_2_recent.py_wrapper#12#19,11901541/11901541_2_original.py_wrapper#12#19,11901541/11901541_2_28467300.py_wrapper#12#19,11901541/11901541_2_27834683.py_wrapper#12#19,11901541/11901541_2_202885425.py_wrapper#12#19,11901541/11901541_2_147260633.py_wrapper#12#19,11901541/11901541_2_128588105.py_wrapper#12#19,11901541/11901541_2_128587632.py_wrapper#12#19,11901541/11901541_2_120823740.py_wrapper#12#19,11901541/11901541_2_103109235.py_wrapper#12#19,35491756/35491756_2_recent.py_new_f#10#23,35491756/35491756_2_original.py_new_f#13#26,35491756/35491756_2_224704710.py_new_f#10#23,35491756/35491756_2_111201864.py_new_f#13#26
/Users/chaiyong/Downloads/matcha/python_repos/TRAPO/recipe/entropy/reward_score/entropy_math/__init__.py_decorator#44#59,7004565/7004565_4_recent.py_decorator#20#26,7004565/7004565_4_original.py_decorator#20#26,7004565/7004565_4_15359552.py_decorator#20#26,7004565/7004565_2_15359442.py_decorator#20#26,7004565/7004565_2_15359329.py_decorator#20#26,7004565/7004565_2_15359285.py_decorator#20#26,61532391/61532391_2_recent.py_decorator#8#21,61532391/61532391_2_220531634.py_decorator#8#21,60974965/60974965_4_recent.py_decorator#2#8,60974965/60974965_4_original.py_decorator#2#8,60974965/60974965_4_218188831.py_decorator#2#8,60740375/60740375_4_original.py_decorator#3#11,60740375/60740375_2_217177425.py_decorator#3#11,60740375/60740375_2_217172776.py_decorator#3#11,58598851/58598851_2_recent.py_decorator#8#19,58598851/58598851_2_original.py_decorator#8#19,58598851/58598851_2_208124976.py_decorator#8#19,58598851/58598851_2_208124393.py_decorator#8#19,58598851/58598851_2_208124019.py_decorator#8#19,57930081/57930081_1_recent.py_decorator#2#7,57930081/57930081_1_original.py_decorator#2#7,57930081/57930081_1_205321115.py_decorator#2#7,57930081/57930081_1_205320876.py_decorator#2#7,57691285/57691285_2_recent.py_decorator#2#7,57691285/57691285_2_recent.py_decorator#19#25,57691285/57691285_2_original.py_decorator#2#7,57691285/57691285_2_original.py_decorator#19#25,57691285/57691285_2_204323360.py_decorator#2#7,57691285/57691285_2_204323360.py_decorator#19#25,57691285/57691285_2_204320136.py_decorator#2#7,57691285/57691285_2_204320136.py_decorator#19#25,57691285/57691285_2_204319009.py_decorator#2#7,57691285/57691285_2_204319009.py_decorator#19#25,57691285/57691285_2_204318580.py_decorator#2#7,57691285/57691285_2_204318580.py_decorator#19#25,57528363/57528363_2_recent.py_decorator#8#13,57528363/57528363_2_203620296.py_decorator#8#13,54099965/54099965_6_recent.py_decorator#3#8,54099965/54099965_6_original.py_decorator#3#8,54099965/54099965_6_189225857.py_decorator#3#8,51633273/51633273_2_recent.py_decorator#9#21,51633273/51633273_2_original.py_decorator#9#21,51633273/51633273_2_178868016.py_decorator#9#21,47018456/47018456_2_recent.py_decorator#2#11,47018456/47018456_2_original.py_decorator#2#11,47018456/47018456_2_159491577.py_decorator#2#11,47018456/47018456_2_159474511.py_decorator#2#11,45140086/45140086_2_recent.py_decorator#21#46,45140086/45140086_2_original.py_decorator#16#41,45140086/45140086_2_151752166.py_decorator#21#46,45140086/45140086_2_151750972.py_decorator#16#41,44660648/44660648_2_recent.py_decorator#5#14,44660648/44660648_2_original.py_decorator#5#14,44660648/44660648_2_149815040.py_decorator#5#14,44660648/44660648_2_149814597.py_decorator#5#14,41591089/41591089_4_recent.py_decorator#21#29,41591089/41591089_4_original.py_decorator#21#29,41591089/41591089_4_135769957.py_decorator#21#29,41591089/41591089_4_135733044.py_decorator#21#29,37488166/37488166_24_recent.py_decorator#4#9,37488166/37488166_24_recent.py_decorator#14#19,37488166/37488166_24_original.py_decorator#4#9,37488166/37488166_24_original.py_decorator#14#19,37488166/37488166_24_119104671.py_decorator#4#9,37488166/37488166_24_119104671.py_decorator#14#19,37488166/37488166_24_119104127.py_decorator#4#9,37488166/37488166_24_119104127.py_decorator#14#19,37488166/37488166_24_119103753.py_decorator#4#9,37488166/37488166_24_119103753.py_decorator#14#19,36052618/36052618_2_recent.py_decorator#7#29,36052618/36052618_2_original.py_decorator#11#26,36052618/36052618_2_113668710.py_decorator#7#29,36052618/36052618_2_113428492.py_decorator#11#26,31822272/31822272_26_96680617.py_decorator#2#14,31822272/31822272_26_96680395.py_decorator#2#16,31822272/31822272_26_192336770.py_decorator#2#14,31822272/31822272_26_125793840.py_decorator#2#14,31822272/31822272_22_96679739.py_decorator#2#16,30810215/30810215_4_recent.py_decorator#3#12,30810215/30810215_4_92710024.py_decorator#3#12,30810215/30810215_4_92709946.py_decorator#3#12,30488940/30488940_2_recent.py_decorator#2#8,30488940/30488940_2_original.py_decorator#2#8,30488940/30488940_2_91501248.py_decorator#2#8,30488940/30488940_2_91501246.py_decorator#2#8,30488940/30488940_2_91452601.py_decorator#2#8,25428961/25428961_2_recent.py_decorator#2#8,25428961/25428961_2_original.py_decorator#2#8,25428961/25428961_2_71928276.py_decorator#2#8,25428961/25428961_2_71926372.py_decorator#2#8,25352441/25352441_2_recent.py_decorator#3#13,25352441/25352441_2_71794984.py_decorator#3#13,25352441/25352441_2_71646888.py_decorator#3#11,24871989/24871989_2_recent.py_decorator#2#7,24871989/24871989_2_original.py_decorator#2#7,24871989/24871989_2_69812835.py_decorator#2#7,24871989/24871989_2_69809613.py_decorator#2#7,24871989/24871989_2_69808760.py_decorator#2#7,24871989/24871989_2_69807976.py_decorator#2#7,24871989/24871989_2_69807429.py_decorator#2#7
/Users/chaiyong/Downloads/matcha/python_repos/TRAPO/tests/workers/rollout/test_sglang_async_rollout_sf_tools.py_decorator#137#143,7004565/7004565_4_recent.py_decorator#20#26,7004565/7004565_4_original.py_decorator#20#26,7004565/7004565_4_15359552.py_decorator#20#26,7004565/7004565_2_15359442.py_decorator#20#26,7004565/7004565_2_15359329.py_decorator#20#26,7004565/7004565_2_15359285.py_decorator#20#26,61532391/61532391_2_recent.py_decorator#8#21,61532391/61532391_2_220531634.py_decorator#8#21,60974965/60974965_4_recent.py_decorator#2#8,60974965/60974965_4_original.py_decorator#2#8,60974965/60974965_4_218188831.py_decorator#2#8,60740375/60740375_4_original.py_decorator#3#11,60740375/60740375_2_217177425.py_decorator#3#11,60740375/60740375_2_217172776.py_decorator#3#11,58598851/58598851_2_recent.py_decorator#8#19,58598851/58598851_2_original.py_decorator#8#19,58598851/58598851_2_208124976.py_decorator#8#19,58598851/58598851_2_208124393.py_decorator#8#19,58598851/58598851_2_208124019.py_decorator#8#19,57930081/57930081_1_recent.py_decorator#2#7,57930081/57930081_1_original.py_decorator#2#7,57930081/57930081_1_205321115.py_decorator#2#7,57930081/57930081_1_205320876.py_decorator#2#7,57691285/57691285_2_recent.py_decorator#2#7,57691285/57691285_2_recent.py_decorator#19#25,57691285/57691285_2_original.py_decorator#2#7,57691285/57691285_2_original.py_decorator#19#25,57691285/57691285_2_204323360.py_decorator#2#7,57691285/57691285_2_204323360.py_decorator#19#25,57691285/57691285_2_204320136.py_decorator#2#7,57691285/57691285_2_204320136.py_decorator#19#25,57691285/57691285_2_204319009.py_decorator#2#7,57691285/57691285_2_204319009.py_decorator#19#25,57691285/57691285_2_204318580.py_decorator#2#7,57691285/57691285_2_204318580.py_decorator#19#25,57528363/57528363_2_recent.py_decorator#8#13,57528363/57528363_2_203620296.py_decorator#8#13,54099965/54099965_6_recent.py_decorator#3#8,54099965/54099965_6_original.py_decorator#3#8,54099965/54099965_6_189225857.py_decorator#3#8,51633273/51633273_2_recent.py_decorator#9#21,51633273/51633273_2_original.py_decorator#9#21,51633273/51633273_2_178868016.py_decorator#9#21,47018456/47018456_2_recent.py_decorator#2#11,47018456/47018456_2_original.py_decorator#2#11,47018456/47018456_2_159491577.py_decorator#2#11,47018456/47018456_2_159474511.py_decorator#2#11,45140086/45140086_2_recent.py_decorator#21#46,45140086/45140086_2_original.py_decorator#16#41,45140086/45140086_2_151752166.py_decorator#21#46,45140086/45140086_2_151750972.py_decorator#16#41,44660648/44660648_2_recent.py_decorator#5#14,44660648/44660648_2_original.py_decorator#5#14,44660648/44660648_2_149815040.py_decorator#5#14,44660648/44660648_2_149814597.py_decorator#5#14,41591089/41591089_4_recent.py_decorator#21#29,41591089/41591089_4_original.py_decorator#21#29,41591089/41591089_4_135769957.py_decorator#21#29,41591089/41591089_4_135733044.py_decorator#21#29,37488166/37488166_24_recent.py_decorator#4#9,37488166/37488166_24_recent.py_decorator#14#19,37488166/37488166_24_original.py_decorator#4#9,37488166/37488166_24_original.py_decorator#14#19,37488166/37488166_24_119104671.py_decorator#4#9,37488166/37488166_24_119104671.py_decorator#14#19,37488166/37488166_24_119104127.py_decorator#4#9,37488166/37488166_24_119104127.py_decorator#14#19,37488166/37488166_24_119103753.py_decorator#4#9,37488166/37488166_24_119103753.py_decorator#14#19,36052618/36052618_2_recent.py_decorator#7#29,36052618/36052618_2_original.py_decorator#11#26,36052618/36052618_2_113668710.py_decorator#7#29,36052618/36052618_2_113428492.py_decorator#11#26,31822272/31822272_26_96680617.py_decorator#2#14,31822272/31822272_26_96680395.py_decorator#2#16,31822272/31822272_26_192336770.py_decorator#2#14,31822272/31822272_26_125793840.py_decorator#2#14,31822272/31822272_22_96679739.py_decorator#2#16,30810215/30810215_4_recent.py_decorator#3#12,30810215/30810215_4_92710024.py_decorator#3#12,30810215/30810215_4_92709946.py_decorator#3#12,30488940/30488940_2_recent.py_decorator#2#8,30488940/30488940_2_original.py_decorator#2#8,30488940/30488940_2_91501248.py_decorator#2#8,30488940/30488940_2_91501246.py_decorator#2#8,30488940/30488940_2_91452601.py_decorator#2#8,25428961/25428961_2_recent.py_decorator#2#8,25428961/25428961_2_original.py_decorator#2#8,25428961/25428961_2_71928276.py_decorator#2#8,25428961/25428961_2_71926372.py_decorator#2#8,25352441/25352441_2_recent.py_decorator#3#13,25352441/25352441_2_71794984.py_decorator#3#13,25352441/25352441_2_71646888.py_decorator#3#11,24871989/24871989_2_recent.py_decorator#2#7,24871989/24871989_2_original.py_decorator#2#7,24871989/24871989_2_69812835.py_decorator#2#7,24871989/24871989_2_69809613.py_decorator#2#7,24871989/24871989_2_69808760.py_decorator#2#7,24871989/24871989_2_69807976.py_decorator#2#7,24871989/24871989_2_69807429.py_decorator#2#7
/Users/chaiyong/Downloads/matcha/python_repos/TRAPO/tests/workers/rollout/test_sglang_async_rollout_sf_tools.py_skip_if_valid_sandbox#136#145,9397717/9397717_4_recent.py_foo_decorator#1#6,9397717/9397717_4_original.py_foo_decorator#1#6,9397717/9397717_4_21357598.py_foo_decorator#1#6,9397717/9397717_4_21357246.py_foo_decorator#1#6,9397717/9397717_4_102221142.py_foo_decorator#1#6,9397717/9397717_2_recent.py_foo_decorator#1#6,9397717/9397717_2_original.py_foo_decorator#1#6,9397717/9397717_2_21357598.py_foo_decorator#1#6,9397717/9397717_2_21357246.py_foo_decorator#1#6,9397717/9397717_2_102221142.py_foo_decorator#1#6,7004565/7004565_4_recent.py_log_and_call#19#27,7004565/7004565_4_original.py_log_and_call#19#27,7004565/7004565_4_15359552.py_log_and_call#19#27,7004565/7004565_2_15359442.py_log_and_call#19#27,7004565/7004565_2_15359329.py_log_and_call#19#27,7004565/7004565_2_15359285.py_log_and_call#19#27,660751/660751_2_original.py_cacheable#1#11,660751/660751_2_1137528.py_cacheable#1#11,63151753/63151753_2_recent.py__is_connected_decorator#2#9,63151753/63151753_2_original.py__is_connected_decorator#2#9,63151753/63151753_2_227677153.py__is_connected_decorator#2#9,63151753/63151753_2_227676577.py__is_connected_decorator#2#9,60408967/60408967_2_215767732.py_register#64#69,5929165/5929165_2_recent.py_decorator_factory#1#10,5929165/5929165_2_207475962.py_decorator_factory#1#10,5929165/5929165_2_202510010.py_decorator_factory#1#10,5929165/5929165_2_193108246.py_decorator_factory#1#10,59116118/59116118_1_recent.py_cooldown#1#16,59116118/59116118_1_original.py_cooldown#1#16,59116118/59116118_1_210284476.py_cooldown#1#16,59116118/59116118_1_210284268.py_cooldown#1#16,58598851/58598851_2_recent.py_save_result#7#21,58598851/58598851_2_original.py_save_result#7#21,58598851/58598851_2_208124976.py_save_result#7#21,58598851/58598851_2_208124393.py_save_result#7#21,58598851/58598851_2_208124019.py_save_result#7#21,57930081/57930081_1_recent.py_customauth#1#8,57930081/57930081_1_original.py_customauth#1#8,57930081/57930081_1_205321115.py_customauth#1#8,57930081/57930081_1_205320876.py_customauth#1#8,5764955/5764955_8_recent.py_argument_decorator#1#6,5764955/5764955_8_original.py_argument_decorator#1#6,5764955/5764955_8_12412355.py_argument_decorator#1#6,5764955/5764955_8_12412295.py_argument_decorator#1#6,56785098/56785098_2_recent.py_execute_in#4#11,56785098/56785098_2_original.py_execute_in#4#11,56785098/56785098_2_200469104.py_execute_in#4#11,56785098/56785098_2_200467024.py_execute_in#4#11,56151358/56151358_2_recent.py_some_decorator_with_arg#2#7,56151358/56151358_2_original.py_some_decorator_with_arg#2#7,56151358/56151358_2_197832465.py_some_decorator_with_arg#2#7,56151358/56151358_2_197786755.py_some_decorator_with_arg#2#7,55550684/55550684_2_recent.py_input_wrap_decorator#1#6,55550684/55550684_2_original.py_input_wrap_decorator#1#6,55550684/55550684_2_195253240.py_input_wrap_decorator#1#6,55550684/55550684_2_195250906.py_input_wrap_decorator#1#6,55224751/55224751_6_recent.py_call_after#1#7,55224751/55224751_6_original.py_call_after#1#7,55224751/55224751_6_193891081.py_call_after#1#7,55224751/55224751_6_193890726.py_call_after#1#7,55208788/55208788_4_recent.py_outter_decorator#2#8,55208788/55208788_4_194053520.py_outter_decorator#2#8,55208788/55208788_4_193816721.py_outter_decorator#2#8,55208788/55208788_2_original.py_deco_with_args#1#6,55208788/55208788_2_193815277.py_deco_with_args#1#6,54514410/54514410_6_recent.py_raise_if_outside_context#1#6,54514410/54514410_6_original.py_raise_if_outside_context#1#6,54514410/54514410_6_191075183.py_raise_if_outside_context#1#6,54514410/54514410_6_190909071.py_raise_if_outside_context#1#6,54437096/54437096_2_recent.py_create_data#2#13,54437096/54437096_2_original.py_create_data#2#13,54437096/54437096_2_190673529.py_create_data#2#13,54437096/54437096_2_190584558.py_create_data#2#13,54040916/54040916_2_recent.py_bind#6#12,54040916/54040916_2_original.py_bind#6#11,54040916/54040916_2_189154628.py_bind#6#12,54040916/54040916_2_188928366.py_bind#6#12,54040916/54040916_2_188928028.py_bind#6#11,53599950/53599950_6_recent.py_sharedclassvar#1#17,53599950/53599950_6_original.py_sharedclassvar#1#17,53599950/53599950_6_187074060.py_sharedclassvar#1#17,53090706/53090706_4_recent.py_chdir_dec#1#8,53090706/53090706_4_original.py_chdir_dec#1#8,53090706/53090706_4_184924724.py_chdir_dec#1#8,51675874/51675874_6_recent.py_log_view#1#12,51675874/51675874_6_original.py_log_view#1#12,51675874/51675874_6_179091551.py_log_view#1#12,51675874/51675874_6_179039199.py_log_view#1#12,51675874/51675874_4_179037440.py_log_view#1#12,47440645/47440645_2_recent.py_add_to_docstring#1#9,47440645/47440645_2_original.py_add_to_docstring#3#11,47440645/47440645_2_original.py_add_to_docstring#20#28,47440645/47440645_2_161220872.py_add_to_docstring#1#9,47440645/47440645_2_161220523.py_add_to_docstring#3#11,47440645/47440645_2_161220523.py_add_to_docstring#20#28,47018456/47018456_2_recent.py_rediscache#1#12,47018456/47018456_2_original.py_rediscache#1#12,47018456/47018456_2_159491577.py_rediscache#1#12,47018456/47018456_2_159474511.py_rediscache#1#12,42568619/42568619_2_139776859.py_check_abs_param#8#27
/Users/chaiyong/Downloads/matcha/python_repos/TRAPO/Weakly_Supervised/scripts/eval/generate_vllm.py_wrapper#22#30,8620034/8620034_2_recent.py_new_f#20#30,8620034/8620034_2_47095157.py_new_f#17#27,8620034/8620034_2_40579682.py_new_f#15#25,8620034/8620034_2_221273438.py_new_f#20#30,31822272/31822272_16_96680617.py_wrapper#1#7,31822272/31822272_16_96680395.py_wrapper#1#7,31822272/31822272_16_192336770.py_wrapper#1#7,31822272/31822272_16_125793840.py_wrapper#1#7,31822272/31822272_12_96679739.py_wrapper#1#7,31822272/31822272_12_96678548.py_wrapper#1#7,31822272/31822272_12_96678307.py_wrapper#1#7,31822272/31822272_12_96678183.py_wrapper#1#7,31822272/31822272_26_96680617.py_wrapper#6#13,31822272/31822272_26_96680395.py_wrapper#7#14,31822272/31822272_26_192336770.py_wrapper#6#13,31822272/31822272_26_125793840.py_wrapper#6#13,31822272/31822272_22_96679739.py_wrapper#7#14,2282656/2282656_2_recent.py_wrapper#11#18,2282656/2282656_2_original.py_wrapper#11#18,2282656/2282656_2_4627543.py_wrapper#11#18,2282656/2282656_2_4627472.py_wrapper#11#18,2282656/2282656_2_29626384.py_wrapper#11#18,11901541/11901541_2_recent.py_wrapper#12#19,11901541/11901541_2_original.py_wrapper#12#19,11901541/11901541_2_28467300.py_wrapper#12#19,11901541/11901541_2_27834683.py_wrapper#12#19,11901541/11901541_2_202885425.py_wrapper#12#19,11901541/11901541_2_147260633.py_wrapper#12#19,11901541/11901541_2_128588105.py_wrapper#12#19,11901541/11901541_2_128587632.py_wrapper#12#19,11901541/11901541_2_120823740.py_wrapper#12#19,11901541/11901541_2_103109235.py_wrapper#12#19,35491756/35491756_2_recent.py_new_f#10#23,35491756/35491756_2_original.py_new_f#13#26,35491756/35491756_2_224704710.py_new_f#10#23,35491756/35491756_2_111201864.py_new_f#13#26
/Users/chaiyong/Downloads/matcha/python_repos/TRAPO/Weakly_Supervised/scripts/eval/generate_vllm.py_decorator#19#31,7004565/7004565_4_recent.py_decorator#20#26,7004565/7004565_4_original.py_decorator#20#26,7004565/7004565_4_15359552.py_decorator#20#26,7004565/7004565_2_15359442.py_decorator#20#26,7004565/7004565_2_15359329.py_decorator#20#26,7004565/7004565_2_15359285.py_decorator#20#26,61532391/61532391_2_recent.py_decorator#8#21,61532391/61532391_2_220531634.py_decorator#8#21,60974965/60974965_4_recent.py_decorator#2#8,60974965/60974965_4_original.py_decorator#2#8,60974965/60974965_4_218188831.py_decorator#2#8,60740375/60740375_4_original.py_decorator#3#11,60740375/60740375_2_217177425.py_decorator#3#11,60740375/60740375_2_217172776.py_decorator#3#11,58598851/58598851_2_recent.py_decorator#8#19,58598851/58598851_2_original.py_decorator#8#19,58598851/58598851_2_208124976.py_decorator#8#19,58598851/58598851_2_208124393.py_decorator#8#19,58598851/58598851_2_208124019.py_decorator#8#19,57930081/57930081_1_recent.py_decorator#2#7,57930081/57930081_1_original.py_decorator#2#7,57930081/57930081_1_205321115.py_decorator#2#7,57930081/57930081_1_205320876.py_decorator#2#7,57691285/57691285_2_recent.py_decorator#2#7,57691285/57691285_2_recent.py_decorator#19#25,57691285/57691285_2_original.py_decorator#2#7,57691285/57691285_2_original.py_decorator#19#25,57691285/57691285_2_204323360.py_decorator#2#7,57691285/57691285_2_204323360.py_decorator#19#25,57691285/57691285_2_204320136.py_decorator#2#7,57691285/57691285_2_204320136.py_decorator#19#25,57691285/57691285_2_204319009.py_decorator#2#7,57691285/57691285_2_204319009.py_decorator#19#25,57691285/57691285_2_204318580.py_decorator#2#7,57691285/57691285_2_204318580.py_decorator#19#25,57528363/57528363_2_recent.py_decorator#8#13,57528363/57528363_2_203620296.py_decorator#8#13,54099965/54099965_6_recent.py_decorator#3#8,54099965/54099965_6_original.py_decorator#3#8,54099965/54099965_6_189225857.py_decorator#3#8,51633273/51633273_2_recent.py_decorator#9#21,51633273/51633273_2_original.py_decorator#9#21,51633273/51633273_2_178868016.py_decorator#9#21,47018456/47018456_2_recent.py_decorator#2#11,47018456/47018456_2_original.py_decorator#2#11,47018456/47018456_2_159491577.py_decorator#2#11,47018456/47018456_2_159474511.py_decorator#2#11,45140086/45140086_2_recent.py_decorator#21#46,45140086/45140086_2_original.py_decorator#16#41,45140086/45140086_2_151752166.py_decorator#21#46,45140086/45140086_2_151750972.py_decorator#16#41,44660648/44660648_2_recent.py_decorator#5#14,44660648/44660648_2_original.py_decorator#5#14,44660648/44660648_2_149815040.py_decorator#5#14,44660648/44660648_2_149814597.py_decorator#5#14,41591089/41591089_4_recent.py_decorator#21#29,41591089/41591089_4_original.py_decorator#21#29,41591089/41591089_4_135769957.py_decorator#21#29,41591089/41591089_4_135733044.py_decorator#21#29,37488166/37488166_24_recent.py_decorator#4#9,37488166/37488166_24_recent.py_decorator#14#19,37488166/37488166_24_original.py_decorator#4#9,37488166/37488166_24_original.py_decorator#14#19,37488166/37488166_24_119104671.py_decorator#4#9,37488166/37488166_24_119104671.py_decorator#14#19,37488166/37488166_24_119104127.py_decorator#4#9,37488166/37488166_24_119104127.py_decorator#14#19,37488166/37488166_24_119103753.py_decorator#4#9,37488166/37488166_24_119103753.py_decorator#14#19,36052618/36052618_2_recent.py_decorator#7#29,36052618/36052618_2_original.py_decorator#11#26,36052618/36052618_2_113668710.py_decorator#7#29,36052618/36052618_2_113428492.py_decorator#11#26,31822272/31822272_26_96680617.py_decorator#2#14,31822272/31822272_26_96680395.py_decorator#2#16,31822272/31822272_26_192336770.py_decorator#2#14,31822272/31822272_26_125793840.py_decorator#2#14,31822272/31822272_22_96679739.py_decorator#2#16,30810215/30810215_4_recent.py_decorator#3#12,30810215/30810215_4_92710024.py_decorator#3#12,30810215/30810215_4_92709946.py_decorator#3#12,30488940/30488940_2_recent.py_decorator#2#8,30488940/30488940_2_original.py_decorator#2#8,30488940/30488940_2_91501248.py_decorator#2#8,30488940/30488940_2_91501246.py_decorator#2#8,30488940/30488940_2_91452601.py_decorator#2#8,25428961/25428961_2_recent.py_decorator#2#8,25428961/25428961_2_original.py_decorator#2#8,25428961/25428961_2_71928276.py_decorator#2#8,25428961/25428961_2_71926372.py_decorator#2#8,25352441/25352441_2_recent.py_decorator#3#13,25352441/25352441_2_71794984.py_decorator#3#13,25352441/25352441_2_71646888.py_decorator#3#11,24871989/24871989_2_recent.py_decorator#2#7,24871989/24871989_2_original.py_decorator#2#7,24871989/24871989_2_69812835.py_decorator#2#7,24871989/24871989_2_69809613.py_decorator#2#7,24871989/24871989_2_69808760.py_decorator#2#7,24871989/24871989_2_69807976.py_decorator#2#7,24871989/24871989_2_69807429.py_decorator#2#7
/Users/chaiyong/Downloads/matcha/python_repos/TRAPO/verl/utils/py_functional.py_wrapper_signal#83#99,11901541/11901541_2_recent.py_wrapper#12#19,11901541/11901541_2_original.py_wrapper#12#19,11901541/11901541_2_28467300.py_wrapper#12#19,11901541/11901541_2_27834683.py_wrapper#12#19,11901541/11901541_2_202885425.py_wrapper#12#19,11901541/11901541_2_147260633.py_wrapper#12#19,11901541/11901541_2_128588105.py_wrapper#12#19,11901541/11901541_2_128587632.py_wrapper#12#19,11901541/11901541_2_120823740.py_wrapper#12#19,11901541/11901541_2_103109235.py_wrapper#12#19
/Users/chaiyong/Downloads/matcha/python_repos/TRAPO/verl/utils/profiler/mstx_profile.py_decorator#230#269,7004565/7004565_4_recent.py_decorator#20#26,7004565/7004565_4_original.py_decorator#20#26,7004565/7004565_4_15359552.py_decorator#20#26,7004565/7004565_2_15359442.py_decorator#20#26,7004565/7004565_2_15359329.py_decorator#20#26,7004565/7004565_2_15359285.py_decorator#20#26,61532391/61532391_2_recent.py_decorator#8#21,61532391/61532391_2_220531634.py_decorator#8#21,60974965/60974965_4_recent.py_decorator#2#8,60974965/60974965_4_original.py_decorator#2#8,60974965/60974965_4_218188831.py_decorator#2#8,60740375/60740375_4_original.py_decorator#3#11,60740375/60740375_2_217177425.py_decorator#3#11,60740375/60740375_2_217172776.py_decorator#3#11,58598851/58598851_2_recent.py_decorator#8#19,58598851/58598851_2_original.py_decorator#8#19,58598851/58598851_2_208124976.py_decorator#8#19,58598851/58598851_2_208124393.py_decorator#8#19,58598851/58598851_2_208124019.py_decorator#8#19,57930081/57930081_1_recent.py_decorator#2#7,57930081/57930081_1_original.py_decorator#2#7,57930081/57930081_1_205321115.py_decorator#2#7,57930081/57930081_1_205320876.py_decorator#2#7,57691285/57691285_2_recent.py_decorator#2#7,57691285/57691285_2_recent.py_decorator#19#25,57691285/57691285_2_original.py_decorator#2#7,57691285/57691285_2_original.py_decorator#19#25,57691285/57691285_2_204323360.py_decorator#2#7,57691285/57691285_2_204323360.py_decorator#19#25,57691285/57691285_2_204320136.py_decorator#2#7,57691285/57691285_2_204320136.py_decorator#19#25,57691285/57691285_2_204319009.py_decorator#2#7,57691285/57691285_2_204319009.py_decorator#19#25,57691285/57691285_2_204318580.py_decorator#2#7,57691285/57691285_2_204318580.py_decorator#19#25,57528363/57528363_2_recent.py_decorator#8#13,57528363/57528363_2_203620296.py_decorator#8#13,54099965/54099965_6_recent.py_decorator#3#8,54099965/54099965_6_original.py_decorator#3#8,54099965/54099965_6_189225857.py_decorator#3#8,51633273/51633273_2_recent.py_decorator#9#21,51633273/51633273_2_original.py_decorator#9#21,51633273/51633273_2_178868016.py_decorator#9#21,47018456/47018456_2_recent.py_decorator#2#11,47018456/47018456_2_original.py_decorator#2#11,47018456/47018456_2_159491577.py_decorator#2#11,47018456/47018456_2_159474511.py_decorator#2#11,45140086/45140086_2_recent.py_decorator#21#46,45140086/45140086_2_original.py_decorator#16#41,45140086/45140086_2_151752166.py_decorator#21#46,45140086/45140086_2_151750972.py_decorator#16#41,44660648/44660648_2_recent.py_decorator#5#14,44660648/44660648_2_original.py_decorator#5#14,44660648/44660648_2_149815040.py_decorator#5#14,44660648/44660648_2_149814597.py_decorator#5#14,41591089/41591089_4_recent.py_decorator#21#29,41591089/41591089_4_original.py_decorator#21#29,41591089/41591089_4_135769957.py_decorator#21#29,41591089/41591089_4_135733044.py_decorator#21#29,37488166/37488166_24_recent.py_decorator#4#9,37488166/37488166_24_recent.py_decorator#14#19,37488166/37488166_24_original.py_decorator#4#9,37488166/37488166_24_original.py_decorator#14#19,37488166/37488166_24_119104671.py_decorator#4#9,37488166/37488166_24_119104671.py_decorator#14#19,37488166/37488166_24_119104127.py_decorator#4#9,37488166/37488166_24_119104127.py_decorator#14#19,37488166/37488166_24_119103753.py_decorator#4#9,37488166/37488166_24_119103753.py_decorator#14#19,36052618/36052618_2_recent.py_decorator#7#29,36052618/36052618_2_original.py_decorator#11#26,36052618/36052618_2_113668710.py_decorator#7#29,36052618/36052618_2_113428492.py_decorator#11#26,31822272/31822272_26_96680617.py_decorator#2#14,31822272/31822272_26_96680395.py_decorator#2#16,31822272/31822272_26_192336770.py_decorator#2#14,31822272/31822272_26_125793840.py_decorator#2#14,31822272/31822272_22_96679739.py_decorator#2#16,30810215/30810215_4_recent.py_decorator#3#12,30810215/30810215_4_92710024.py_decorator#3#12,30810215/30810215_4_92709946.py_decorator#3#12,30488940/30488940_2_recent.py_decorator#2#8,30488940/30488940_2_original.py_decorator#2#8,30488940/30488940_2_91501248.py_decorator#2#8,30488940/30488940_2_91501246.py_decorator#2#8,30488940/30488940_2_91452601.py_decorator#2#8,25428961/25428961_2_recent.py_decorator#2#8,25428961/25428961_2_original.py_decorator#2#8,25428961/25428961_2_71928276.py_decorator#2#8,25428961/25428961_2_71926372.py_decorator#2#8,25352441/25352441_2_recent.py_decorator#3#13,25352441/25352441_2_71794984.py_decorator#3#13,25352441/25352441_2_71646888.py_decorator#3#11,24871989/24871989_2_recent.py_decorator#2#7,24871989/24871989_2_original.py_decorator#2#7,24871989/24871989_2_69812835.py_decorator#2#7,24871989/24871989_2_69809613.py_decorator#2#7,24871989/24871989_2_69808760.py_decorator#2#7,24871989/24871989_2_69807976.py_decorator#2#7,24871989/24871989_2_69807429.py_decorator#2#7
/Users/chaiyong/Downloads/matcha/python_repos/TRAPO/verl/utils/profiler/profile.py_decorator#239#258,7004565/7004565_4_recent.py_decorator#20#26,7004565/7004565_4_original.py_decorator#20#26,7004565/7004565_4_15359552.py_decorator#20#26,7004565/7004565_2_15359442.py_decorator#20#26,7004565/7004565_2_15359329.py_decorator#20#26,7004565/7004565_2_15359285.py_decorator#20#26,61532391/61532391_2_recent.py_decorator#8#21,61532391/61532391_2_220531634.py_decorator#8#21,60974965/60974965_4_recent.py_decorator#2#8,60974965/60974965_4_original.py_decorator#2#8,60974965/60974965_4_218188831.py_decorator#2#8,60740375/60740375_4_original.py_decorator#3#11,60740375/60740375_2_217177425.py_decorator#3#11,60740375/60740375_2_217172776.py_decorator#3#11,58598851/58598851_2_recent.py_decorator#8#19,58598851/58598851_2_original.py_decorator#8#19,58598851/58598851_2_208124976.py_decorator#8#19,58598851/58598851_2_208124393.py_decorator#8#19,58598851/58598851_2_208124019.py_decorator#8#19,57930081/57930081_1_recent.py_decorator#2#7,57930081/57930081_1_original.py_decorator#2#7,57930081/57930081_1_205321115.py_decorator#2#7,57930081/57930081_1_205320876.py_decorator#2#7,57691285/57691285_2_recent.py_decorator#2#7,57691285/57691285_2_recent.py_decorator#19#25,57691285/57691285_2_original.py_decorator#2#7,57691285/57691285_2_original.py_decorator#19#25,57691285/57691285_2_204323360.py_decorator#2#7,57691285/57691285_2_204323360.py_decorator#19#25,57691285/57691285_2_204320136.py_decorator#2#7,57691285/57691285_2_204320136.py_decorator#19#25,57691285/57691285_2_204319009.py_decorator#2#7,57691285/57691285_2_204319009.py_decorator#19#25,57691285/57691285_2_204318580.py_decorator#2#7,57691285/57691285_2_204318580.py_decorator#19#25,57528363/57528363_2_recent.py_decorator#8#13,57528363/57528363_2_203620296.py_decorator#8#13,54099965/54099965_6_recent.py_decorator#3#8,54099965/54099965_6_original.py_decorator#3#8,54099965/54099965_6_189225857.py_decorator#3#8,51633273/51633273_2_recent.py_decorator#9#21,51633273/51633273_2_original.py_decorator#9#21,51633273/51633273_2_178868016.py_decorator#9#21,47018456/47018456_2_recent.py_decorator#2#11,47018456/47018456_2_original.py_decorator#2#11,47018456/47018456_2_159491577.py_decorator#2#11,47018456/47018456_2_159474511.py_decorator#2#11,45140086/45140086_2_recent.py_decorator#21#46,45140086/45140086_2_original.py_decorator#16#41,45140086/45140086_2_151752166.py_decorator#21#46,45140086/45140086_2_151750972.py_decorator#16#41,44660648/44660648_2_recent.py_decorator#5#14,44660648/44660648_2_original.py_decorator#5#14,44660648/44660648_2_149815040.py_decorator#5#14,44660648/44660648_2_149814597.py_decorator#5#14,41591089/41591089_4_recent.py_decorator#21#29,41591089/41591089_4_original.py_decorator#21#29,41591089/41591089_4_135769957.py_decorator#21#29,41591089/41591089_4_135733044.py_decorator#21#29,37488166/37488166_24_recent.py_decorator#4#9,37488166/37488166_24_recent.py_decorator#14#19,37488166/37488166_24_original.py_decorator#4#9,37488166/37488166_24_original.py_decorator#14#19,37488166/37488166_24_119104671.py_decorator#4#9,37488166/37488166_24_119104671.py_decorator#14#19,37488166/37488166_24_119104127.py_decorator#4#9,37488166/37488166_24_119104127.py_decorator#14#19,37488166/37488166_24_119103753.py_decorator#4#9,37488166/37488166_24_119103753.py_decorator#14#19,36052618/36052618_2_recent.py_decorator#7#29,36052618/36052618_2_original.py_decorator#11#26,36052618/36052618_2_113668710.py_decorator#7#29,36052618/36052618_2_113428492.py_decorator#11#26,31822272/31822272_26_96680617.py_decorator#2#14,31822272/31822272_26_96680395.py_decorator#2#16,31822272/31822272_26_192336770.py_decorator#2#14,31822272/31822272_26_125793840.py_decorator#2#14,31822272/31822272_22_96679739.py_decorator#2#16,30810215/30810215_4_recent.py_decorator#3#12,30810215/30810215_4_92710024.py_decorator#3#12,30810215/30810215_4_92709946.py_decorator#3#12,30488940/30488940_2_recent.py_decorator#2#8,30488940/30488940_2_original.py_decorator#2#8,30488940/30488940_2_91501248.py_decorator#2#8,30488940/30488940_2_91501246.py_decorator#2#8,30488940/30488940_2_91452601.py_decorator#2#8,25428961/25428961_2_recent.py_decorator#2#8,25428961/25428961_2_original.py_decorator#2#8,25428961/25428961_2_71928276.py_decorator#2#8,25428961/25428961_2_71926372.py_decorator#2#8,25352441/25352441_2_recent.py_decorator#3#13,25352441/25352441_2_71794984.py_decorator#3#13,25352441/25352441_2_71646888.py_decorator#3#11,24871989/24871989_2_recent.py_decorator#2#7,24871989/24871989_2_original.py_decorator#2#7,24871989/24871989_2_69812835.py_decorator#2#7,24871989/24871989_2_69809613.py_decorator#2#7,24871989/24871989_2_69808760.py_decorator#2#7,24871989/24871989_2_69807976.py_decorator#2#7,24871989/24871989_2_69807429.py_decorator#2#7
/Users/chaiyong/Downloads/matcha/python_repos/TRAPO/verl/utils/profiler/nvtx_profile.py_decorator#176#198,7004565/7004565_4_recent.py_decorator#20#26,7004565/7004565_4_original.py_decorator#20#26,7004565/7004565_4_15359552.py_decorator#20#26,7004565/7004565_2_15359442.py_decorator#20#26,7004565/7004565_2_15359329.py_decorator#20#26,7004565/7004565_2_15359285.py_decorator#20#26,61532391/61532391_2_recent.py_decorator#8#21,61532391/61532391_2_220531634.py_decorator#8#21,60974965/60974965_4_recent.py_decorator#2#8,60974965/60974965_4_original.py_decorator#2#8,60974965/60974965_4_218188831.py_decorator#2#8,60740375/60740375_4_original.py_decorator#3#11,60740375/60740375_2_217177425.py_decorator#3#11,60740375/60740375_2_217172776.py_decorator#3#11,58598851/58598851_2_recent.py_decorator#8#19,58598851/58598851_2_original.py_decorator#8#19,58598851/58598851_2_208124976.py_decorator#8#19,58598851/58598851_2_208124393.py_decorator#8#19,58598851/58598851_2_208124019.py_decorator#8#19,57930081/57930081_1_recent.py_decorator#2#7,57930081/57930081_1_original.py_decorator#2#7,57930081/57930081_1_205321115.py_decorator#2#7,57930081/57930081_1_205320876.py_decorator#2#7,57691285/57691285_2_recent.py_decorator#2#7,57691285/57691285_2_recent.py_decorator#19#25,57691285/57691285_2_original.py_decorator#2#7,57691285/57691285_2_original.py_decorator#19#25,57691285/57691285_2_204323360.py_decorator#2#7,57691285/57691285_2_204323360.py_decorator#19#25,57691285/57691285_2_204320136.py_decorator#2#7,57691285/57691285_2_204320136.py_decorator#19#25,57691285/57691285_2_204319009.py_decorator#2#7,57691285/57691285_2_204319009.py_decorator#19#25,57691285/57691285_2_204318580.py_decorator#2#7,57691285/57691285_2_204318580.py_decorator#19#25,57528363/57528363_2_recent.py_decorator#8#13,57528363/57528363_2_203620296.py_decorator#8#13,54099965/54099965_6_recent.py_decorator#3#8,54099965/54099965_6_original.py_decorator#3#8,54099965/54099965_6_189225857.py_decorator#3#8,51633273/51633273_2_recent.py_decorator#9#21,51633273/51633273_2_original.py_decorator#9#21,51633273/51633273_2_178868016.py_decorator#9#21,47018456/47018456_2_recent.py_decorator#2#11,47018456/47018456_2_original.py_decorator#2#11,47018456/47018456_2_159491577.py_decorator#2#11,47018456/47018456_2_159474511.py_decorator#2#11,45140086/45140086_2_recent.py_decorator#21#46,45140086/45140086_2_original.py_decorator#16#41,45140086/45140086_2_151752166.py_decorator#21#46,45140086/45140086_2_151750972.py_decorator#16#41,44660648/44660648_2_recent.py_decorator#5#14,44660648/44660648_2_original.py_decorator#5#14,44660648/44660648_2_149815040.py_decorator#5#14,44660648/44660648_2_149814597.py_decorator#5#14,41591089/41591089_4_recent.py_decorator#21#29,41591089/41591089_4_original.py_decorator#21#29,41591089/41591089_4_135769957.py_decorator#21#29,41591089/41591089_4_135733044.py_decorator#21#29,37488166/37488166_24_recent.py_decorator#4#9,37488166/37488166_24_recent.py_decorator#14#19,37488166/37488166_24_original.py_decorator#4#9,37488166/37488166_24_original.py_decorator#14#19,37488166/37488166_24_119104671.py_decorator#4#9,37488166/37488166_24_119104671.py_decorator#14#19,37488166/37488166_24_119104127.py_decorator#4#9,37488166/37488166_24_119104127.py_decorator#14#19,37488166/37488166_24_119103753.py_decorator#4#9,37488166/37488166_24_119103753.py_decorator#14#19,36052618/36052618_2_recent.py_decorator#7#29,36052618/36052618_2_original.py_decorator#11#26,36052618/36052618_2_113668710.py_decorator#7#29,36052618/36052618_2_113428492.py_decorator#11#26,31822272/31822272_26_96680617.py_decorator#2#14,31822272/31822272_26_96680395.py_decorator#2#16,31822272/31822272_26_192336770.py_decorator#2#14,31822272/31822272_26_125793840.py_decorator#2#14,31822272/31822272_22_96679739.py_decorator#2#16,30810215/30810215_4_recent.py_decorator#3#12,30810215/30810215_4_92710024.py_decorator#3#12,30810215/30810215_4_92709946.py_decorator#3#12,30488940/30488940_2_recent.py_decorator#2#8,30488940/30488940_2_original.py_decorator#2#8,30488940/30488940_2_91501248.py_decorator#2#8,30488940/30488940_2_91501246.py_decorator#2#8,30488940/30488940_2_91452601.py_decorator#2#8,25428961/25428961_2_recent.py_decorator#2#8,25428961/25428961_2_original.py_decorator#2#8,25428961/25428961_2_71928276.py_decorator#2#8,25428961/25428961_2_71926372.py_decorator#2#8,25352441/25352441_2_recent.py_decorator#3#13,25352441/25352441_2_71794984.py_decorator#3#13,25352441/25352441_2_71646888.py_decorator#3#11,24871989/24871989_2_recent.py_decorator#2#7,24871989/24871989_2_original.py_decorator#2#7,24871989/24871989_2_69812835.py_decorator#2#7,24871989/24871989_2_69809613.py_decorator#2#7,24871989/24871989_2_69808760.py_decorator#2#7,24871989/24871989_2_69807976.py_decorator#2#7,24871989/24871989_2_69807429.py_decorator#2#7
/Users/chaiyong/Downloads/matcha/python_repos/TRAPO/verl/utils/kernel/kernels.py_null_decorator#56#64,3571491/3571491_2_recent.py_meta_wrapper#2#8,3571491/3571491_2_original.py_meta_wrapper#2#8,3571491/3571491_2_7455767.py_meta_wrapper#2#8
/Users/chaiyong/Downloads/matcha/python_repos/TRAPO/verl/utils/reward_score/prime_code/testing_util.py__inner_call_method#592#598,33831890/33831890_2_recent.py_start#36#44,33831890/33831890_2_104600134.py_start#36#44,60868212/60868212_4_recent.py_is_server_healthy#1#10,60868212/60868212_4_original.py_is_server_healthy#1#10,60868212/60868212_4_217728872.py_is_server_healthy#1#10,60868212/60868212_4_217728809.py_is_server_healthy#1#10,60868212/60868212_4_217728385.py_is_server_healthy#1#10,21905309/21905309_2_original.py_dist_metadata#1#15,21905309/21905309_2_58504747.py_dist_metadata#1#15,43835544/43835544_4_original.py_test_starts#4#15,43835544/43835544_4_144840080.py_test_starts#4#15,26414200/26414200_2_recent.py_manager_gen#2#14,26414200/26414200_2_original.py_manager_gen#2#14,26414200/26414200_2_75695551.py_manager_gen#2#14,26414200/26414200_2_75695212.py_manager_gen#2#14,49262664/49262664_2_recent.py_gen#1#10,49262664/49262664_2_original.py_gen#1#10,49262664/49262664_2_170123615.py_gen#1#10,49262664/49262664_2_169522251.py_gen#1#10,49262664/49262664_2_169502144.py_gen#1#10,49262664/49262664_2_169475836.py_gen#1#10,49262664/49262664_2_168963788.py_gen#1#10,49262664/49262664_2_168894755.py_gen#1#10,49262664/49262664_2_168894607.py_gen#1#10,49262664/49262664_2_168880134.py_gen#1#10,37764149/37764149_6_recent.py_start_listening#18#27,37764149/37764149_6_original.py_start_listening#18#27,37764149/37764149_6_120341380.py_start_listening#18#27,15632671/15632671_2_recent.py_run#1#24,15632671/15632671_2_original.py_run#1#24,15632671/15632671_2_38079888.py_run#1#24,15632671/15632671_2_38076195.py_run#1#24,984682/984682_2_original.py_send_message#1#23,984682/984682_2_1910647.py_send_message#1#23,21905309/21905309_2_recent.py_dist_metadata#1#15,21905309/21905309_2_58507974.py_dist_metadata#1#15,21905309/21905309_2_147475911.py_dist_metadata#1#15,58562308/58562308_2_recent.py_f#2#9,58562308/58562308_2_original.py_f#2#9,58562308/58562308_2_207962118.py_f#2#9,58614689/58614689_2_recent.py_run#98#111,58614689/58614689_2_208195502.py_run#98#111,58614689/58614689_2_208195283.py_run#98#111,58614689/58614689_2_208194812.py_run#98#111,58614689/58614689_2_208194476.py_run#98#111,58614689/58614689_2_208194297.py_run#98#111,58614689/58614689_2_208192615.py_run#90#103,61435807/61435807_2_recent.py_get#91#102,61435807/61435807_2_220180540.py_get#91#102,28490950/28490950_2_original.py_doRead#17#22,28490950/28490950_2_83780344.py_doRead#17#22,28490950/28490950_2_83683598.py_doRead#17#22,16657228/16657228_4_recent.py_post#1#9,16657228/16657228_4_original.py_post#1#9,16657228/16657228_4_40921671.py_post#1#9,42177829/42177829_3_recent.py_foo#1#14,42177829/42177829_3_original.py_foo#1#14,42177829/42177829_3_138146238.py_foo#1#14,42177829/42177829_3_138144965.py_foo#1#14,57675772/57675772_10_recent.py___exit__#18#30,57675772/57675772_10_original.py___exit__#18#30,57675772/57675772_10_204391192.py___exit__#18#30,57675772/57675772_10_204390867.py___exit__#18#30,44854812/44854812_2_recent.py_run_all#60#79,44854812/44854812_2_original.py_run_all#68#87,44854812/44854812_2_150637452.py_run_all#60#79,44854812/44854812_2_150617451.py_run_all#60#79,44854812/44854812_2_150588603.py_run_all#68#87,44854812/44854812_2_150588375.py_run_all#68#87,44854812/44854812_2_150588118.py_run_all#68#87,28789181/28789181_2_recent.py_handle#12#57,28789181/28789181_2_original.py_handle#12#57,28789181/28789181_2_84832143.py_handle#12#57,42177829/42177829_1_recent.py_foo#1#16,42177829/42177829_1_original.py_foo#1#16,42177829/42177829_1_138146238.py_foo#1#16,42177829/42177829_1_138144965.py_foo#1#16,42177829/42177829_1_138144536.py_foo#1#16,35888141/35888141_6_recent.py_test_new_table_is_empty#1#12,35888141/35888141_6_original.py_test_new_table_is_empty#1#12,35888141/35888141_6_112792455.py_test_new_table_is_empty#1#12,35888141/35888141_6_112774683.py_test_new_table_is_empty#1#12,6687508/6687508_2_recent.py_main#10#22,6687508/6687508_2_original.py_main#10#22,6687508/6687508_2_14628524.py_main#10#22,42177829/42177829_5_recent.py_foo#1#12,42177829/42177829_5_original.py_foo#1#12,42177829/42177829_5_138146238.py_foo#1#12,15445989/15445989_2_recent.py_no_ssl_verification#11#38,15445989/15445989_2_221828538.py_no_ssl_verification#11#38,15445989/15445989_2_207036053.py_no_ssl_verification#11#38,15445989/15445989_2_198186529.py_no_ssl_verification#11#38,15445989/15445989_2_193061040.py_no_ssl_verification#11#38,7411401/7411401_4_recent.py_load_template_source#7#27,7411401/7411401_4_16355844.py_load_template_source#7#27,7411401/7411401_4_16355742.py_load_template_source#7#27,42223014/42223014_2_recent.py_handle#9#18,42223014/42223014_2_original.py_handle#9#18,42223014/42223014_2_146408555.py_handle#9#18,42223014/42223014_2_138344240.py_handle#9#18
/Users/chaiyong/Downloads/matcha/python_repos/TRAPO/verl/workers/reward_manager/prime.py_run_reward_scoring#90#98,55595696/55595696_2_original.py_run#1#11,55595696/55595696_2_217174619.py_run#1#11,55595696/55595696_2_195521452.py_run#1#11,55595696/55595696_2_195439283.py_run#1#11,55595696/55595696_2_recent.py_run#2#15,55595696/55595696_2_235810732.py_run#2#15
/Users/chaiyong/Downloads/matcha/python_repos/TRAPO/examples/data_preprocess/hellaswag.py_preprocess#28#34,10337130/10337130_2_recent.py_stripHTMLTags#14#29,10337130/10337130_2_original.py_stripHTMLTags#14#29,10337130/10337130_2_90102950.py_stripHTMLTags#14#29,10337130/10337130_2_23737325.py_stripHTMLTags#14#29,10337130/10337130_2_146341786.py_stripHTMLTags#14#29,63871635/63871635_2_original.py_split_into_sentences#12#40,63871635/63871635_2_230735647.py_split_into_sentences#12#40,63871635/63871635_2_230947452.py_split_into_sentences#3#50,63871635/63871635_2_230884406.py_split_into_sentences#3#48,63871635/63871635_2_230884008.py_split_into_sentences#3#48,63871635/63871635_2_230867150.py_split_into_sentences#3#48,63871635/63871635_2_230850071.py_split_into_sentences#2#48,63871635/63871635_2_230849660.py_split_into_sentences#2#48,63871635/63871635_2_230849092.py_split_into_sentences#14#42,63871635/63871635_2_230848595.py_split_into_sentences#14#42,63871635/63871635_2_230736480.py_split_into_sentences#13#41,63871635/63871635_2_recent.py_split_into_sentences#3#57,63871635/63871635_2_231064400.py_split_into_sentences#3#57
