/Users/chaiyong/Downloads/matcha/python_repos/youtube-dl/test/helper.py_try_rm#42#48,26654245/26654245_2_recent.py_move#2#40,26654245/26654245_2_original.py_move#2#40,26654245/26654245_2_76618719.py_move#2#40,26654245/26654245_2_76617392.py_move#2#40,26654245/26654245_2_76616562.py_move#2#40,26654245/26654245_2_76615766.py_move#2#40,26654245/26654245_2_76614808.py_move#2#40
/Users/chaiyong/Downloads/matcha/python_repos/youtube-dl/youtube_dl/compat.py__add_init_method_arg#71#85,37281388/37281388_6_original.py_DragDropWidget#1#23,37281388/37281388_2_118293162.py_DragDropWidget#1#23,64660909/64660909_2_recent.py_deprecated#3#9,64660909/64660909_2_234190039.py_deprecated#3#9,64660909/64660909_2_234175600.py_deprecated#2#8,64660909/64660909_2_234153329.py_deprecated#2#8,64660909/64660909_2_234152055.py_deprecated#2#8,6191067/6191067_2_recent.py_validatable#1#8,6191067/6191067_2_original.py_validatable#1#8,6191067/6191067_2_14247890.py_validatable#1#8,6191067/6191067_2_13426161.py_validatable#1#8,6191067/6191067_2_13425815.py_validatable#1#8,13618333/13618333_8_recent.py_make_threadsafe#15#27,13618333/13618333_8_original.py_make_threadsafe#15#28,13618333/13618333_8_32606069.py_make_threadsafe#15#27,13618333/13618333_8_32604492.py_make_threadsafe#15#27,13618333/13618333_8_32604187.py_make_threadsafe#15#27,13618333/13618333_8_32482656.py_make_threadsafe#15#27,13618333/13618333_8_131738920.py_make_threadsafe#15#27,13618333/13618333_8_131024658.py_make_threadsafe#15#27,13618333/13618333_6_32480194.py_make_threadsafe#15#27,13618333/13618333_6_32479869.py_make_threadsafe#14#27,13618333/13618333_6_32479629.py_make_threadsafe#15#28,51565863/51565863_2_recent.py_wrapper#3#14,51565863/51565863_2_original.py_wrapper#2#13,51565863/51565863_2_178729669.py_wrapper#3#14,51565863/51565863_2_178581046.py_wrapper#2#13,51565863/51565863_2_178580606.py_wrapper#2#13,51565863/51565863_2_178580237.py_wrapper#2#13,15189919/15189919_2_recent.py_trackable#3#31,15189919/15189919_2_original.py_trackable#1#29,15189919/15189919_2_36841416.py_trackable#3#31,15189919/15189919_2_36841268.py_trackable#1#29,45268946/45268946_2_recent.py_skip_init#1#6,45268946/45268946_2_original.py_skip_init#1#6,45268946/45268946_2_152270465.py_skip_init#1#6,45268946/45268946_2_152270277.py_skip_init#1#6,55345883/55345883_2_recent.py_singleton#4#23,55345883/55345883_2_original.py_singleton#4#23,55345883/55345883_2_194396722.py_singleton#4#23,55345883/55345883_2_194395121.py_singleton#4#23,55345883/55345883_2_194394811.py_singleton#4#23
/Users/chaiyong/Downloads/matcha/python_repos/youtube-dl/youtube_dl/compat.py_compat_parse_qs#2616#2626,22034277/22034277_2_recent.py_parse_qs#1#11,22034277/22034277_2_original.py_parse_qs#1#11,22034277/22034277_2_58986946.py_parse_qs#1#11,22034277/22034277_2_58985624.py_parse_qs#1#11
/Users/chaiyong/Downloads/matcha/python_repos/youtube-dl/youtube_dl/compat.py___delitem__#3723#3729,9024499/9024499_2_recent.py___exit__#9#15,9024499/9024499_2_38718775.py___exit__#9#15,9024499/9024499_2_29410672.py___exit__#7#13,9024499/9024499_2_29403092.py___exit__#7#13,9024499/9024499_2_29418492.py___exit__#9#15,9024499/9024499_2_29411497.py___exit__#9#15,9024499/9024499_2_29411206.py___exit__#9#15,25555736/25555736_6_original.py___delitem__#7#13,25555736/25555736_6_72412144.py___delitem__#7#13,25555736/25555736_2_72412144.py___delitem__#6#12,25555736/25555736_2_original.py___delitem__#6#12,25555736/25555736_2_72411586.py___delitem__#6#12
/Users/chaiyong/Downloads/matcha/python_repos/youtube-dl/youtube_dl/utils.py___new__#1887#1894,8859168/8859168_4_recent.py_func_logger#2#10,8859168/8859168_4_20003525.py_func_logger#2#10,62941009/62941009_2_recent.py_decorator#150#159,62941009/62941009_2_original.py_decorator#150#159,62941009/62941009_2_226783599.py_decorator#150#159,62941009/62941009_2_226779441.py_decorator#150#159,57211297/57211297_2_recent.py_repl_only#27#37,57211297/57211297_2_202292704.py_repl_only#27#37,57211297/57211297_2_202283682.py_repl_only#27#37,57211297/57211297_2_202283471.py_repl_only#25#34,5481729/5481729_2_recent.py_log#2#12,5481729/5481729_2_original.py_log#3#13,5481729/5481729_2_195913378.py_log#2#12,5481729/5481729_2_195912958.py_log#2#12,5481729/5481729_2_11749295.py_log#3#13,49078083/49078083_2_recent.py_timeit#7#14,49078083/49078083_2_original.py_timeit#7#14,49078083/49078083_2_168119005.py_timeit#7#14,49078083/49078083_2_168088158.py_timeit#7#14,44848567/44848567_4_recent.py_wrapper#2#9,44848567/44848567_4_original.py_wrapper#2#9,44848567/44848567_4_150565974.py_wrapper#2#9,44848567/44848567_4_150563753.py_wrapper#2#9,44848567/44848567_2_recent.py_wrapper#2#10,44848567/44848567_2_original.py_wrapper#2#10,44848567/44848567_2_150565974.py_wrapper#2#10,44848567/44848567_2_150563753.py_wrapper#2#10,42769789/42769789_4_recent.py_wrapper#2#7,42769789/42769789_4_167143579.py_wrapper#2#7,42769789/42769789_2_recent.py_wrapper#2#7,42769789/42769789_2_167143579.py_wrapper#2#7,41127847/41127847_6_recent.py_print_error_info#3#11,41127847/41127847_6_original.py_print_error_info#3#11,41127847/41127847_6_133778552.py_print_error_info#3#11,41127847/41127847_6_133776377.py_print_error_info#3#11,32431445/32431445_4_recent.py_do_once#6#11,32431445/32431445_4_original.py_do_once#6#11,32431445/32431445_4_99068550.py_do_once#6#11,25122110/25122110_4_recent.py_decorator#4#29,25122110/25122110_4_original.py_decorator#5#31,25122110/25122110_4_70755094.py_decorator#4#29,25122110/25122110_4_70752625.py_decorator#4#29,25122110/25122110_4_70752174.py_decorator#5#32,25122110/25122110_4_70751807.py_decorator#5#31,23224550/23224550_4_recent.py_decorator#1#7,23224550/23224550_4_original.py_decorator#1#7,23224550/23224550_4_63450953.py_decorator#1#7,23224550/23224550_2_recent.py_decorator#19#25,23224550/23224550_2_original.py_decorator#19#25,23224550/23224550_2_63450953.py_decorator#19#25,23224550/23224550_2_63449662.py_decorator#19#25,18528552/18528552_4_recent.py_updatesdisplay#6#13,18528552/18528552_4_46296832.py_updatesdisplay#6#13,16309019/16309019_6_recent.py_sequify#1#10,16309019/16309019_6_original.py_sequify#1#10,16309019/16309019_6_40052468.py_sequify#1#10,16309019/16309019_6_39950631.py_sequify#1#10,16309019/16309019_6_39950265.py_sequify#1#10,16309019/16309019_16_recent.py_wrapper#2#11,16309019/16309019_16_original.py_wrapper#2#11,16309019/16309019_16_40052468.py_wrapper#2#11,16309019/16309019_16_39950631.py_wrapper#2#11,15738414/15738414_2_recent.py_deco#2#9,15738414/15738414_2_original.py_deco#2#9,15738414/15738414_2_38370834.py_deco#2#9,1288936/1288936_4_recent.py_wrapper#3#8,1288936/1288936_4_original.py_wrapper#3#8,1288936/1288936_4_2533559.py_wrapper#3#8,1288936/1288936_4_2533428.py_wrapper#3#8,12297443/12297443_2_recent.py_requires_foo#3#9,12297443/12297443_2_recent.py_requires_bar#11#17,12297443/12297443_2_original.py_requires_foo#3#9,12297443/12297443_2_original.py_requires_bar#11#17,12297443/12297443_2_93517338.py_requires_foo#3#9,12297443/12297443_2_93517338.py_requires_bar#11#17,12297443/12297443_2_28880308.py_requires_foo#3#9,12297443/12297443_2_28880308.py_requires_bar#11#17,45357801/45357801_2_recent.py__wrap#13#18,45357801/45357801_2_original.py__wrap#12#17,45357801/45357801_2_152617543.py__wrap#13#18,45357801/45357801_2_152616435.py__wrap#12#17,45357801/45357801_2_152615698.py__wrap#12#17,11892178/11892178_4_recent.py_deco#13#18,11892178/11892178_4_original.py_deco#13#18,11892178/11892178_4_27810488.py_deco#13#18,13938434/13938434_4_recent.py_deco#2#11,13938434/13938434_4_original.py_deco#2#11,13938434/13938434_4_33366258.py_deco#2#11,13938434/13938434_4_33364956.py_deco#2#11,50866968/50866968_4_recent.py_wrap#2#13,50866968/50866968_4_original.py_wrap#2#13,50866968/50866968_4_175617842.py_wrap#2#13,50866968/50866968_4_175617707.py_wrap#2#13,50866968/50866968_4_175617455.py_wrap#2#13,50866968/50866968_4_175617316.py_wrap#2#13,50866968/50866968_6_recent.py_wrap#2#13,50866968/50866968_6_original.py_wrap#2#12,50866968/50866968_6_175617842.py_wrap#2#13,50866968/50866968_6_175617707.py_wrap#2#12,50866968/50866968_6_175617455.py_wrap#2#12
/Users/chaiyong/Downloads/matcha/python_repos/youtube-dl/youtube_dl/utils.py_process_communicate_or_kill#2280#2286,34459144/34459144_2_recent.py_call#1#8,34459144/34459144_2_original.py_call#1#8,34459144/34459144_2_159864976.py_call#1#8,34459144/34459144_2_107121051.py_call#1#8,34459144/34459144_2_107117843.py_call#1#8,34459144/34459144_2_107117475.py_call#1#8,34459144/34459144_2_107117317.py_call#1#8,23305059/23305059_2_recent.py_call#1#8,23305059/23305059_2_original.py_call#1#8,23305059/23305059_2_63810445.py_call#1#8,23305059/23305059_2_63749511.py_call#1#8,23305059/23305059_2_63749261.py_call#1#8,18372718/18372718_6_recent.py_call#1#16,18372718/18372718_6_original.py_call#1#16,18372718/18372718_6_45749464.py_call#1#16,18372718/18372718_6_45749282.py_call#1#16,7681815/7681815_8_recent.py_call#1#15,7681815/7681815_8_original.py_call#1#15,7681815/7681815_8_17025087.py_call#1#15,18372718/18372718_4_recent.py_call#1#15,18372718/18372718_4_original.py_call#1#15,18372718/18372718_4_45749464.py_call#1#15,18372718/18372718_4_45749282.py_call#1#15,14246396/14246396_2_recent.py_call#1#15,14246396/14246396_2_original.py_call#1#15,14246396/14246396_2_82586809.py_call#1#15,14246396/14246396_2_34236032.py_call#1#15,26476066/26476066_2_recent.py_resource_call#18#33,26476066/26476066_2_original.py_resource_call#18#33,26476066/26476066_2_76001008.py_resource_call#18#33,26476066/26476066_2_75936926.py_resource_call#18#33,26476066/26476066_2_75936744.py_resource_call#18#33
/Users/chaiyong/Downloads/matcha/python_repos/youtube-dl/youtube_dl/utils.py_qualities#4652#4659,30147642/30147642_2_recent.py_average#32#39,30147642/30147642_2_90115569.py_average#32#39,30147642/30147642_2_90115481.py_average#32#39,30147642/30147642_2_90115295.py_average#32#39,30147642/30147642_2_90115233.py_average#32#39,30147642/30147642_2_90114990.py_average#32#39,61930437/61930437_2_recent.py_generateRandomStock#36#50,61930437/61930437_2_222187781.py_generateRandomStock#36#50,57668373/57668373_2_recent.py_fix_list_dicts#1#16,57668373/57668373_2_original.py_fix_list_dicts#1#16,57668373/57668373_2_204225743.py_fix_list_dicts#1#16,57668373/57668373_2_204225459.py_fix_list_dicts#1#16,57668373/57668373_2_204225092.py_fix_list_dicts#1#16,38263224/38263224_8_recent.py_my_function#1#16,38263224/38263224_8_original.py_my_function#1#16,38263224/38263224_8_122202817.py_my_function#1#16,54998957/54998957_2_recent.py__check_values#2#37,54998957/54998957_2_original.py__check_values#2#37,54998957/54998957_2_193340356.py__check_values#2#37,54998957/54998957_2_192951195.py__check_values#2#37,54998957/54998957_2_192950313.py__check_values#2#37,54998957/54998957_2_192929037.py__check_values#2#37,56566375/56566375_6_recent.py_clone_dict#4#20,56566375/56566375_6_original.py_clone_dict#4#20,56566375/56566375_6_199552786.py_clone_dict#4#20,55562908/55562908_2_original.py_fast_mode#1#23,55562908/55562908_2_195304110.py_fast_mode#1#23,55562908/55562908_2_195303782.py_fast_mode#1#23,11196821/11196821_2_recent.py_do_compare#13#38,11196821/11196821_2_25980254.py_do_compare#13#38,64126361/64126361_2_recent.py_add_dict#11#35,64126361/64126361_2_231833748.py_add_dict#11#35,64126361/64126361_2_231833555.py_add_dict#11#35,17863852/17863852_2_recent.py_str_to_dict#5#25,17863852/17863852_2_44304158.py_str_to_dict#5#25,25872583/25872583_2_recent.py_getStationIndices#1#52,25872583/25872583_2_original.py_getStationIndices#1#52,25872583/25872583_2_73729126.py_getStationIndices#1#52,25872583/25872583_2_73623368.py_getStationIndices#1#52,50770611/50770611_10_recent.py_extract_requested_fields#10#88,50770611/50770611_10_original.py_extract_requested_fields#10#88,50770611/50770611_10_175704193.py_extract_requested_fields#10#88,8198226/8198226_2_recent.py_validate_parameters#18#126,8198226/8198226_2_original.py_validate_parameters#18#126,8198226/8198226_2_54253413.py_validate_parameters#18#126,8198226/8198226_2_18300966.py_validate_parameters#18#126,46428568/46428568_4_recent.py_unsqueeze#1#223,46428568/46428568_4_157115588.py_unsqueeze#1#223,46428568/46428568_4_157111156.py_unsqueeze#1#221,33074227/33074227_2_101603268.py_histogram#1#160
/Users/chaiyong/Downloads/matcha/python_repos/youtube-dl/youtube_dl/jsinterp.py__js_id_op#201#215,8859168/8859168_4_recent.py_func_logger#2#10,8859168/8859168_4_20003525.py_func_logger#2#10,8505074/8505074_2_recent.py_applyTopping2#8#13,8505074/8505074_2_recent.py_applyTopping1#1#6,8505074/8505074_2_original.py_applyTopping2#8#13,8505074/8505074_2_original.py_applyTopping1#1#6,8505074/8505074_2_19096018.py_applyTopping2#8#13,8505074/8505074_2_19096018.py_applyTopping1#1#6,65061633/65061633_8_recent.py_compose#4#10,65061633/65061633_8_original.py_compose#4#10,65061633/65061633_8_235900301.py_compose#4#10,65061633/65061633_8_235899747.py_compose#4#10,65061633/65061633_8_235899094.py_compose#4#10,65061633/65061633_8_235898642.py_compose#4#10,65061633/65061633_8_235898208.py_compose#4#10,64632553/64632553_4_recent.py_mydecorator#4#12,64632553/64632553_4_original.py_mydecorator#4#12,64632553/64632553_4_234034137.py_mydecorator#4#12,64632553/64632553_4_234033341.py_mydecorator#4#12,64632553/64632553_4_234031526.py_mydecorator#4#12,6356992/6356992_2_recent.py_counted#2#10,6356992/6356992_2_original.py_counted#2#10,6356992/6356992_2_13820127.py_counted#2#10,6356992/6356992_2_13819722.py_counted#2#10,62941009/62941009_2_recent.py_decorator#150#159,62941009/62941009_2_original.py_decorator#150#159,62941009/62941009_2_226783599.py_decorator#150#159,62941009/62941009_2_226779441.py_decorator#150#159,60819813/60819813_2_recent.py_use_slow#7#16,60819813/60819813_2_recent.py_use_fast#19#26,60819813/60819813_2_217602687.py_use_slow#7#16,60819813/60819813_2_217602687.py_use_fast#19#26,60819813/60819813_2_217600818.py_use_slow#7#16,60819813/60819813_2_217600818.py_use_fast#19#26,5974391/5974391_4_recent.py_wrapper#4#11,5974391/5974391_4_original.py_wrapper#4#11,5974391/5974391_4_145348636.py_wrapper#4#11,5974391/5974391_4_138640819.py_wrapper#4#11,5974391/5974391_4_13108634.py_wrapper#4#11,57669119/57669119_2_recent.py_decorator#2#10,57669119/57669119_2_recent.py_decorator#61#67,57669119/57669119_2_original.py_decorator#2#10,57669119/57669119_2_204229226.py_decorator#2#10,57669119/57669119_2_204229226.py_decorator#61#67,57669119/57669119_2_204228163.py_decorator#2#10,57211297/57211297_2_recent.py_repl_only#27#37,57211297/57211297_2_202292704.py_repl_only#27#37,57211297/57211297_2_202283682.py_repl_only#27#37,57211297/57211297_2_202283471.py_repl_only#25#34,54825044/54825044_4_recent.py_tf_custom_gradient_method#4#12,54825044/54825044_4_original.py_tf_custom_gradient_method#4#12,54825044/54825044_4_192197301.py_tf_custom_gradient_method#4#12,5481729/5481729_2_recent.py_log#2#12,5481729/5481729_2_original.py_log#3#13,5481729/5481729_2_195913378.py_log#2#12,5481729/5481729_2_195912958.py_log#2#12,5481729/5481729_2_11749295.py_log#3#13,54657250/54657250_2_recent.py_short_circuit#7#15,54657250/54657250_2_original.py_short_circuit#7#15,54657250/54657250_2_191500331.py_short_circuit#7#15,54657250/54657250_2_191500232.py_short_circuit#7#15,52921532/52921532_2_recent.py_log_entry_exit#4#10,52921532/52921532_2_original.py_log_entry_exit#4#10,52921532/52921532_2_184233323.py_log_entry_exit#4#10,52921532/52921532_2_184233027.py_log_entry_exit#4#10,52921532/52921532_2_184232806.py_log_entry_exit#4#10,50036860/50036860_8_recent.py_pathrouted#2#12,50036860/50036860_8_original.py_pathrouted#2#12,50036860/50036860_8_172132319.py_pathrouted#2#12,49078083/49078083_2_recent.py_timeit#7#14,49078083/49078083_2_original.py_timeit#7#14,49078083/49078083_2_168119005.py_timeit#7#14,49078083/49078083_2_168088158.py_timeit#7#14,49000737/49000737_10_recent.py_get_customer_from#2#8,49000737/49000737_10_original.py_get_customer_from#2#8,49000737/49000737_10_169958701.py_get_customer_from#2#8,49000737/49000737_10_167943376.py_get_customer_from#2#8,48027011/48027011_2_recent.py_check_method#2#7,48027011/48027011_2_original.py_check_empty#1#6,48027011/48027011_2_163695133.py_check_method#2#7,48027011/48027011_2_163692878.py_check_empty#1#6,47624548/47624548_2_recent.py_printer#4#12,47624548/47624548_2_original.py_printer#4#12,47624548/47624548_2_162018498.py_printer#4#12,47624548/47624548_2_161996957.py_printer#4#12,46664988/46664988_2_recent.py_autounpack#4#11,46664988/46664988_2_original.py_autounpack#4#11,46664988/46664988_2_158009999.py_autounpack#4#11,46664988/46664988_2_158009591.py_autounpack#4#11,44848567/44848567_4_recent.py_wrapper#2#9,44848567/44848567_4_original.py_wrapper#2#9,44848567/44848567_4_150565974.py_wrapper#2#9,44848567/44848567_4_150563753.py_wrapper#2#9,44848567/44848567_2_recent.py_wrapper#2#10,44848567/44848567_2_original.py_wrapper#2#10,44848567/44848567_2_150565974.py_wrapper#2#10,44848567/44848567_2_150563753.py_wrapper#2#10,42769789/42769789_4_recent.py_wrapper#2#7,42769789/42769789_4_167143579.py_wrapper#2#7,42769789/42769789_2_recent.py_wrapper#2#7
/Users/chaiyong/Downloads/matcha/python_repos/youtube-dl/youtube_dl/jsinterp.py__js_comp_op#218#230,8859168/8859168_4_recent.py_func_logger#2#10,8859168/8859168_4_20003525.py_func_logger#2#10,8505074/8505074_2_recent.py_applyTopping2#8#13,8505074/8505074_2_recent.py_applyTopping1#1#6,8505074/8505074_2_original.py_applyTopping2#8#13,8505074/8505074_2_original.py_applyTopping1#1#6,8505074/8505074_2_19096018.py_applyTopping2#8#13,8505074/8505074_2_19096018.py_applyTopping1#1#6,65061633/65061633_8_recent.py_compose#4#10,65061633/65061633_8_original.py_compose#4#10,65061633/65061633_8_235900301.py_compose#4#10,65061633/65061633_8_235899747.py_compose#4#10,65061633/65061633_8_235899094.py_compose#4#10,65061633/65061633_8_235898642.py_compose#4#10,65061633/65061633_8_235898208.py_compose#4#10,64632553/64632553_4_recent.py_mydecorator#4#12,64632553/64632553_4_original.py_mydecorator#4#12,64632553/64632553_4_234034137.py_mydecorator#4#12,64632553/64632553_4_234033341.py_mydecorator#4#12,64632553/64632553_4_234031526.py_mydecorator#4#12,6356992/6356992_2_recent.py_counted#2#10,6356992/6356992_2_original.py_counted#2#10,6356992/6356992_2_13820127.py_counted#2#10,6356992/6356992_2_13819722.py_counted#2#10,62941009/62941009_2_recent.py_decorator#150#159,62941009/62941009_2_original.py_decorator#150#159,62941009/62941009_2_226783599.py_decorator#150#159,62941009/62941009_2_226779441.py_decorator#150#159,60819813/60819813_2_recent.py_use_slow#7#16,60819813/60819813_2_recent.py_use_fast#19#26,60819813/60819813_2_217602687.py_use_slow#7#16,60819813/60819813_2_217602687.py_use_fast#19#26,60819813/60819813_2_217600818.py_use_slow#7#16,60819813/60819813_2_217600818.py_use_fast#19#26,5974391/5974391_4_recent.py_wrapper#4#11,5974391/5974391_4_original.py_wrapper#4#11,5974391/5974391_4_145348636.py_wrapper#4#11,5974391/5974391_4_138640819.py_wrapper#4#11,5974391/5974391_4_13108634.py_wrapper#4#11,57669119/57669119_2_recent.py_decorator#2#10,57669119/57669119_2_recent.py_decorator#61#67,57669119/57669119_2_original.py_decorator#2#10,57669119/57669119_2_204229226.py_decorator#2#10,57669119/57669119_2_204229226.py_decorator#61#67,57669119/57669119_2_204228163.py_decorator#2#10,57211297/57211297_2_recent.py_repl_only#27#37,57211297/57211297_2_202292704.py_repl_only#27#37,57211297/57211297_2_202283682.py_repl_only#27#37,57211297/57211297_2_202283471.py_repl_only#25#34,54825044/54825044_4_recent.py_tf_custom_gradient_method#4#12,54825044/54825044_4_original.py_tf_custom_gradient_method#4#12,54825044/54825044_4_192197301.py_tf_custom_gradient_method#4#12,5481729/5481729_2_recent.py_log#2#12,5481729/5481729_2_original.py_log#3#13,5481729/5481729_2_195913378.py_log#2#12,5481729/5481729_2_195912958.py_log#2#12,5481729/5481729_2_11749295.py_log#3#13,54657250/54657250_2_recent.py_short_circuit#7#15,54657250/54657250_2_original.py_short_circuit#7#15,54657250/54657250_2_191500331.py_short_circuit#7#15,54657250/54657250_2_191500232.py_short_circuit#7#15,52921532/52921532_2_recent.py_log_entry_exit#4#10,52921532/52921532_2_original.py_log_entry_exit#4#10,52921532/52921532_2_184233323.py_log_entry_exit#4#10,52921532/52921532_2_184233027.py_log_entry_exit#4#10,52921532/52921532_2_184232806.py_log_entry_exit#4#10,50036860/50036860_8_recent.py_pathrouted#2#12,50036860/50036860_8_original.py_pathrouted#2#12,50036860/50036860_8_172132319.py_pathrouted#2#12,49078083/49078083_2_recent.py_timeit#7#14,49078083/49078083_2_original.py_timeit#7#14,49078083/49078083_2_168119005.py_timeit#7#14,49078083/49078083_2_168088158.py_timeit#7#14,49000737/49000737_10_recent.py_get_customer_from#2#8,49000737/49000737_10_original.py_get_customer_from#2#8,49000737/49000737_10_169958701.py_get_customer_from#2#8,49000737/49000737_10_167943376.py_get_customer_from#2#8,48027011/48027011_2_recent.py_check_method#2#7,48027011/48027011_2_original.py_check_empty#1#6,48027011/48027011_2_163695133.py_check_method#2#7,48027011/48027011_2_163692878.py_check_empty#1#6,47624548/47624548_2_recent.py_printer#4#12,47624548/47624548_2_original.py_printer#4#12,47624548/47624548_2_162018498.py_printer#4#12,47624548/47624548_2_161996957.py_printer#4#12,46664988/46664988_2_recent.py_autounpack#4#11,46664988/46664988_2_original.py_autounpack#4#11,46664988/46664988_2_158009999.py_autounpack#4#11,46664988/46664988_2_158009591.py_autounpack#4#11,44848567/44848567_4_recent.py_wrapper#2#9,44848567/44848567_4_original.py_wrapper#2#9,44848567/44848567_4_150565974.py_wrapper#2#9,44848567/44848567_4_150563753.py_wrapper#2#9,44848567/44848567_2_recent.py_wrapper#2#10,44848567/44848567_2_original.py_wrapper#2#10,44848567/44848567_2_150565974.py_wrapper#2#10,44848567/44848567_2_150563753.py_wrapper#2#10,42769789/42769789_4_recent.py_wrapper#2#7,42769789/42769789_4_167143579.py_wrapper#2#7,42769789/42769789_2_recent.py_wrapper#2#7
/Users/chaiyong/Downloads/matcha/python_repos/youtube-dl/youtube_dl/jsinterp.py__js_unary_op#240#246,8859168/8859168_4_recent.py_func_logger#2#10,8859168/8859168_4_20003525.py_func_logger#2#10,8505074/8505074_2_recent.py_applyTopping2#8#13,8505074/8505074_2_recent.py_applyTopping1#1#6,8505074/8505074_2_original.py_applyTopping2#8#13,8505074/8505074_2_original.py_applyTopping1#1#6,8505074/8505074_2_19096018.py_applyTopping2#8#13,8505074/8505074_2_19096018.py_applyTopping1#1#6,65061633/65061633_8_recent.py_compose#4#10,65061633/65061633_8_original.py_compose#4#10,65061633/65061633_8_235900301.py_compose#4#10,65061633/65061633_8_235899747.py_compose#4#10,65061633/65061633_8_235899094.py_compose#4#10,65061633/65061633_8_235898642.py_compose#4#10,65061633/65061633_8_235898208.py_compose#4#10,64632553/64632553_4_recent.py_mydecorator#4#12,64632553/64632553_4_original.py_mydecorator#4#12,64632553/64632553_4_234034137.py_mydecorator#4#12,64632553/64632553_4_234033341.py_mydecorator#4#12,64632553/64632553_4_234031526.py_mydecorator#4#12,6356992/6356992_2_recent.py_counted#2#10,6356992/6356992_2_original.py_counted#2#10,6356992/6356992_2_13820127.py_counted#2#10,6356992/6356992_2_13819722.py_counted#2#10,62941009/62941009_2_recent.py_decorator#150#159,62941009/62941009_2_original.py_decorator#150#159,62941009/62941009_2_226783599.py_decorator#150#159,62941009/62941009_2_226779441.py_decorator#150#159,60819813/60819813_2_recent.py_use_slow#7#16,60819813/60819813_2_recent.py_use_fast#19#26,60819813/60819813_2_217602687.py_use_slow#7#16,60819813/60819813_2_217602687.py_use_fast#19#26,60819813/60819813_2_217600818.py_use_slow#7#16,60819813/60819813_2_217600818.py_use_fast#19#26,5974391/5974391_4_recent.py_wrapper#4#11,5974391/5974391_4_original.py_wrapper#4#11,5974391/5974391_4_145348636.py_wrapper#4#11,5974391/5974391_4_138640819.py_wrapper#4#11,5974391/5974391_4_13108634.py_wrapper#4#11,57669119/57669119_2_recent.py_decorator#2#10,57669119/57669119_2_recent.py_decorator#61#67,57669119/57669119_2_original.py_decorator#2#10,57669119/57669119_2_204229226.py_decorator#2#10,57669119/57669119_2_204229226.py_decorator#61#67,57669119/57669119_2_204228163.py_decorator#2#10,57211297/57211297_2_recent.py_repl_only#27#37,57211297/57211297_2_202292704.py_repl_only#27#37,57211297/57211297_2_202283682.py_repl_only#27#37,57211297/57211297_2_202283471.py_repl_only#25#34,54825044/54825044_4_recent.py_tf_custom_gradient_method#4#12,54825044/54825044_4_original.py_tf_custom_gradient_method#4#12,54825044/54825044_4_192197301.py_tf_custom_gradient_method#4#12,5481729/5481729_2_recent.py_log#2#12,5481729/5481729_2_original.py_log#3#13,5481729/5481729_2_195913378.py_log#2#12,5481729/5481729_2_195912958.py_log#2#12,5481729/5481729_2_11749295.py_log#3#13,54657250/54657250_2_recent.py_short_circuit#7#15,54657250/54657250_2_original.py_short_circuit#7#15,54657250/54657250_2_191500331.py_short_circuit#7#15,54657250/54657250_2_191500232.py_short_circuit#7#15,52921532/52921532_2_recent.py_log_entry_exit#4#10,52921532/52921532_2_original.py_log_entry_exit#4#10,52921532/52921532_2_184233323.py_log_entry_exit#4#10,52921532/52921532_2_184233027.py_log_entry_exit#4#10,52921532/52921532_2_184232806.py_log_entry_exit#4#10,50036860/50036860_8_recent.py_pathrouted#2#12,50036860/50036860_8_original.py_pathrouted#2#12,50036860/50036860_8_172132319.py_pathrouted#2#12,49078083/49078083_2_recent.py_timeit#7#14,49078083/49078083_2_original.py_timeit#7#14,49078083/49078083_2_168119005.py_timeit#7#14,49078083/49078083_2_168088158.py_timeit#7#14,49000737/49000737_10_recent.py_get_customer_from#2#8,49000737/49000737_10_original.py_get_customer_from#2#8,49000737/49000737_10_169958701.py_get_customer_from#2#8,49000737/49000737_10_167943376.py_get_customer_from#2#8,48027011/48027011_2_recent.py_check_method#2#7,48027011/48027011_2_original.py_check_empty#1#6,48027011/48027011_2_163695133.py_check_method#2#7,48027011/48027011_2_163692878.py_check_empty#1#6,47624548/47624548_2_recent.py_printer#4#12,47624548/47624548_2_original.py_printer#4#12,47624548/47624548_2_162018498.py_printer#4#12,47624548/47624548_2_161996957.py_printer#4#12,46664988/46664988_2_recent.py_autounpack#4#11,46664988/46664988_2_original.py_autounpack#4#11,46664988/46664988_2_158009999.py_autounpack#4#11,46664988/46664988_2_158009591.py_autounpack#4#11,44848567/44848567_4_recent.py_wrapper#2#9,44848567/44848567_4_original.py_wrapper#2#9,44848567/44848567_4_150565974.py_wrapper#2#9,44848567/44848567_4_150563753.py_wrapper#2#9,44848567/44848567_2_recent.py_wrapper#2#10,44848567/44848567_2_original.py_wrapper#2#10,44848567/44848567_2_150565974.py_wrapper#2#10,44848567/44848567_2_150563753.py_wrapper#2#10,42769789/42769789_4_recent.py_wrapper#2#7,42769789/42769789_4_167143579.py_wrapper#2#7,42769789/42769789_2_recent.py_wrapper#2#7
/Users/chaiyong/Downloads/matcha/python_repos/youtube-dl/youtube_dl/YoutubeDL.py__catch_unsafe_file_extension#134#145,9112590/9112590_2_recent.py_logging#2#7,9112590/9112590_2_original.py_logging#1#6,9112590/9112590_2_20681129.py_logging#2#7,9112590/9112590_2_20680678.py_logging#2#7,9112590/9112590_2_20653898.py_logging#2#7,9112590/9112590_2_20653122.py_logging#2#7,9112590/9112590_2_20652828.py_logging#2#7,9112590/9112590_2_20650278.py_logging#2#7,9112590/9112590_2_20647203.py_logging#2#7,9112590/9112590_2_20647007.py_logging#1#6,9112590/9112590_2_146200279.py_logging#2#7,8198226/8198226_2_recent.py_validecorator#129#139,8198226/8198226_2_original.py_validecorator#129#139,8198226/8198226_2_54253413.py_validecorator#129#139,8198226/8198226_2_18300966.py_validecorator#129#139,7056374/7056374_2_recent.py_autorender#4#9,7056374/7056374_2_original.py_autorender#4#9,7056374/7056374_2_15484087.py_autorender#4#9,7056374/7056374_2_147111250.py_autorender#4#9,7004565/7004565_4_recent.py_decorator#20#26,7004565/7004565_4_original.py_decorator#20#26,7004565/7004565_4_15359552.py_decorator#20#26,7004565/7004565_2_15359442.py_decorator#20#26,7004565/7004565_2_15359329.py_decorator#20#26,7004565/7004565_2_15359285.py_decorator#20#26,64751188/64751188_2_recent.py_validate_max#3#13,64751188/64751188_2_recent.py_validate_max#16#21,64751188/64751188_2_original.py_validate_max#3#13,64751188/64751188_2_234545194.py_validate_max#3#13,64751188/64751188_2_234545194.py_validate_max#16#21,64751188/64751188_2_234544695.py_validate_max#3#13,64729759/64729759_6_recent.py_my_decorator#1#6,64729759/64729759_6_original.py_my_decorator#1#6,64729759/64729759_6_234452990.py_my_decorator#1#6,64729759/64729759_6_234451967.py_my_decorator#1#6,64680223/64680223_2_recent.py_with_printing#2#8,64680223/64680223_2_234232326.py_with_printing#2#8,64216534/64216534_2_recent.py_deco#13#18,64216534/64216534_2_232214098.py_deco#13#18,64216534/64216534_2_232213823.py_deco#13#18,63792624/63792624_2_recent.py_validated_content#2#10,63792624/63792624_2_original.py_validated_content#2#10,63792624/63792624_2_230400303.py_validated_content#2#10,63792624/63792624_2_230390645.py_validated_content#2#10,63104367/63104367_4_recent.py_timer#1#13,63104367/63104367_4_original.py_timer#1#13,63104367/63104367_4_227478233.py_timer#1#13,63104367/63104367_4_227477969.py_timer#1#13,63104367/63104367_4_227477748.py_timer#1#13,63104367/63104367_2_227477497.py_timer#1#13,62437650/62437650_2_recent.py_timed#5#13,62437650/62437650_2_original.py_timed#5#13,62437650/62437650_2_224457255.py_timed#5#13,62437650/62437650_2_224313515.py_timed#5#13,62189019/62189019_2_recent.py_selfy#3#17,62189019/62189019_2_original.py_selfy#3#14,62189019/62189019_2_223293093.py_selfy#3#17,62189019/62189019_2_223290034.py_selfy#3#16,62189019/62189019_2_223279414.py_selfy#3#16,62189019/62189019_2_223278888.py_selfy#3#14,61790791/61790791_4_recent.py_counter#1#7,61790791/61790791_4_original.py_counter#1#7,61790791/61790791_4_221606803.py_counter#1#7,61790791/61790791_4_221606466.py_counter#1#7,61790791/61790791_4_221606083.py_counter#1#7,61696640/61696640_4_recent.py_uppercase#3#9,61696640/61696640_4_original.py_uppercase#3#9,61696640/61696640_4_221224748.py_uppercase#3#9,61696640/61696640_4_221223425.py_uppercase#3#9,61648262/61648262_2_recent.py_time_func#3#9,61648262/61648262_2_original.py_time_func#2#8,61648262/61648262_2_221012015.py_time_func#3#9,61648262/61648262_2_221011429.py_time_func#2#8,61612995/61612995_2_recent.py_throttle#7#19,61612995/61612995_2_original.py_throttle#7#17,61612995/61612995_2_220870974.py_throttle#7#19,61612995/61612995_2_220868233.py_throttle#7#17,61532391/61532391_2_recent.py_decorator#8#21,61532391/61532391_2_220531634.py_decorator#8#21,61083295/61083295_2_recent.py_inspect#2#13,61083295/61083295_2_original.py_inspect#2#13,61083295/61083295_2_218650959.py_inspect#2#13,61083295/61083295_2_218650454.py_inspect#2#13,61083295/61083295_2_218650056.py_inspect#2#13,61062457/61062457_2_recent.py_time_this#11#19,61062457/61062457_2_original.py_time_this#12#21,61062457/61062457_2_218581149.py_time_this#11#19,61062457/61062457_2_218574314.py_time_this#11#19,61062457/61062457_2_218573919.py_time_this#11#19,61062457/61062457_2_218563499.py_time_this#12#21,60974965/60974965_4_recent.py_decorator#2#8,60974965/60974965_4_original.py_decorator#2#8,60974965/60974965_4_218188831.py_decorator#2#8,60974965/60974965_2_recent.py_mock_registration#1#7,60974965/60974965_2_original.py_mock_registration#1#8,60974965/60974965_2_218188831.py_mock_registration#1#7,60974965/60974965_2_218188206.py_mock_registration#1#8,60740375/60740375_4_original.py_decorator#3#11,60740375/60740375_2_217177425.py_decorator#3#11,60740375/60740375_2_217172776.py_decorator#3#11
/Users/chaiyong/Downloads/matcha/python_repos/youtube-dl/youtube_dl/YoutubeDL.py___handle_extraction_exceptions#879#899,9112590/9112590_2_recent.py_logging#2#7,9112590/9112590_2_original.py_logging#1#6,9112590/9112590_2_20681129.py_logging#2#7,9112590/9112590_2_20680678.py_logging#2#7,9112590/9112590_2_20653898.py_logging#2#7,9112590/9112590_2_20653122.py_logging#2#7,9112590/9112590_2_20652828.py_logging#2#7,9112590/9112590_2_20650278.py_logging#2#7,9112590/9112590_2_20647203.py_logging#2#7,9112590/9112590_2_20647007.py_logging#1#6,9112590/9112590_2_146200279.py_logging#2#7,8198226/8198226_2_recent.py_validecorator#129#139,8198226/8198226_2_original.py_validecorator#129#139,8198226/8198226_2_54253413.py_validecorator#129#139,8198226/8198226_2_18300966.py_validecorator#129#139,7056374/7056374_2_recent.py_autorender#4#9,7056374/7056374_2_original.py_autorender#4#9,7056374/7056374_2_15484087.py_autorender#4#9,7056374/7056374_2_147111250.py_autorender#4#9,7004565/7004565_4_recent.py_decorator#20#26,7004565/7004565_4_original.py_decorator#20#26,7004565/7004565_4_15359552.py_decorator#20#26,7004565/7004565_2_15359442.py_decorator#20#26,7004565/7004565_2_15359329.py_decorator#20#26,7004565/7004565_2_15359285.py_decorator#20#26,64751188/64751188_2_recent.py_validate_max#3#13,64751188/64751188_2_recent.py_validate_max#16#21,64751188/64751188_2_original.py_validate_max#3#13,64751188/64751188_2_234545194.py_validate_max#3#13,64751188/64751188_2_234545194.py_validate_max#16#21,64751188/64751188_2_234544695.py_validate_max#3#13,64729759/64729759_6_recent.py_my_decorator#1#6,64729759/64729759_6_original.py_my_decorator#1#6,64729759/64729759_6_234452990.py_my_decorator#1#6,64729759/64729759_6_234451967.py_my_decorator#1#6,64680223/64680223_2_recent.py_with_printing#2#8,64680223/64680223_2_234232326.py_with_printing#2#8,64216534/64216534_2_recent.py_deco#13#18,64216534/64216534_2_232214098.py_deco#13#18,64216534/64216534_2_232213823.py_deco#13#18,63792624/63792624_2_recent.py_validated_content#2#10,63792624/63792624_2_original.py_validated_content#2#10,63792624/63792624_2_230400303.py_validated_content#2#10,63792624/63792624_2_230390645.py_validated_content#2#10,63104367/63104367_4_recent.py_timer#1#13,63104367/63104367_4_original.py_timer#1#13,63104367/63104367_4_227478233.py_timer#1#13,63104367/63104367_4_227477969.py_timer#1#13,63104367/63104367_4_227477748.py_timer#1#13,63104367/63104367_2_227477497.py_timer#1#13,62437650/62437650_2_recent.py_timed#5#13,62437650/62437650_2_original.py_timed#5#13,62437650/62437650_2_224457255.py_timed#5#13,62437650/62437650_2_224313515.py_timed#5#13,62189019/62189019_2_recent.py_selfy#3#17,62189019/62189019_2_original.py_selfy#3#14,62189019/62189019_2_223293093.py_selfy#3#17,62189019/62189019_2_223290034.py_selfy#3#16,62189019/62189019_2_223279414.py_selfy#3#16,62189019/62189019_2_223278888.py_selfy#3#14,61790791/61790791_4_recent.py_counter#1#7,61790791/61790791_4_original.py_counter#1#7,61790791/61790791_4_221606803.py_counter#1#7,61790791/61790791_4_221606466.py_counter#1#7,61790791/61790791_4_221606083.py_counter#1#7,61696640/61696640_4_recent.py_uppercase#3#9,61696640/61696640_4_original.py_uppercase#3#9,61696640/61696640_4_221224748.py_uppercase#3#9,61696640/61696640_4_221223425.py_uppercase#3#9,61648262/61648262_2_recent.py_time_func#3#9,61648262/61648262_2_original.py_time_func#2#8,61648262/61648262_2_221012015.py_time_func#3#9,61648262/61648262_2_221011429.py_time_func#2#8,61612995/61612995_2_recent.py_throttle#7#19,61612995/61612995_2_original.py_throttle#7#17,61612995/61612995_2_220870974.py_throttle#7#19,61612995/61612995_2_220868233.py_throttle#7#17,61532391/61532391_2_recent.py_decorator#8#21,61532391/61532391_2_220531634.py_decorator#8#21,61083295/61083295_2_recent.py_inspect#2#13,61083295/61083295_2_original.py_inspect#2#13,61083295/61083295_2_218650959.py_inspect#2#13,61083295/61083295_2_218650454.py_inspect#2#13,61083295/61083295_2_218650056.py_inspect#2#13,61062457/61062457_2_recent.py_time_this#11#19,61062457/61062457_2_original.py_time_this#12#21,61062457/61062457_2_218581149.py_time_this#11#19,61062457/61062457_2_218574314.py_time_this#11#19,61062457/61062457_2_218573919.py_time_this#11#19,61062457/61062457_2_218563499.py_time_this#12#21,60974965/60974965_4_recent.py_decorator#2#8,60974965/60974965_4_original.py_decorator#2#8,60974965/60974965_4_218188831.py_decorator#2#8,60974965/60974965_2_recent.py_mock_registration#1#7,60974965/60974965_2_original.py_mock_registration#1#8,60974965/60974965_2_218188831.py_mock_registration#1#7,60974965/60974965_2_218188206.py_mock_registration#1#8,60740375/60740375_4_original.py_decorator#3#11,60740375/60740375_2_217177425.py_decorator#3#11,60740375/60740375_2_217172776.py_decorator#3#11
