/Users/chaiyong/Downloads/matcha/python_repos/yt-dlp/yt_dlp/networking/_helper.py_wrap_request_errors#190#199,9112590/9112590_2_recent.py_logging#2#7,9112590/9112590_2_original.py_logging#1#6,9112590/9112590_2_20681129.py_logging#2#7,9112590/9112590_2_20680678.py_logging#2#7,9112590/9112590_2_20653898.py_logging#2#7,9112590/9112590_2_20653122.py_logging#2#7,9112590/9112590_2_20652828.py_logging#2#7,9112590/9112590_2_20650278.py_logging#2#7,9112590/9112590_2_20647203.py_logging#2#7,9112590/9112590_2_20647007.py_logging#1#6,9112590/9112590_2_146200279.py_logging#2#7,8198226/8198226_2_recent.py_validecorator#129#139,8198226/8198226_2_original.py_validecorator#129#139,8198226/8198226_2_54253413.py_validecorator#129#139,8198226/8198226_2_18300966.py_validecorator#129#139,7056374/7056374_2_recent.py_autorender#4#9,7056374/7056374_2_original.py_autorender#4#9,7056374/7056374_2_15484087.py_autorender#4#9,7056374/7056374_2_147111250.py_autorender#4#9,7004565/7004565_4_recent.py_decorator#20#26,7004565/7004565_4_original.py_decorator#20#26,7004565/7004565_4_15359552.py_decorator#20#26,7004565/7004565_2_15359442.py_decorator#20#26,7004565/7004565_2_15359329.py_decorator#20#26,7004565/7004565_2_15359285.py_decorator#20#26,64751188/64751188_2_recent.py_validate_max#3#13,64751188/64751188_2_recent.py_validate_max#16#21,64751188/64751188_2_original.py_validate_max#3#13,64751188/64751188_2_234545194.py_validate_max#3#13,64751188/64751188_2_234545194.py_validate_max#16#21,64751188/64751188_2_234544695.py_validate_max#3#13,64729759/64729759_6_recent.py_my_decorator#1#6,64729759/64729759_6_original.py_my_decorator#1#6,64729759/64729759_6_234452990.py_my_decorator#1#6,64729759/64729759_6_234451967.py_my_decorator#1#6,64680223/64680223_2_recent.py_with_printing#2#8,64680223/64680223_2_234232326.py_with_printing#2#8,64216534/64216534_2_recent.py_deco#13#18,64216534/64216534_2_232214098.py_deco#13#18,64216534/64216534_2_232213823.py_deco#13#18,63792624/63792624_2_recent.py_validated_content#2#10,63792624/63792624_2_original.py_validated_content#2#10,63792624/63792624_2_230400303.py_validated_content#2#10,63792624/63792624_2_230390645.py_validated_content#2#10,63104367/63104367_4_recent.py_timer#1#13,63104367/63104367_4_original.py_timer#1#13,63104367/63104367_4_227478233.py_timer#1#13,63104367/63104367_4_227477969.py_timer#1#13,63104367/63104367_4_227477748.py_timer#1#13,63104367/63104367_2_227477497.py_timer#1#13,62437650/62437650_2_recent.py_timed#5#13,62437650/62437650_2_original.py_timed#5#13,62437650/62437650_2_224457255.py_timed#5#13,62437650/62437650_2_224313515.py_timed#5#13,62189019/62189019_2_recent.py_selfy#3#17,62189019/62189019_2_original.py_selfy#3#14,62189019/62189019_2_223293093.py_selfy#3#17,62189019/62189019_2_223290034.py_selfy#3#16,62189019/62189019_2_223279414.py_selfy#3#16,62189019/62189019_2_223278888.py_selfy#3#14,61790791/61790791_4_recent.py_counter#1#7,61790791/61790791_4_original.py_counter#1#7,61790791/61790791_4_221606803.py_counter#1#7,61790791/61790791_4_221606466.py_counter#1#7,61790791/61790791_4_221606083.py_counter#1#7,61696640/61696640_4_recent.py_uppercase#3#9,61696640/61696640_4_original.py_uppercase#3#9,61696640/61696640_4_221224748.py_uppercase#3#9,61696640/61696640_4_221223425.py_uppercase#3#9,61648262/61648262_2_recent.py_time_func#3#9,61648262/61648262_2_original.py_time_func#2#8,61648262/61648262_2_221012015.py_time_func#3#9,61648262/61648262_2_221011429.py_time_func#2#8,61612995/61612995_2_recent.py_throttle#7#19,61612995/61612995_2_original.py_throttle#7#17,61612995/61612995_2_220870974.py_throttle#7#19,61612995/61612995_2_220868233.py_throttle#7#17,61532391/61532391_2_recent.py_decorator#8#21,61532391/61532391_2_220531634.py_decorator#8#21,61083295/61083295_2_recent.py_inspect#2#13,61083295/61083295_2_original.py_inspect#2#13,61083295/61083295_2_218650959.py_inspect#2#13,61083295/61083295_2_218650454.py_inspect#2#13,61083295/61083295_2_218650056.py_inspect#2#13,61062457/61062457_2_recent.py_time_this#11#19,61062457/61062457_2_original.py_time_this#12#21,61062457/61062457_2_218581149.py_time_this#11#19,61062457/61062457_2_218574314.py_time_this#11#19,61062457/61062457_2_218573919.py_time_this#11#19,61062457/61062457_2_218563499.py_time_this#12#21,60974965/60974965_4_recent.py_decorator#2#8,60974965/60974965_4_original.py_decorator#2#8,60974965/60974965_4_218188831.py_decorator#2#8,60974965/60974965_2_recent.py_mock_registration#1#7,60974965/60974965_2_original.py_mock_registration#1#8,60974965/60974965_2_218188831.py_mock_registration#1#7,60974965/60974965_2_218188206.py_mock_registration#1#8,60740375/60740375_4_original.py_decorator#3#11,60740375/60740375_2_217177425.py_decorator#3#11,60740375/60740375_2_217172776.py_decorator#3#11
/Users/chaiyong/Downloads/matcha/python_repos/yt-dlp/yt_dlp/networking/_requests.py_emit#236#245,36937462/36937462_2_recent.py_emit#9#26,36937462/36937462_2_original.py_emit#9#26,36937462/36937462_2_208957465.py_emit#9#26,36937462/36937462_2_208805942.py_emit#9#26,36937462/36937462_2_116934249.py_emit#9#26,36937462/36937462_2_116930948.py_emit#9#26,31578184/31578184_6_original.py_emit#1#29,31578184/31578184_4_95721165.py_emit#1#29,31578184/31578184_4_recent.py_emit#2#31,31578184/31578184_4_original.py_emit#1#30,31578184/31578184_4_147444939.py_emit#2#31,31578184/31578184_4_100793467.py_emit#2#31,31578184/31578184_2_95791863.py_emit#2#31,31578184/31578184_2_95721165.py_emit#1#30,31578184/31578184_6_recent.py_emit#1#24,31578184/31578184_6_147444939.py_emit#1#24,31578184/31578184_6_100793467.py_emit#1#24,31578184/31578184_4_95791863.py_emit#1#24
/Users/chaiyong/Downloads/matcha/python_repos/yt-dlp/yt_dlp/postprocessor/common.py_run_wrapper#18#28,61370902/61370902_2_recent.py_exception_wrapper#1#8,61370902/61370902_2_219860201.py_exception_wrapper#1#8,19495702/19495702_2_recent.py_run_in_thread#1#6,19495702/19495702_2_original.py_run_in_thread#1#6,19495702/19495702_2_49753553.py_run_in_thread#1#6,19495702/19495702_2_190685511.py_run_in_thread#1#6,39952856/39952856_8_recent.py_run_functions_in_random_order#1#7,39952856/39952856_8_original.py_run_functions_in_random_order#1#7,39952856/39952856_8_128938260.py_run_functions_in_random_order#1#7,35758398/35758398_2_recent.py_prefix_function#4#9,35758398/35758398_2_original.py_prefix_function#4#9,35758398/35758398_2_112259467.py_prefix_function#4#9,35758398/35758398_2_112259045.py_prefix_function#4#9,35758398/35758398_2_112258697.py_prefix_function#4#9,7024300/7024300_2_recent.py_run_before#1#12,7024300/7024300_2_original.py_run_before#1#8,7024300/7024300_2_15406333.py_run_before#1#12,7024300/7024300_2_15406085.py_run_before#1#8,54035554/54035554_2_188906820.py_zabbix_sender#2#9,54035554/54035554_2_188906518.py_zabbix_sender#2#9,54035554/54035554_4_original.py_zabbix_sender#1#13,54035554/54035554_4_188906820.py_zabbix_sender#1#13
/Users/chaiyong/Downloads/matcha/python_repos/yt-dlp/yt_dlp/postprocessor/common.py_decorator#118#132,7004565/7004565_4_recent.py_decorator#20#26,7004565/7004565_4_original.py_decorator#20#26,7004565/7004565_4_15359552.py_decorator#20#26,7004565/7004565_2_15359442.py_decorator#20#26,7004565/7004565_2_15359329.py_decorator#20#26,7004565/7004565_2_15359285.py_decorator#20#26,61532391/61532391_2_recent.py_decorator#8#21,61532391/61532391_2_220531634.py_decorator#8#21,60974965/60974965_4_recent.py_decorator#2#8,60974965/60974965_4_original.py_decorator#2#8,60974965/60974965_4_218188831.py_decorator#2#8,60740375/60740375_4_original.py_decorator#3#11,60740375/60740375_2_217177425.py_decorator#3#11,60740375/60740375_2_217172776.py_decorator#3#11,58598851/58598851_2_recent.py_decorator#8#19,58598851/58598851_2_original.py_decorator#8#19,58598851/58598851_2_208124976.py_decorator#8#19,58598851/58598851_2_208124393.py_decorator#8#19,58598851/58598851_2_208124019.py_decorator#8#19,57930081/57930081_1_recent.py_decorator#2#7,57930081/57930081_1_original.py_decorator#2#7,57930081/57930081_1_205321115.py_decorator#2#7,57930081/57930081_1_205320876.py_decorator#2#7,57691285/57691285_2_recent.py_decorator#2#7,57691285/57691285_2_recent.py_decorator#19#25,57691285/57691285_2_original.py_decorator#2#7,57691285/57691285_2_original.py_decorator#19#25,57691285/57691285_2_204323360.py_decorator#2#7,57691285/57691285_2_204323360.py_decorator#19#25,57691285/57691285_2_204320136.py_decorator#2#7,57691285/57691285_2_204320136.py_decorator#19#25,57691285/57691285_2_204319009.py_decorator#2#7,57691285/57691285_2_204319009.py_decorator#19#25,57691285/57691285_2_204318580.py_decorator#2#7,57691285/57691285_2_204318580.py_decorator#19#25,57528363/57528363_2_recent.py_decorator#8#13,57528363/57528363_2_203620296.py_decorator#8#13,54099965/54099965_6_recent.py_decorator#3#8,54099965/54099965_6_original.py_decorator#3#8,54099965/54099965_6_189225857.py_decorator#3#8,51633273/51633273_2_recent.py_decorator#9#21,51633273/51633273_2_original.py_decorator#9#21,51633273/51633273_2_178868016.py_decorator#9#21,47018456/47018456_2_recent.py_decorator#2#11,47018456/47018456_2_original.py_decorator#2#11,47018456/47018456_2_159491577.py_decorator#2#11,47018456/47018456_2_159474511.py_decorator#2#11,45140086/45140086_2_recent.py_decorator#21#46,45140086/45140086_2_original.py_decorator#16#41,45140086/45140086_2_151752166.py_decorator#21#46,45140086/45140086_2_151750972.py_decorator#16#41,44660648/44660648_2_recent.py_decorator#5#14,44660648/44660648_2_original.py_decorator#5#14,44660648/44660648_2_149815040.py_decorator#5#14,44660648/44660648_2_149814597.py_decorator#5#14,41591089/41591089_4_recent.py_decorator#21#29,41591089/41591089_4_original.py_decorator#21#29,41591089/41591089_4_135769957.py_decorator#21#29,41591089/41591089_4_135733044.py_decorator#21#29,37488166/37488166_24_recent.py_decorator#4#9,37488166/37488166_24_recent.py_decorator#14#19,37488166/37488166_24_original.py_decorator#4#9,37488166/37488166_24_original.py_decorator#14#19,37488166/37488166_24_119104671.py_decorator#4#9,37488166/37488166_24_119104671.py_decorator#14#19,37488166/37488166_24_119104127.py_decorator#4#9,37488166/37488166_24_119104127.py_decorator#14#19,37488166/37488166_24_119103753.py_decorator#4#9,37488166/37488166_24_119103753.py_decorator#14#19,36052618/36052618_2_recent.py_decorator#7#29,36052618/36052618_2_original.py_decorator#11#26,36052618/36052618_2_113668710.py_decorator#7#29,36052618/36052618_2_113428492.py_decorator#11#26,31822272/31822272_26_96680617.py_decorator#2#14,31822272/31822272_26_96680395.py_decorator#2#16,31822272/31822272_26_192336770.py_decorator#2#14,31822272/31822272_26_125793840.py_decorator#2#14,31822272/31822272_22_96679739.py_decorator#2#16,30810215/30810215_4_recent.py_decorator#3#12,30810215/30810215_4_92710024.py_decorator#3#12,30810215/30810215_4_92709946.py_decorator#3#12,30488940/30488940_2_recent.py_decorator#2#8,30488940/30488940_2_original.py_decorator#2#8,30488940/30488940_2_91501248.py_decorator#2#8,30488940/30488940_2_91501246.py_decorator#2#8,30488940/30488940_2_91452601.py_decorator#2#8,25428961/25428961_2_recent.py_decorator#2#8,25428961/25428961_2_original.py_decorator#2#8,25428961/25428961_2_71928276.py_decorator#2#8,25428961/25428961_2_71926372.py_decorator#2#8,25352441/25352441_2_recent.py_decorator#3#13,25352441/25352441_2_71794984.py_decorator#3#13,25352441/25352441_2_71646888.py_decorator#3#11,24871989/24871989_2_recent.py_decorator#2#7,24871989/24871989_2_original.py_decorator#2#7,24871989/24871989_2_69812835.py_decorator#2#7,24871989/24871989_2_69809613.py_decorator#2#7,24871989/24871989_2_69808760.py_decorator#2#7,24871989/24871989_2_69807976.py_decorator#2#7,24871989/24871989_2_69807429.py_decorator#2#7
/Users/chaiyong/Downloads/matcha/python_repos/yt-dlp/yt_dlp/utils/traversal.py_trim_str#447#458,52531407/52531407_2_original.py_longest_palindromic_subsequence#2#15,52531407/52531407_2_182602859.py_longest_palindromic_subsequence#2#15,52531407/52531407_2_182602461.py_longest_palindromic_subsequence#2#15,4672735/4672735_4_original.py_find#3#12,4672735/4672735_4_9883202.py_find#3#12,60339200/60339200_2_recent.py_dedrift#2#8,60339200/60339200_2_original.py_dedrift#2#8,60339200/60339200_2_215522563.py_dedrift#2#8,60339200/60339200_2_215456249.py_dedrift#2#8,41537004/41537004_2_recent.py_magic_index#1#21,41537004/41537004_2_original.py_magic_index#1#21,41537004/41537004_2_135511937.py_magic_index#1#21,41537004/41537004_2_135511700.py_magic_index#1#21,52531407/52531407_2_recent.py_longest_palindromic_subsequence#2#22,52531407/52531407_2_182604740.py_longest_palindromic_subsequence#2#22,52531407/52531407_2_182604330.py_longest_palindromic_subsequence#2#22,4672735/4672735_4_recent.py_find#3#29,4672735/4672735_4_9887445.py_find#3#29,4672735/4672735_4_9885376.py_find#3#29,4672735/4672735_4_9883611.py_find#3#29
/Users/chaiyong/Downloads/matcha/python_repos/yt-dlp/yt_dlp/utils/_utils.py__getter#2505#2523,34531621/34531621_2_recent.py_petsyay#10#20,34531621/34531621_2_original.py_petsyay#10#20,34531621/34531621_2_107415050.py_petsyay#10#20,34531621/34531621_2_107414957.py_petsyay#10#20,34531621/34531621_2_107414536.py_petsyay#10#20,14906547/14906547_2_original.py_toDict#9#25,14906547/14906547_2_36054019.py_toDict#9#25,58186716/58186716_2_recent.py_reprJSON#15#27,58186716/58186716_2_original.py_reprJSON#15#27,58186716/58186716_2_206397747.py_reprJSON#15#27,58186716/58186716_2_206397272.py_reprJSON#15#27
/Users/chaiyong/Downloads/matcha/python_repos/yt-dlp/yt_dlp/utils/_utils.py_cached_method#5048#5062,29583935/29583935_2_recent.py_check_params#8#19,29583935/29583935_2_original.py_check_params#8#19,29583935/29583935_2_87910946.py_check_params#8#19,29583935/29583935_2_87910391.py_check_params#8#19,29583935/29583935_2_87910157.py_check_params#8#19,50079753/50079753_6_recent.py_typeconversion#3#22,50079753/50079753_6_original.py_typeconversion#3#22,50079753/50079753_6_172318372.py_typeconversion#3#22,50079753/50079753_6_172318202.py_typeconversion#3#22
/Users/chaiyong/Downloads/matcha/python_repos/yt-dlp/yt_dlp/extractor/youtube/_tab.py_passthrough_smuggled_data#36#60,9112590/9112590_2_recent.py_logging#2#7,9112590/9112590_2_original.py_logging#1#6,9112590/9112590_2_20681129.py_logging#2#7,9112590/9112590_2_20680678.py_logging#2#7,9112590/9112590_2_20653898.py_logging#2#7,9112590/9112590_2_20653122.py_logging#2#7,9112590/9112590_2_20652828.py_logging#2#7,9112590/9112590_2_20650278.py_logging#2#7,9112590/9112590_2_20647203.py_logging#2#7,9112590/9112590_2_20647007.py_logging#1#6,9112590/9112590_2_146200279.py_logging#2#7,8198226/8198226_2_recent.py_validecorator#129#139,8198226/8198226_2_original.py_validecorator#129#139,8198226/8198226_2_54253413.py_validecorator#129#139,8198226/8198226_2_18300966.py_validecorator#129#139,7056374/7056374_2_recent.py_autorender#4#9,7056374/7056374_2_original.py_autorender#4#9,7056374/7056374_2_15484087.py_autorender#4#9,7056374/7056374_2_147111250.py_autorender#4#9,7004565/7004565_4_recent.py_decorator#20#26,7004565/7004565_4_original.py_decorator#20#26,7004565/7004565_4_15359552.py_decorator#20#26,7004565/7004565_2_15359442.py_decorator#20#26,7004565/7004565_2_15359329.py_decorator#20#26,7004565/7004565_2_15359285.py_decorator#20#26,64751188/64751188_2_recent.py_validate_max#3#13,64751188/64751188_2_recent.py_validate_max#16#21,64751188/64751188_2_original.py_validate_max#3#13,64751188/64751188_2_234545194.py_validate_max#3#13,64751188/64751188_2_234545194.py_validate_max#16#21,64751188/64751188_2_234544695.py_validate_max#3#13,64729759/64729759_6_recent.py_my_decorator#1#6,64729759/64729759_6_original.py_my_decorator#1#6,64729759/64729759_6_234452990.py_my_decorator#1#6,64729759/64729759_6_234451967.py_my_decorator#1#6,64680223/64680223_2_recent.py_with_printing#2#8,64680223/64680223_2_234232326.py_with_printing#2#8,64216534/64216534_2_recent.py_deco#13#18,64216534/64216534_2_232214098.py_deco#13#18,64216534/64216534_2_232213823.py_deco#13#18,63792624/63792624_2_recent.py_validated_content#2#10,63792624/63792624_2_original.py_validated_content#2#10,63792624/63792624_2_230400303.py_validated_content#2#10,63792624/63792624_2_230390645.py_validated_content#2#10,63104367/63104367_4_recent.py_timer#1#13,63104367/63104367_4_original.py_timer#1#13,63104367/63104367_4_227478233.py_timer#1#13,63104367/63104367_4_227477969.py_timer#1#13,63104367/63104367_4_227477748.py_timer#1#13,63104367/63104367_2_227477497.py_timer#1#13,62437650/62437650_2_recent.py_timed#5#13,62437650/62437650_2_original.py_timed#5#13,62437650/62437650_2_224457255.py_timed#5#13,62437650/62437650_2_224313515.py_timed#5#13,62189019/62189019_2_recent.py_selfy#3#17,62189019/62189019_2_original.py_selfy#3#14,62189019/62189019_2_223293093.py_selfy#3#17,62189019/62189019_2_223290034.py_selfy#3#16,62189019/62189019_2_223279414.py_selfy#3#16,62189019/62189019_2_223278888.py_selfy#3#14,61790791/61790791_4_recent.py_counter#1#7,61790791/61790791_4_original.py_counter#1#7,61790791/61790791_4_221606803.py_counter#1#7,61790791/61790791_4_221606466.py_counter#1#7,61790791/61790791_4_221606083.py_counter#1#7,61696640/61696640_4_recent.py_uppercase#3#9,61696640/61696640_4_original.py_uppercase#3#9,61696640/61696640_4_221224748.py_uppercase#3#9,61696640/61696640_4_221223425.py_uppercase#3#9,61648262/61648262_2_recent.py_time_func#3#9,61648262/61648262_2_original.py_time_func#2#8,61648262/61648262_2_221012015.py_time_func#3#9,61648262/61648262_2_221011429.py_time_func#2#8,61612995/61612995_2_recent.py_throttle#7#19,61612995/61612995_2_original.py_throttle#7#17,61612995/61612995_2_220870974.py_throttle#7#19,61612995/61612995_2_220868233.py_throttle#7#17,61532391/61532391_2_recent.py_decorator#8#21,61532391/61532391_2_220531634.py_decorator#8#21,61083295/61083295_2_recent.py_inspect#2#13,61083295/61083295_2_original.py_inspect#2#13,61083295/61083295_2_218650959.py_inspect#2#13,61083295/61083295_2_218650454.py_inspect#2#13,61083295/61083295_2_218650056.py_inspect#2#13,61062457/61062457_2_recent.py_time_this#11#19,61062457/61062457_2_original.py_time_this#12#21,61062457/61062457_2_218581149.py_time_this#11#19,61062457/61062457_2_218574314.py_time_this#11#19,61062457/61062457_2_218573919.py_time_this#11#19,61062457/61062457_2_218563499.py_time_this#12#21,60974965/60974965_4_recent.py_decorator#2#8,60974965/60974965_4_original.py_decorator#2#8,60974965/60974965_4_218188831.py_decorator#2#8,60974965/60974965_2_recent.py_mock_registration#1#7,60974965/60974965_2_original.py_mock_registration#1#8,60974965/60974965_2_218188831.py_mock_registration#1#7,60974965/60974965_2_218188206.py_mock_registration#1#8,60740375/60740375_4_original.py_decorator#3#11,60740375/60740375_2_217177425.py_decorator#3#11,60740375/60740375_2_217172776.py_decorator#3#11
/Users/chaiyong/Downloads/matcha/python_repos/yt-dlp/yt_dlp/jsinterp.py__js_bit_op#29#41,8859168/8859168_4_recent.py_func_logger#2#10,8859168/8859168_4_20003525.py_func_logger#2#10,8505074/8505074_2_recent.py_applyTopping2#8#13,8505074/8505074_2_recent.py_applyTopping1#1#6,8505074/8505074_2_original.py_applyTopping2#8#13,8505074/8505074_2_original.py_applyTopping1#1#6,8505074/8505074_2_19096018.py_applyTopping2#8#13,8505074/8505074_2_19096018.py_applyTopping1#1#6,65061633/65061633_8_recent.py_compose#4#10,65061633/65061633_8_original.py_compose#4#10,65061633/65061633_8_235900301.py_compose#4#10,65061633/65061633_8_235899747.py_compose#4#10,65061633/65061633_8_235899094.py_compose#4#10,65061633/65061633_8_235898642.py_compose#4#10,65061633/65061633_8_235898208.py_compose#4#10,64632553/64632553_4_recent.py_mydecorator#4#12,64632553/64632553_4_original.py_mydecorator#4#12,64632553/64632553_4_234034137.py_mydecorator#4#12,64632553/64632553_4_234033341.py_mydecorator#4#12,64632553/64632553_4_234031526.py_mydecorator#4#12,6356992/6356992_2_recent.py_counted#2#10,6356992/6356992_2_original.py_counted#2#10,6356992/6356992_2_13820127.py_counted#2#10,6356992/6356992_2_13819722.py_counted#2#10,62941009/62941009_2_recent.py_decorator#150#159,62941009/62941009_2_original.py_decorator#150#159,62941009/62941009_2_226783599.py_decorator#150#159,62941009/62941009_2_226779441.py_decorator#150#159,60819813/60819813_2_recent.py_use_slow#7#16,60819813/60819813_2_recent.py_use_fast#19#26,60819813/60819813_2_217602687.py_use_slow#7#16,60819813/60819813_2_217602687.py_use_fast#19#26,60819813/60819813_2_217600818.py_use_slow#7#16,60819813/60819813_2_217600818.py_use_fast#19#26,5974391/5974391_4_recent.py_wrapper#4#11,5974391/5974391_4_original.py_wrapper#4#11,5974391/5974391_4_145348636.py_wrapper#4#11,5974391/5974391_4_138640819.py_wrapper#4#11,5974391/5974391_4_13108634.py_wrapper#4#11,57669119/57669119_2_recent.py_decorator#2#10,57669119/57669119_2_recent.py_decorator#61#67,57669119/57669119_2_original.py_decorator#2#10,57669119/57669119_2_204229226.py_decorator#2#10,57669119/57669119_2_204229226.py_decorator#61#67,57669119/57669119_2_204228163.py_decorator#2#10,57211297/57211297_2_recent.py_repl_only#27#37,57211297/57211297_2_202292704.py_repl_only#27#37,57211297/57211297_2_202283682.py_repl_only#27#37,57211297/57211297_2_202283471.py_repl_only#25#34,54825044/54825044_4_recent.py_tf_custom_gradient_method#4#12,54825044/54825044_4_original.py_tf_custom_gradient_method#4#12,54825044/54825044_4_192197301.py_tf_custom_gradient_method#4#12,5481729/5481729_2_recent.py_log#2#12,5481729/5481729_2_original.py_log#3#13,5481729/5481729_2_195913378.py_log#2#12,5481729/5481729_2_195912958.py_log#2#12,5481729/5481729_2_11749295.py_log#3#13,54657250/54657250_2_recent.py_short_circuit#7#15,54657250/54657250_2_original.py_short_circuit#7#15,54657250/54657250_2_191500331.py_short_circuit#7#15,54657250/54657250_2_191500232.py_short_circuit#7#15,52921532/52921532_2_recent.py_log_entry_exit#4#10,52921532/52921532_2_original.py_log_entry_exit#4#10,52921532/52921532_2_184233323.py_log_entry_exit#4#10,52921532/52921532_2_184233027.py_log_entry_exit#4#10,52921532/52921532_2_184232806.py_log_entry_exit#4#10,50036860/50036860_8_recent.py_pathrouted#2#12,50036860/50036860_8_original.py_pathrouted#2#12,50036860/50036860_8_172132319.py_pathrouted#2#12,49078083/49078083_2_recent.py_timeit#7#14,49078083/49078083_2_original.py_timeit#7#14,49078083/49078083_2_168119005.py_timeit#7#14,49078083/49078083_2_168088158.py_timeit#7#14,49000737/49000737_10_recent.py_get_customer_from#2#8,49000737/49000737_10_original.py_get_customer_from#2#8,49000737/49000737_10_169958701.py_get_customer_from#2#8,49000737/49000737_10_167943376.py_get_customer_from#2#8,48027011/48027011_2_recent.py_check_method#2#7,48027011/48027011_2_original.py_check_empty#1#6,48027011/48027011_2_163695133.py_check_method#2#7,48027011/48027011_2_163692878.py_check_empty#1#6,47624548/47624548_2_recent.py_printer#4#12,47624548/47624548_2_original.py_printer#4#12,47624548/47624548_2_162018498.py_printer#4#12,47624548/47624548_2_161996957.py_printer#4#12,46664988/46664988_2_recent.py_autounpack#4#11,46664988/46664988_2_original.py_autounpack#4#11,46664988/46664988_2_158009999.py_autounpack#4#11,46664988/46664988_2_158009591.py_autounpack#4#11,44848567/44848567_4_recent.py_wrapper#2#9,44848567/44848567_4_original.py_wrapper#2#9,44848567/44848567_4_150565974.py_wrapper#2#9,44848567/44848567_4_150563753.py_wrapper#2#9,44848567/44848567_2_recent.py_wrapper#2#10,44848567/44848567_2_original.py_wrapper#2#10,44848567/44848567_2_150565974.py_wrapper#2#10,44848567/44848567_2_150563753.py_wrapper#2#10,42769789/42769789_4_recent.py_wrapper#2#7,42769789/42769789_4_167143579.py_wrapper#2#7,42769789/42769789_2_recent.py_wrapper#2#7
/Users/chaiyong/Downloads/matcha/python_repos/yt-dlp/yt_dlp/jsinterp.py__js_arith_op#44#51,8859168/8859168_4_recent.py_func_logger#2#10,8859168/8859168_4_20003525.py_func_logger#2#10,8505074/8505074_2_recent.py_applyTopping2#8#13,8505074/8505074_2_recent.py_applyTopping1#1#6,8505074/8505074_2_original.py_applyTopping2#8#13,8505074/8505074_2_original.py_applyTopping1#1#6,8505074/8505074_2_19096018.py_applyTopping2#8#13,8505074/8505074_2_19096018.py_applyTopping1#1#6,65061633/65061633_8_recent.py_compose#4#10,65061633/65061633_8_original.py_compose#4#10,65061633/65061633_8_235900301.py_compose#4#10,65061633/65061633_8_235899747.py_compose#4#10,65061633/65061633_8_235899094.py_compose#4#10,65061633/65061633_8_235898642.py_compose#4#10,65061633/65061633_8_235898208.py_compose#4#10,64632553/64632553_4_recent.py_mydecorator#4#12,64632553/64632553_4_original.py_mydecorator#4#12,64632553/64632553_4_234034137.py_mydecorator#4#12,64632553/64632553_4_234033341.py_mydecorator#4#12,64632553/64632553_4_234031526.py_mydecorator#4#12,6356992/6356992_2_recent.py_counted#2#10,6356992/6356992_2_original.py_counted#2#10,6356992/6356992_2_13820127.py_counted#2#10,6356992/6356992_2_13819722.py_counted#2#10,62941009/62941009_2_recent.py_decorator#150#159,62941009/62941009_2_original.py_decorator#150#159,62941009/62941009_2_226783599.py_decorator#150#159,62941009/62941009_2_226779441.py_decorator#150#159,60819813/60819813_2_recent.py_use_slow#7#16,60819813/60819813_2_recent.py_use_fast#19#26,60819813/60819813_2_217602687.py_use_slow#7#16,60819813/60819813_2_217602687.py_use_fast#19#26,60819813/60819813_2_217600818.py_use_slow#7#16,60819813/60819813_2_217600818.py_use_fast#19#26,5974391/5974391_4_recent.py_wrapper#4#11,5974391/5974391_4_original.py_wrapper#4#11,5974391/5974391_4_145348636.py_wrapper#4#11,5974391/5974391_4_138640819.py_wrapper#4#11,5974391/5974391_4_13108634.py_wrapper#4#11,57669119/57669119_2_recent.py_decorator#2#10,57669119/57669119_2_recent.py_decorator#61#67,57669119/57669119_2_original.py_decorator#2#10,57669119/57669119_2_204229226.py_decorator#2#10,57669119/57669119_2_204229226.py_decorator#61#67,57669119/57669119_2_204228163.py_decorator#2#10,57211297/57211297_2_recent.py_repl_only#27#37,57211297/57211297_2_202292704.py_repl_only#27#37,57211297/57211297_2_202283682.py_repl_only#27#37,57211297/57211297_2_202283471.py_repl_only#25#34,54825044/54825044_4_recent.py_tf_custom_gradient_method#4#12,54825044/54825044_4_original.py_tf_custom_gradient_method#4#12,54825044/54825044_4_192197301.py_tf_custom_gradient_method#4#12,5481729/5481729_2_recent.py_log#2#12,5481729/5481729_2_original.py_log#3#13,5481729/5481729_2_195913378.py_log#2#12,5481729/5481729_2_195912958.py_log#2#12,5481729/5481729_2_11749295.py_log#3#13,54657250/54657250_2_recent.py_short_circuit#7#15,54657250/54657250_2_original.py_short_circuit#7#15,54657250/54657250_2_191500331.py_short_circuit#7#15,54657250/54657250_2_191500232.py_short_circuit#7#15,52921532/52921532_2_recent.py_log_entry_exit#4#10,52921532/52921532_2_original.py_log_entry_exit#4#10,52921532/52921532_2_184233323.py_log_entry_exit#4#10,52921532/52921532_2_184233027.py_log_entry_exit#4#10,52921532/52921532_2_184232806.py_log_entry_exit#4#10,50036860/50036860_8_recent.py_pathrouted#2#12,50036860/50036860_8_original.py_pathrouted#2#12,50036860/50036860_8_172132319.py_pathrouted#2#12,49078083/49078083_2_recent.py_timeit#7#14,49078083/49078083_2_original.py_timeit#7#14,49078083/49078083_2_168119005.py_timeit#7#14,49078083/49078083_2_168088158.py_timeit#7#14,49000737/49000737_10_recent.py_get_customer_from#2#8,49000737/49000737_10_original.py_get_customer_from#2#8,49000737/49000737_10_169958701.py_get_customer_from#2#8,49000737/49000737_10_167943376.py_get_customer_from#2#8,48027011/48027011_2_recent.py_check_method#2#7,48027011/48027011_2_original.py_check_empty#1#6,48027011/48027011_2_163695133.py_check_method#2#7,48027011/48027011_2_163692878.py_check_empty#1#6,47624548/47624548_2_recent.py_printer#4#12,47624548/47624548_2_original.py_printer#4#12,47624548/47624548_2_162018498.py_printer#4#12,47624548/47624548_2_161996957.py_printer#4#12,46664988/46664988_2_recent.py_autounpack#4#11,46664988/46664988_2_original.py_autounpack#4#11,46664988/46664988_2_158009999.py_autounpack#4#11,46664988/46664988_2_158009591.py_autounpack#4#11,44848567/44848567_4_recent.py_wrapper#2#9,44848567/44848567_4_original.py_wrapper#2#9,44848567/44848567_4_150565974.py_wrapper#2#9,44848567/44848567_4_150563753.py_wrapper#2#9,44848567/44848567_2_recent.py_wrapper#2#10,44848567/44848567_2_original.py_wrapper#2#10,44848567/44848567_2_150565974.py_wrapper#2#10,44848567/44848567_2_150563753.py_wrapper#2#10,42769789/42769789_4_recent.py_wrapper#2#7,42769789/42769789_4_167143579.py_wrapper#2#7,42769789/42769789_2_recent.py_wrapper#2#7
/Users/chaiyong/Downloads/matcha/python_repos/yt-dlp/yt_dlp/jsinterp.py__js_eq_op#74#81,8859168/8859168_4_recent.py_func_logger#2#10,8859168/8859168_4_20003525.py_func_logger#2#10,8505074/8505074_2_recent.py_applyTopping2#8#13,8505074/8505074_2_recent.py_applyTopping1#1#6,8505074/8505074_2_original.py_applyTopping2#8#13,8505074/8505074_2_original.py_applyTopping1#1#6,8505074/8505074_2_19096018.py_applyTopping2#8#13,8505074/8505074_2_19096018.py_applyTopping1#1#6,65061633/65061633_8_recent.py_compose#4#10,65061633/65061633_8_original.py_compose#4#10,65061633/65061633_8_235900301.py_compose#4#10,65061633/65061633_8_235899747.py_compose#4#10,65061633/65061633_8_235899094.py_compose#4#10,65061633/65061633_8_235898642.py_compose#4#10,65061633/65061633_8_235898208.py_compose#4#10,64632553/64632553_4_recent.py_mydecorator#4#12,64632553/64632553_4_original.py_mydecorator#4#12,64632553/64632553_4_234034137.py_mydecorator#4#12,64632553/64632553_4_234033341.py_mydecorator#4#12,64632553/64632553_4_234031526.py_mydecorator#4#12,6356992/6356992_2_recent.py_counted#2#10,6356992/6356992_2_original.py_counted#2#10,6356992/6356992_2_13820127.py_counted#2#10,6356992/6356992_2_13819722.py_counted#2#10,62941009/62941009_2_recent.py_decorator#150#159,62941009/62941009_2_original.py_decorator#150#159,62941009/62941009_2_226783599.py_decorator#150#159,62941009/62941009_2_226779441.py_decorator#150#159,60819813/60819813_2_recent.py_use_slow#7#16,60819813/60819813_2_recent.py_use_fast#19#26,60819813/60819813_2_217602687.py_use_slow#7#16,60819813/60819813_2_217602687.py_use_fast#19#26,60819813/60819813_2_217600818.py_use_slow#7#16,60819813/60819813_2_217600818.py_use_fast#19#26,5974391/5974391_4_recent.py_wrapper#4#11,5974391/5974391_4_original.py_wrapper#4#11,5974391/5974391_4_145348636.py_wrapper#4#11,5974391/5974391_4_138640819.py_wrapper#4#11,5974391/5974391_4_13108634.py_wrapper#4#11,57669119/57669119_2_recent.py_decorator#2#10,57669119/57669119_2_recent.py_decorator#61#67,57669119/57669119_2_original.py_decorator#2#10,57669119/57669119_2_204229226.py_decorator#2#10,57669119/57669119_2_204229226.py_decorator#61#67,57669119/57669119_2_204228163.py_decorator#2#10,57211297/57211297_2_recent.py_repl_only#27#37,57211297/57211297_2_202292704.py_repl_only#27#37,57211297/57211297_2_202283682.py_repl_only#27#37,57211297/57211297_2_202283471.py_repl_only#25#34,54825044/54825044_4_recent.py_tf_custom_gradient_method#4#12,54825044/54825044_4_original.py_tf_custom_gradient_method#4#12,54825044/54825044_4_192197301.py_tf_custom_gradient_method#4#12,5481729/5481729_2_recent.py_log#2#12,5481729/5481729_2_original.py_log#3#13,5481729/5481729_2_195913378.py_log#2#12,5481729/5481729_2_195912958.py_log#2#12,5481729/5481729_2_11749295.py_log#3#13,54657250/54657250_2_recent.py_short_circuit#7#15,54657250/54657250_2_original.py_short_circuit#7#15,54657250/54657250_2_191500331.py_short_circuit#7#15,54657250/54657250_2_191500232.py_short_circuit#7#15,52921532/52921532_2_recent.py_log_entry_exit#4#10,52921532/52921532_2_original.py_log_entry_exit#4#10,52921532/52921532_2_184233323.py_log_entry_exit#4#10,52921532/52921532_2_184233027.py_log_entry_exit#4#10,52921532/52921532_2_184232806.py_log_entry_exit#4#10,50036860/50036860_8_recent.py_pathrouted#2#12,50036860/50036860_8_original.py_pathrouted#2#12,50036860/50036860_8_172132319.py_pathrouted#2#12,49078083/49078083_2_recent.py_timeit#7#14,49078083/49078083_2_original.py_timeit#7#14,49078083/49078083_2_168119005.py_timeit#7#14,49078083/49078083_2_168088158.py_timeit#7#14,49000737/49000737_10_recent.py_get_customer_from#2#8,49000737/49000737_10_original.py_get_customer_from#2#8,49000737/49000737_10_169958701.py_get_customer_from#2#8,49000737/49000737_10_167943376.py_get_customer_from#2#8,48027011/48027011_2_recent.py_check_method#2#7,48027011/48027011_2_original.py_check_empty#1#6,48027011/48027011_2_163695133.py_check_method#2#7,48027011/48027011_2_163692878.py_check_empty#1#6,47624548/47624548_2_recent.py_printer#4#12,47624548/47624548_2_original.py_printer#4#12,47624548/47624548_2_162018498.py_printer#4#12,47624548/47624548_2_161996957.py_printer#4#12,46664988/46664988_2_recent.py_autounpack#4#11,46664988/46664988_2_original.py_autounpack#4#11,46664988/46664988_2_158009999.py_autounpack#4#11,46664988/46664988_2_158009591.py_autounpack#4#11,44848567/44848567_4_recent.py_wrapper#2#9,44848567/44848567_4_original.py_wrapper#2#9,44848567/44848567_4_150565974.py_wrapper#2#9,44848567/44848567_4_150563753.py_wrapper#2#9,44848567/44848567_2_recent.py_wrapper#2#10,44848567/44848567_2_original.py_wrapper#2#10,44848567/44848567_2_150565974.py_wrapper#2#10,44848567/44848567_2_150563753.py_wrapper#2#10,42769789/42769789_4_recent.py_wrapper#2#7,42769789/42769789_4_167143579.py_wrapper#2#7,42769789/42769789_2_recent.py_wrapper#2#7
/Users/chaiyong/Downloads/matcha/python_repos/yt-dlp/yt_dlp/jsinterp.py__js_comp_op#84#93,8859168/8859168_4_recent.py_func_logger#2#10,8859168/8859168_4_20003525.py_func_logger#2#10,8505074/8505074_2_recent.py_applyTopping2#8#13,8505074/8505074_2_recent.py_applyTopping1#1#6,8505074/8505074_2_original.py_applyTopping2#8#13,8505074/8505074_2_original.py_applyTopping1#1#6,8505074/8505074_2_19096018.py_applyTopping2#8#13,8505074/8505074_2_19096018.py_applyTopping1#1#6,65061633/65061633_8_recent.py_compose#4#10,65061633/65061633_8_original.py_compose#4#10,65061633/65061633_8_235900301.py_compose#4#10,65061633/65061633_8_235899747.py_compose#4#10,65061633/65061633_8_235899094.py_compose#4#10,65061633/65061633_8_235898642.py_compose#4#10,65061633/65061633_8_235898208.py_compose#4#10,64632553/64632553_4_recent.py_mydecorator#4#12,64632553/64632553_4_original.py_mydecorator#4#12,64632553/64632553_4_234034137.py_mydecorator#4#12,64632553/64632553_4_234033341.py_mydecorator#4#12,64632553/64632553_4_234031526.py_mydecorator#4#12,6356992/6356992_2_recent.py_counted#2#10,6356992/6356992_2_original.py_counted#2#10,6356992/6356992_2_13820127.py_counted#2#10,6356992/6356992_2_13819722.py_counted#2#10,62941009/62941009_2_recent.py_decorator#150#159,62941009/62941009_2_original.py_decorator#150#159,62941009/62941009_2_226783599.py_decorator#150#159,62941009/62941009_2_226779441.py_decorator#150#159,60819813/60819813_2_recent.py_use_slow#7#16,60819813/60819813_2_recent.py_use_fast#19#26,60819813/60819813_2_217602687.py_use_slow#7#16,60819813/60819813_2_217602687.py_use_fast#19#26,60819813/60819813_2_217600818.py_use_slow#7#16,60819813/60819813_2_217600818.py_use_fast#19#26,5974391/5974391_4_recent.py_wrapper#4#11,5974391/5974391_4_original.py_wrapper#4#11,5974391/5974391_4_145348636.py_wrapper#4#11,5974391/5974391_4_138640819.py_wrapper#4#11,5974391/5974391_4_13108634.py_wrapper#4#11,57669119/57669119_2_recent.py_decorator#2#10,57669119/57669119_2_recent.py_decorator#61#67,57669119/57669119_2_original.py_decorator#2#10,57669119/57669119_2_204229226.py_decorator#2#10,57669119/57669119_2_204229226.py_decorator#61#67,57669119/57669119_2_204228163.py_decorator#2#10,57211297/57211297_2_recent.py_repl_only#27#37,57211297/57211297_2_202292704.py_repl_only#27#37,57211297/57211297_2_202283682.py_repl_only#27#37,57211297/57211297_2_202283471.py_repl_only#25#34,54825044/54825044_4_recent.py_tf_custom_gradient_method#4#12,54825044/54825044_4_original.py_tf_custom_gradient_method#4#12,54825044/54825044_4_192197301.py_tf_custom_gradient_method#4#12,5481729/5481729_2_recent.py_log#2#12,5481729/5481729_2_original.py_log#3#13,5481729/5481729_2_195913378.py_log#2#12,5481729/5481729_2_195912958.py_log#2#12,5481729/5481729_2_11749295.py_log#3#13,54657250/54657250_2_recent.py_short_circuit#7#15,54657250/54657250_2_original.py_short_circuit#7#15,54657250/54657250_2_191500331.py_short_circuit#7#15,54657250/54657250_2_191500232.py_short_circuit#7#15,52921532/52921532_2_recent.py_log_entry_exit#4#10,52921532/52921532_2_original.py_log_entry_exit#4#10,52921532/52921532_2_184233323.py_log_entry_exit#4#10,52921532/52921532_2_184233027.py_log_entry_exit#4#10,52921532/52921532_2_184232806.py_log_entry_exit#4#10,50036860/50036860_8_recent.py_pathrouted#2#12,50036860/50036860_8_original.py_pathrouted#2#12,50036860/50036860_8_172132319.py_pathrouted#2#12,49078083/49078083_2_recent.py_timeit#7#14,49078083/49078083_2_original.py_timeit#7#14,49078083/49078083_2_168119005.py_timeit#7#14,49078083/49078083_2_168088158.py_timeit#7#14,49000737/49000737_10_recent.py_get_customer_from#2#8,49000737/49000737_10_original.py_get_customer_from#2#8,49000737/49000737_10_169958701.py_get_customer_from#2#8,49000737/49000737_10_167943376.py_get_customer_from#2#8,48027011/48027011_2_recent.py_check_method#2#7,48027011/48027011_2_original.py_check_empty#1#6,48027011/48027011_2_163695133.py_check_method#2#7,48027011/48027011_2_163692878.py_check_empty#1#6,47624548/47624548_2_recent.py_printer#4#12,47624548/47624548_2_original.py_printer#4#12,47624548/47624548_2_162018498.py_printer#4#12,47624548/47624548_2_161996957.py_printer#4#12,46664988/46664988_2_recent.py_autounpack#4#11,46664988/46664988_2_original.py_autounpack#4#11,46664988/46664988_2_158009999.py_autounpack#4#11,46664988/46664988_2_158009591.py_autounpack#4#11,44848567/44848567_4_recent.py_wrapper#2#9,44848567/44848567_4_original.py_wrapper#2#9,44848567/44848567_4_150565974.py_wrapper#2#9,44848567/44848567_4_150563753.py_wrapper#2#9,44848567/44848567_2_recent.py_wrapper#2#10,44848567/44848567_2_original.py_wrapper#2#10,44848567/44848567_2_150565974.py_wrapper#2#10,44848567/44848567_2_150563753.py_wrapper#2#10,42769789/42769789_4_recent.py_wrapper#2#7,42769789/42769789_4_167143579.py_wrapper#2#7,42769789/42769789_2_recent.py_wrapper#2#7
/Users/chaiyong/Downloads/matcha/python_repos/yt-dlp/yt_dlp/jsinterp.py_wrap_interpreter#252#268,4720439/4720439_2_recent.py_decorator#7#12,4720439/4720439_2_original.py_decorator#7#12,4720439/4720439_2_9995793.py_decorator#7#12,4720439/4720439_2_9986910.py_decorator#7#12,53563333/53563333_2_recent.py_add#4#9,53563333/53563333_2_original.py_add#4#9,53563333/53563333_2_186912245.py_add#4#9,53563333/53563333_2_186911775.py_add#4#9,53563333/53563333_2_186911343.py_add#4#9,53563333/53563333_2_186911031.py_add#4#9,53563333/53563333_2_186910732.py_add#4#9,53563333/53563333_2_186910435.py_add#4#9,53563333/53563333_10_recent.py_add#5#10,53563333/53563333_10_original.py_add#5#10,53563333/53563333_10_186912245.py_add#5#10
/Users/chaiyong/Downloads/matcha/python_repos/yt-dlp/yt_dlp/YoutubeDL.py__catch_unsafe_extension_error#191#202,9112590/9112590_2_recent.py_logging#2#7,9112590/9112590_2_original.py_logging#1#6,9112590/9112590_2_20681129.py_logging#2#7,9112590/9112590_2_20680678.py_logging#2#7,9112590/9112590_2_20653898.py_logging#2#7,9112590/9112590_2_20653122.py_logging#2#7,9112590/9112590_2_20652828.py_logging#2#7,9112590/9112590_2_20650278.py_logging#2#7,9112590/9112590_2_20647203.py_logging#2#7,9112590/9112590_2_20647007.py_logging#1#6,9112590/9112590_2_146200279.py_logging#2#7,8198226/8198226_2_recent.py_validecorator#129#139,8198226/8198226_2_original.py_validecorator#129#139,8198226/8198226_2_54253413.py_validecorator#129#139,8198226/8198226_2_18300966.py_validecorator#129#139,7056374/7056374_2_recent.py_autorender#4#9,7056374/7056374_2_original.py_autorender#4#9,7056374/7056374_2_15484087.py_autorender#4#9,7056374/7056374_2_147111250.py_autorender#4#9,7004565/7004565_4_recent.py_decorator#20#26,7004565/7004565_4_original.py_decorator#20#26,7004565/7004565_4_15359552.py_decorator#20#26,7004565/7004565_2_15359442.py_decorator#20#26,7004565/7004565_2_15359329.py_decorator#20#26,7004565/7004565_2_15359285.py_decorator#20#26,64751188/64751188_2_recent.py_validate_max#3#13,64751188/64751188_2_recent.py_validate_max#16#21,64751188/64751188_2_original.py_validate_max#3#13,64751188/64751188_2_234545194.py_validate_max#3#13,64751188/64751188_2_234545194.py_validate_max#16#21,64751188/64751188_2_234544695.py_validate_max#3#13,64729759/64729759_6_recent.py_my_decorator#1#6,64729759/64729759_6_original.py_my_decorator#1#6,64729759/64729759_6_234452990.py_my_decorator#1#6,64729759/64729759_6_234451967.py_my_decorator#1#6,64680223/64680223_2_recent.py_with_printing#2#8,64680223/64680223_2_234232326.py_with_printing#2#8,64216534/64216534_2_recent.py_deco#13#18,64216534/64216534_2_232214098.py_deco#13#18,64216534/64216534_2_232213823.py_deco#13#18,63792624/63792624_2_recent.py_validated_content#2#10,63792624/63792624_2_original.py_validated_content#2#10,63792624/63792624_2_230400303.py_validated_content#2#10,63792624/63792624_2_230390645.py_validated_content#2#10,63104367/63104367_4_recent.py_timer#1#13,63104367/63104367_4_original.py_timer#1#13,63104367/63104367_4_227478233.py_timer#1#13,63104367/63104367_4_227477969.py_timer#1#13,63104367/63104367_4_227477748.py_timer#1#13,63104367/63104367_2_227477497.py_timer#1#13,62437650/62437650_2_recent.py_timed#5#13,62437650/62437650_2_original.py_timed#5#13,62437650/62437650_2_224457255.py_timed#5#13,62437650/62437650_2_224313515.py_timed#5#13,62189019/62189019_2_recent.py_selfy#3#17,62189019/62189019_2_original.py_selfy#3#14,62189019/62189019_2_223293093.py_selfy#3#17,62189019/62189019_2_223290034.py_selfy#3#16,62189019/62189019_2_223279414.py_selfy#3#16,62189019/62189019_2_223278888.py_selfy#3#14,61790791/61790791_4_recent.py_counter#1#7,61790791/61790791_4_original.py_counter#1#7,61790791/61790791_4_221606803.py_counter#1#7,61790791/61790791_4_221606466.py_counter#1#7,61790791/61790791_4_221606083.py_counter#1#7,61696640/61696640_4_recent.py_uppercase#3#9,61696640/61696640_4_original.py_uppercase#3#9,61696640/61696640_4_221224748.py_uppercase#3#9,61696640/61696640_4_221223425.py_uppercase#3#9,61648262/61648262_2_recent.py_time_func#3#9,61648262/61648262_2_original.py_time_func#2#8,61648262/61648262_2_221012015.py_time_func#3#9,61648262/61648262_2_221011429.py_time_func#2#8,61612995/61612995_2_recent.py_throttle#7#19,61612995/61612995_2_original.py_throttle#7#17,61612995/61612995_2_220870974.py_throttle#7#19,61612995/61612995_2_220868233.py_throttle#7#17,61532391/61532391_2_recent.py_decorator#8#21,61532391/61532391_2_220531634.py_decorator#8#21,61083295/61083295_2_recent.py_inspect#2#13,61083295/61083295_2_original.py_inspect#2#13,61083295/61083295_2_218650959.py_inspect#2#13,61083295/61083295_2_218650454.py_inspect#2#13,61083295/61083295_2_218650056.py_inspect#2#13,61062457/61062457_2_recent.py_time_this#11#19,61062457/61062457_2_original.py_time_this#12#21,61062457/61062457_2_218581149.py_time_this#11#19,61062457/61062457_2_218574314.py_time_this#11#19,61062457/61062457_2_218573919.py_time_this#11#19,61062457/61062457_2_218563499.py_time_this#12#21,60974965/60974965_4_recent.py_decorator#2#8,60974965/60974965_4_original.py_decorator#2#8,60974965/60974965_4_218188831.py_decorator#2#8,60974965/60974965_2_recent.py_mock_registration#1#7,60974965/60974965_2_original.py_mock_registration#1#8,60974965/60974965_2_218188831.py_mock_registration#1#7,60974965/60974965_2_218188206.py_mock_registration#1#8,60740375/60740375_4_original.py_decorator#3#11,60740375/60740375_2_217177425.py_decorator#3#11,60740375/60740375_2_217172776.py_decorator#3#11
/Users/chaiyong/Downloads/matcha/python_repos/yt-dlp/yt_dlp/YoutubeDL.py__handle_extraction_exceptions#1727#1757,9112590/9112590_2_recent.py_logging#2#7,9112590/9112590_2_original.py_logging#1#6,9112590/9112590_2_20681129.py_logging#2#7,9112590/9112590_2_20680678.py_logging#2#7,9112590/9112590_2_20653898.py_logging#2#7,9112590/9112590_2_20653122.py_logging#2#7,9112590/9112590_2_20652828.py_logging#2#7,9112590/9112590_2_20650278.py_logging#2#7,9112590/9112590_2_20647203.py_logging#2#7,9112590/9112590_2_20647007.py_logging#1#6,9112590/9112590_2_146200279.py_logging#2#7,8198226/8198226_2_recent.py_validecorator#129#139,8198226/8198226_2_original.py_validecorator#129#139,8198226/8198226_2_54253413.py_validecorator#129#139,8198226/8198226_2_18300966.py_validecorator#129#139,7056374/7056374_2_recent.py_autorender#4#9,7056374/7056374_2_original.py_autorender#4#9,7056374/7056374_2_15484087.py_autorender#4#9,7056374/7056374_2_147111250.py_autorender#4#9,7004565/7004565_4_recent.py_decorator#20#26,7004565/7004565_4_original.py_decorator#20#26,7004565/7004565_4_15359552.py_decorator#20#26,7004565/7004565_2_15359442.py_decorator#20#26,7004565/7004565_2_15359329.py_decorator#20#26,7004565/7004565_2_15359285.py_decorator#20#26,64751188/64751188_2_recent.py_validate_max#3#13,64751188/64751188_2_recent.py_validate_max#16#21,64751188/64751188_2_original.py_validate_max#3#13,64751188/64751188_2_234545194.py_validate_max#3#13,64751188/64751188_2_234545194.py_validate_max#16#21,64751188/64751188_2_234544695.py_validate_max#3#13,64729759/64729759_6_recent.py_my_decorator#1#6,64729759/64729759_6_original.py_my_decorator#1#6,64729759/64729759_6_234452990.py_my_decorator#1#6,64729759/64729759_6_234451967.py_my_decorator#1#6,64680223/64680223_2_recent.py_with_printing#2#8,64680223/64680223_2_234232326.py_with_printing#2#8,64216534/64216534_2_recent.py_deco#13#18,64216534/64216534_2_232214098.py_deco#13#18,64216534/64216534_2_232213823.py_deco#13#18,63792624/63792624_2_recent.py_validated_content#2#10,63792624/63792624_2_original.py_validated_content#2#10,63792624/63792624_2_230400303.py_validated_content#2#10,63792624/63792624_2_230390645.py_validated_content#2#10,63104367/63104367_4_recent.py_timer#1#13,63104367/63104367_4_original.py_timer#1#13,63104367/63104367_4_227478233.py_timer#1#13,63104367/63104367_4_227477969.py_timer#1#13,63104367/63104367_4_227477748.py_timer#1#13,63104367/63104367_2_227477497.py_timer#1#13,62437650/62437650_2_recent.py_timed#5#13,62437650/62437650_2_original.py_timed#5#13,62437650/62437650_2_224457255.py_timed#5#13,62437650/62437650_2_224313515.py_timed#5#13,62189019/62189019_2_recent.py_selfy#3#17,62189019/62189019_2_original.py_selfy#3#14,62189019/62189019_2_223293093.py_selfy#3#17,62189019/62189019_2_223290034.py_selfy#3#16,62189019/62189019_2_223279414.py_selfy#3#16,62189019/62189019_2_223278888.py_selfy#3#14,61790791/61790791_4_recent.py_counter#1#7,61790791/61790791_4_original.py_counter#1#7,61790791/61790791_4_221606803.py_counter#1#7,61790791/61790791_4_221606466.py_counter#1#7,61790791/61790791_4_221606083.py_counter#1#7,61696640/61696640_4_recent.py_uppercase#3#9,61696640/61696640_4_original.py_uppercase#3#9,61696640/61696640_4_221224748.py_uppercase#3#9,61696640/61696640_4_221223425.py_uppercase#3#9,61648262/61648262_2_recent.py_time_func#3#9,61648262/61648262_2_original.py_time_func#2#8,61648262/61648262_2_221012015.py_time_func#3#9,61648262/61648262_2_221011429.py_time_func#2#8,61612995/61612995_2_recent.py_throttle#7#19,61612995/61612995_2_original.py_throttle#7#17,61612995/61612995_2_220870974.py_throttle#7#19,61612995/61612995_2_220868233.py_throttle#7#17,61532391/61532391_2_recent.py_decorator#8#21,61532391/61532391_2_220531634.py_decorator#8#21,61083295/61083295_2_recent.py_inspect#2#13,61083295/61083295_2_original.py_inspect#2#13,61083295/61083295_2_218650959.py_inspect#2#13,61083295/61083295_2_218650454.py_inspect#2#13,61083295/61083295_2_218650056.py_inspect#2#13,61062457/61062457_2_recent.py_time_this#11#19,61062457/61062457_2_original.py_time_this#12#21,61062457/61062457_2_218581149.py_time_this#11#19,61062457/61062457_2_218574314.py_time_this#11#19,61062457/61062457_2_218573919.py_time_this#11#19,61062457/61062457_2_218563499.py_time_this#12#21,60974965/60974965_4_recent.py_decorator#2#8,60974965/60974965_4_original.py_decorator#2#8,60974965/60974965_4_218188831.py_decorator#2#8,60974965/60974965_2_recent.py_mock_registration#1#7,60974965/60974965_2_original.py_mock_registration#1#8,60974965/60974965_2_218188831.py_mock_registration#1#7,60974965/60974965_2_218188206.py_mock_registration#1#8,60740375/60740375_4_original.py_decorator#3#11,60740375/60740375_2_217177425.py_decorator#3#11,60740375/60740375_2_217172776.py_decorator#3#11
/Users/chaiyong/Downloads/matcha/python_repos/yt-dlp/yt_dlp/YoutubeDL.py___download_wrapper#3684#3702,34038773/34038773_2_recent.py__notify#65#70,34038773/34038773_2_original.py__notify#65#70,34038773/34038773_2_146147193.py__notify#65#70,34038773/34038773_2_105437079.py__notify#65#70,25580450/25580450_2_recent.py__call_with_reconnect#2#12,25580450/25580450_2_original.py__call_with_reconnect#2#13,25580450/25580450_2_73006813.py__call_with_reconnect#2#12,25580450/25580450_2_72512159.py__call_with_reconnect#2#12,25580450/25580450_2_72511969.py__call_with_reconnect#2#12,25580450/25580450_2_72510839.py__call_with_reconnect#2#13,2181312/2181312_1_recent.py___call__#2#7,2181312/2181312_1_4407591.py___call__#2#7,21796867/21796867_2_recent.py__call_with_reconnect#18#25,21796867/21796867_2_original.py__call_with_reconnect#18#25,21796867/21796867_2_58109847.py__call_with_reconnect#18#25,21796867/21796867_2_58100895.py__call_with_reconnect#18#25,2039827/2039827_2_recent.py___call__#30#38,2039827/2039827_2_original.py___call__#30#38,2039827/2039827_2_4138055.py___call__#30#38,2039827/2039827_2_4136905.py___call__#30#38,2039827/2039827_2_4106866.py___call__#30#38,2039827/2039827_2_4106632.py___call__#30#38,2036347/2036347_6_recent.py___call__#5#13,2036347/2036347_6_original.py___call__#5#13,2036347/2036347_6_4099405.py___call__#5#13,19446742/19446742_2_recent.py___call__#13#18,19446742/19446742_2_49575547.py___call__#13#18,14802750/14802750_6_recent.py_Test_method_2#2#7,14802750/14802750_6_35773220.py_Test_method_2#2#7,14802750/14802750_6_35772896.py_Test_method_2#2#7,14802750/14802750_6_35772734.py_Test_method_2#2#7,51976897/51976897_2_recent.py_counter#1#6,51976897/51976897_2_original.py_counter#1#6,51976897/51976897_2_180291278.py_counter#1#6,51976897/51976897_2_180291222.py_counter#1#6,51976897/51976897_2_180291001.py_counter#1#6,2181312/2181312_1_original.py___call__#2#8,2181312/2181312_1_4407511.py___call__#2#8,63210327/63210327_2_recent.py_autoclick#6#13,63210327/63210327_2_227927099.py_autoclick#6#13,8092376/8092376_6_recent.py_closure#2#7,8092376/8092376_6_original.py_closure#2#7,8092376/8092376_6_18030316.py_closure#2#7,8092376/8092376_6_18030207.py_closure#2#7,63773368/63773368_2_recent.py_make_wrapper#22#27,63773368/63773368_2_230314543.py_make_wrapper#22#27,63773368/63773368_2_230312918.py_make_wrapper#22#27,11892178/11892178_4_recent.py_deco#13#18,11892178/11892178_4_original.py_deco#13#18,11892178/11892178_4_27810488.py_deco#13#18,32308461/32308461_2_recent.py_add_handler#1#8,32308461/32308461_2_original.py_add_handler#1#8,32308461/32308461_2_98587759.py_add_handler#1#8,32308461/32308461_2_98587343.py_add_handler#1#8,9112590/9112590_2_recent.py_logging#2#7,9112590/9112590_2_original.py_logging#1#6,9112590/9112590_2_20681129.py_logging#2#7,9112590/9112590_2_20680678.py_logging#2#7,9112590/9112590_2_20653898.py_logging#2#7,9112590/9112590_2_20653122.py_logging#2#7,9112590/9112590_2_20652828.py_logging#2#7,9112590/9112590_2_20650278.py_logging#2#7,9112590/9112590_2_20647203.py_logging#2#7,9112590/9112590_2_20647007.py_logging#1#6,9112590/9112590_2_146200279.py_logging#2#7,8198226/8198226_2_recent.py_validecorator#129#139,8198226/8198226_2_original.py_validecorator#129#139,8198226/8198226_2_54253413.py_validecorator#129#139,8198226/8198226_2_18300966.py_validecorator#129#139,7056374/7056374_2_recent.py_autorender#4#9,7056374/7056374_2_original.py_autorender#4#9,7056374/7056374_2_15484087.py_autorender#4#9,7056374/7056374_2_147111250.py_autorender#4#9,7004565/7004565_4_recent.py_decorator#20#26,7004565/7004565_4_original.py_decorator#20#26,7004565/7004565_4_15359552.py_decorator#20#26,7004565/7004565_2_15359442.py_decorator#20#26,7004565/7004565_2_15359329.py_decorator#20#26,7004565/7004565_2_15359285.py_decorator#20#26,64751188/64751188_2_recent.py_validate_max#3#13,64751188/64751188_2_recent.py_validate_max#16#21,64751188/64751188_2_original.py_validate_max#3#13,64751188/64751188_2_234545194.py_validate_max#3#13,64751188/64751188_2_234545194.py_validate_max#16#21,64751188/64751188_2_234544695.py_validate_max#3#13,64729759/64729759_6_recent.py_my_decorator#1#6,64729759/64729759_6_original.py_my_decorator#1#6,64729759/64729759_6_234452990.py_my_decorator#1#6,64729759/64729759_6_234451967.py_my_decorator#1#6,64680223/64680223_2_recent.py_with_printing#2#8,64680223/64680223_2_234232326.py_with_printing#2#8,64216534/64216534_2_recent.py_deco#13#18,64216534/64216534_2_232214098.py_deco#13#18,64216534/64216534_2_232213823.py_deco#13#18,63792624/63792624_2_recent.py_validated_content#2#10,63792624/63792624_2_original.py_validated_content#2#10,63792624/63792624_2_230400303.py_validated_content#2#10,63792624/63792624_2_230390645.py_validated_content#2#10,63104367/63104367_4_recent.py_timer#1#13,63104367/63104367_4_original.py_timer#1#13
/Users/chaiyong/Downloads/matcha/python_repos/yt-dlp/test/helper.py_try_rm#37#43,26654245/26654245_2_recent.py_move#2#40,26654245/26654245_2_original.py_move#2#40,26654245/26654245_2_76618719.py_move#2#40,26654245/26654245_2_76617392.py_move#2#40,26654245/26654245_2_76616562.py_move#2#40,26654245/26654245_2_76615766.py_move#2#40,26654245/26654245_2_76614808.py_move#2#40
